action_key,provenance_ref,source_operation_id,method,browser_path,owner_path,owner_service,authorization_capabilities,step_up_policy,idempotency_policy,implementation_state,production_state
hris.action.ai.assist.create,MODOP:modern.ai.assist.create,modern.ai.assist.create,POST,/api/platform/v1/hris/ai-assistance,/v1/hris/ai-assistance,dwp-platform-server,hcm.ai.assist.use,OWNER_PEP_RISK_POLICY_DECISION_REQUIRED,REQUIRED_IDEMPOTENCY_KEY,REQUIRED_G3_ACTION_DESCRIPTOR_NOT_IMPLEMENTED,NOT_AUTHORIZED_G6
hris.action.ai.kill.switch,MODOP:modern.ai.kill.switch,modern.ai.kill.switch,POST,/api/platform/v1/admin/hris/ai-governance/kill-switches/{useCaseKey}/execute,/v1/admin/hris/ai-governance/kill-switches/{useCaseKey}/execute,dwp-platform-server,hcm.ai.kill-switch.execute,OWNER_PEP_RISK_POLICY_DECISION_REQUIRED,REQUIRED_IDEMPOTENCY_KEY,REQUIRED_G3_ACTION_DESCRIPTOR_NOT_IMPLEMENTED,NOT_AUTHORIZED_G6
hris.action.ai.policy.create,MODOP:modern.ai.policy.create,modern.ai.policy.create,POST,/api/platform/v1/admin/hris/ai-governance/policies,/v1/admin/hris/ai-governance/policies,dwp-platform-server,hcm.ai.policy.manage,OWNER_PEP_RISK_POLICY_DECISION_REQUIRED,REQUIRED_IDEMPOTENCY_KEY,REQUIRED_G3_ACTION_DESCRIPTOR_NOT_IMPLEMENTED,NOT_AUTHORIZED_G6
hris.action.ai.policy.evaluate,MODOP:modern.ai.policy.evaluate,modern.ai.policy.evaluate,POST,/api/platform/v1/admin/hris/ai-governance/policies/{policyId}/evaluations,/v1/admin/hris/ai-governance/policies/{policyId}/evaluations,dwp-platform-server,hcm.ai.policy.manage,OWNER_PEP_RISK_POLICY_DECISION_REQUIRED,REQUIRED_IDEMPOTENCY_KEY,REQUIRED_G3_ACTION_DESCRIPTOR_NOT_IMPLEMENTED,NOT_AUTHORIZED_G6
hris.action.ai.policy.publish,MODOP:modern.ai.policy.publish,modern.ai.policy.publish,POST,/api/platform/v1/admin/hris/ai-governance/policies/{policyId}/publish,/v1/admin/hris/ai-governance/policies/{policyId}/publish,dwp-platform-server,hcm.ai.policy.manage,OWNER_PEP_RISK_POLICY_DECISION_REQUIRED,REQUIRED_IDEMPOTENCY_KEY,REQUIRED_G3_ACTION_DESCRIPTOR_NOT_IMPLEMENTED,NOT_AUTHORIZED_G6
hris.action.ai.policy.retire,MODOP:modern.ai.policy.retire,modern.ai.policy.retire,POST,/api/platform/v1/admin/hris/ai-governance/policies/{policyId}/retire,/v1/admin/hris/ai-governance/policies/{policyId}/retire,dwp-platform-server,hcm.ai.policy.manage,OWNER_PEP_RISK_POLICY_DECISION_REQUIRED,REQUIRED_IDEMPOTENCY_KEY,REQUIRED_G3_ACTION_DESCRIPTOR_NOT_IMPLEMENTED,NOT_AUTHORIZED_G6
hris.action.analytics.export.create,MODOP:modern.analytics.export.create,modern.analytics.export.create,POST,/api/platform/v1/admin/hris/people-analytics/exports,/v1/admin/hris/people-analytics/exports,dwp-platform-server,hcm.analytics.export,OWNER_PEP_RISK_POLICY_DECISION_REQUIRED,REQUIRED_IDEMPOTENCY_KEY,REQUIRED_G3_ACTION_DESCRIPTOR_NOT_IMPLEMENTED,NOT_AUTHORIZED_G6
hris.action.benefits.enrollment.decide,MODOP:modern.benefits.enrollment.decide,modern.benefits.enrollment.decide,POST,/api/people/v1/hris/benefits/enrollments/{enrollmentId}/decisions,/v1/hris/benefits/enrollments/{enrollmentId}/decisions,dwp-people-server,hcm.benefits.operate,OWNER_PEP_RISK_POLICY_DECISION_REQUIRED,REQUIRED_IDEMPOTENCY_KEY,REQUIRED_G3_ACTION_DESCRIPTOR_NOT_IMPLEMENTED,NOT_AUTHORIZED_G6
hris.action.benefits.enrollment.submit,MODOP:modern.benefits.enrollment.submit,modern.benefits.enrollment.submit,POST,/api/people/v1/hris/benefits/enrollments,/v1/hris/benefits/enrollments,dwp-people-server,hcm.benefits.self.enroll,OWNER_PEP_RISK_POLICY_DECISION_REQUIRED,REQUIRED_IDEMPOTENCY_KEY,REQUIRED_G3_ACTION_DESCRIPTOR_NOT_IMPLEMENTED,NOT_AUTHORIZED_G6
hris.action.benefits.lifeevent.submit,MODOP:modern.benefits.lifeevent.submit,modern.benefits.lifeevent.submit,POST,/api/people/v1/hris/benefits/life-events,/v1/hris/benefits/life-events,dwp-people-server,hcm.benefits.self.enroll,OWNER_PEP_RISK_POLICY_DECISION_REQUIRED,REQUIRED_IDEMPOTENCY_KEY,REQUIRED_G3_ACTION_DESCRIPTOR_NOT_IMPLEMENTED,NOT_AUTHORIZED_G6
hris.action.benefits.plan.create,MODOP:modern.benefits.plan.create,modern.benefits.plan.create,POST,/api/people/v1/hris/benefits/plans,/v1/hris/benefits/plans,dwp-people-server,hcm.benefits.operate,OWNER_PEP_RISK_POLICY_DECISION_REQUIRED,REQUIRED_IDEMPOTENCY_KEY,REQUIRED_G3_ACTION_DESCRIPTOR_NOT_IMPLEMENTED,NOT_AUTHORIZED_G6
hris.action.benefits.plan.publish,MODOP:modern.benefits.plan.publish,modern.benefits.plan.publish,POST,/api/people/v1/hris/benefits/plans/{planId}/versions/{version}/publish,/v1/hris/benefits/plans/{planId}/versions/{version}/publish,dwp-people-server,hcm.benefits.operate,OWNER_PEP_RISK_POLICY_DECISION_REQUIRED,REQUIRED_IDEMPOTENCY_KEY,REQUIRED_G3_ACTION_DESCRIPTOR_NOT_IMPLEMENTED,NOT_AUTHORIZED_G6
hris.action.compplan.budget.allocate,MODOP:modern.compplan.budget.allocate,modern.compplan.budget.allocate,POST,/api/people/v1/hris/performance/compensation-planning/cycles/{cycleId}/budget-allocations,/v1/hris/performance/compensation-planning/cycles/{cycleId}/budget-allocations,dwp-people-server,hcm.compensation.plan.propose,OWNER_PEP_RISK_POLICY_DECISION_REQUIRED,REQUIRED_IDEMPOTENCY_KEY,REQUIRED_G3_ACTION_DESCRIPTOR_NOT_IMPLEMENTED,NOT_AUTHORIZED_G6
hris.action.compplan.cycle.create,MODOP:modern.compplan.cycle.create,modern.compplan.cycle.create,POST,/api/people/v1/hris/performance/compensation-planning/cycles,/v1/hris/performance/compensation-planning/cycles,dwp-people-server,hcm.compensation.plan.propose,OWNER_PEP_RISK_POLICY_DECISION_REQUIRED,REQUIRED_IDEMPOTENCY_KEY,REQUIRED_G3_ACTION_DESCRIPTOR_NOT_IMPLEMENTED,NOT_AUTHORIZED_G6
hris.action.compplan.plan.approve,MODOP:modern.compplan.plan.approve,modern.compplan.plan.approve,POST,/api/people/v1/hris/performance/compensation-planning/cycles/{cycleId}/approve,/v1/hris/performance/compensation-planning/cycles/{cycleId}/approve,dwp-people-server,hcm.compensation.plan.approve,OWNER_PEP_RISK_POLICY_DECISION_REQUIRED,REQUIRED_IDEMPOTENCY_KEY,REQUIRED_G3_ACTION_DESCRIPTOR_NOT_IMPLEMENTED,NOT_AUTHORIZED_G6
hris.action.compplan.proposal.submit,MODOP:modern.compplan.proposal.submit,modern.compplan.proposal.submit,POST,/api/people/v1/hris/performance/compensation-planning/cycles/{cycleId}/proposals/{proposalId}/submit,/v1/hris/performance/compensation-planning/cycles/{cycleId}/proposals/{proposalId}/submit,dwp-people-server,hcm.compensation.plan.propose,OWNER_PEP_RISK_POLICY_DECISION_REQUIRED,REQUIRED_IDEMPOTENCY_KEY,REQUIRED_G3_ACTION_DESCRIPTOR_NOT_IMPLEMENTED,NOT_AUTHORIZED_G6
hris.action.compplan.snapshot.publish,MODOP:modern.compplan.snapshot.publish,modern.compplan.snapshot.publish,POST,/api/people/v1/hris/performance/compensation-planning/cycles/{cycleId}/approved-snapshots,/v1/hris/performance/compensation-planning/cycles/{cycleId}/approved-snapshots,dwp-people-server,hcm.compensation.plan.approve,OWNER_PEP_RISK_POLICY_DECISION_REQUIRED,REQUIRED_IDEMPOTENCY_KEY,REQUIRED_G3_ACTION_DESCRIPTOR_NOT_IMPLEMENTED,NOT_AUTHORIZED_G6
hris.action.contingent.engagement.activate,MODOP:modern.contingent.engagement.activate,modern.contingent.engagement.activate,POST,/api/people/v1/hris/contingent-workforce/engagements/{engagementId}/activate,/v1/hris/contingent-workforce/engagements/{engagementId}/activate,dwp-people-server,hcm.contingent.operate,OWNER_PEP_RISK_POLICY_DECISION_REQUIRED,REQUIRED_IDEMPOTENCY_KEY,REQUIRED_G3_ACTION_DESCRIPTOR_NOT_IMPLEMENTED,NOT_AUTHORIZED_G6
hris.action.contingent.engagement.close,MODOP:modern.contingent.engagement.close,modern.contingent.engagement.close,POST,/api/people/v1/hris/contingent-workforce/engagements/{engagementId}/close,/v1/hris/contingent-workforce/engagements/{engagementId}/close,dwp-people-server,hcm.contingent.offboard,OWNER_PEP_RISK_POLICY_DECISION_REQUIRED,REQUIRED_IDEMPOTENCY_KEY,REQUIRED_G3_ACTION_DESCRIPTOR_NOT_IMPLEMENTED,NOT_AUTHORIZED_G6
hris.action.contingent.engagement.create,MODOP:modern.contingent.engagement.create,modern.contingent.engagement.create,POST,/api/people/v1/hris/contingent-workforce/engagements,/v1/hris/contingent-workforce/engagements,dwp-people-server,hcm.contingent.operate,OWNER_PEP_RISK_POLICY_DECISION_REQUIRED,REQUIRED_IDEMPOTENCY_KEY,REQUIRED_G3_ACTION_DESCRIPTOR_NOT_IMPLEMENTED,NOT_AUTHORIZED_G6
hris.action.contingent.engagement.offboard,MODOP:modern.contingent.engagement.offboard,modern.contingent.engagement.offboard,POST,/api/people/v1/hris/contingent-workforce/engagements/{engagementId}/offboard,/v1/hris/contingent-workforce/engagements/{engagementId}/offboard,dwp-people-server,hcm.contingent.offboard,OWNER_PEP_RISK_POLICY_DECISION_REQUIRED,REQUIRED_IDEMPOTENCY_KEY,REQUIRED_G3_ACTION_DESCRIPTOR_NOT_IMPLEMENTED,NOT_AUTHORIZED_G6
hris.action.contingent.engagement.submit,MODOP:modern.contingent.engagement.submit,modern.contingent.engagement.submit,POST,/api/people/v1/hris/contingent-workforce/engagements/{engagementId}/submit,/v1/hris/contingent-workforce/engagements/{engagementId}/submit,dwp-people-server,hcm.contingent.operate,OWNER_PEP_RISK_POLICY_DECISION_REQUIRED,REQUIRED_IDEMPOTENCY_KEY,REQUIRED_G3_ACTION_DESCRIPTOR_NOT_IMPLEMENTED,NOT_AUTHORIZED_G6
hris.action.growth.coaching.record,MODOP:modern.growth.coaching.record,modern.growth.coaching.record,POST,/api/people/v1/hris/performance/growth-profiles/{profileId}/coaching-notes,/v1/hris/performance/growth-profiles/{profileId}/coaching-notes,dwp-people-server,hcm.growth.manager.coach,OWNER_PEP_RISK_POLICY_DECISION_REQUIRED,REQUIRED_IDEMPOTENCY_KEY,REQUIRED_G3_ACTION_DESCRIPTOR_NOT_IMPLEMENTED,NOT_AUTHORIZED_G6
hris.action.growth.evidence.link,MODOP:modern.growth.evidence.link,modern.growth.evidence.link,POST,/api/people/v1/hris/performance/growth-profiles/{profileId}/evidence-links,/v1/hris/performance/growth-profiles/{profileId}/evidence-links,dwp-people-server,hcm.growth.self.manage,OWNER_PEP_RISK_POLICY_DECISION_REQUIRED,REQUIRED_IDEMPOTENCY_KEY,REQUIRED_G3_ACTION_DESCRIPTOR_NOT_IMPLEMENTED,NOT_AUTHORIZED_G6
hris.action.growth.profile.archive,MODOP:modern.growth.profile.archive,modern.growth.profile.archive,POST,/api/people/v1/hris/performance/growth-profiles/{profileId}/archive,/v1/hris/performance/growth-profiles/{profileId}/archive,dwp-people-server,hcm.growth.self.manage,OWNER_PEP_RISK_POLICY_DECISION_REQUIRED,REQUIRED_IDEMPOTENCY_KEY,REQUIRED_G3_ACTION_DESCRIPTOR_NOT_IMPLEMENTED,NOT_AUTHORIZED_G6
hris.action.growth.profile.create,MODOP:modern.growth.profile.create,modern.growth.profile.create,POST,/api/people/v1/hris/performance/growth-profiles,/v1/hris/performance/growth-profiles,dwp-people-server,hcm.growth.self.manage,OWNER_PEP_RISK_POLICY_DECISION_REQUIRED,REQUIRED_IDEMPOTENCY_KEY,REQUIRED_G3_ACTION_DESCRIPTOR_NOT_IMPLEMENTED,NOT_AUTHORIZED_G6
hris.action.growth.profile.update,MODOP:modern.growth.profile.update,modern.growth.profile.update,PUT,/api/people/v1/hris/performance/growth-profiles/{profileId},/v1/hris/performance/growth-profiles/{profileId},dwp-people-server,hcm.growth.self.manage,OWNER_PEP_RISK_POLICY_DECISION_REQUIRED,REQUIRED_IDEMPOTENCY_KEY,REQUIRED_G3_ACTION_DESCRIPTOR_NOT_IMPLEMENTED,NOT_AUTHORIZED_G6
hris.action.hrservice.case.assign,MODOP:modern.hrservice.case.assign,modern.hrservice.case.assign,POST,/api/people/v1/hris/hr-services/cases/{caseId}/assignments,/v1/hris/hr-services/cases/{caseId}/assignments,dwp-people-server,hcm.hrservice.restricted.assign,OWNER_PEP_RISK_POLICY_DECISION_REQUIRED,REQUIRED_IDEMPOTENCY_KEY,REQUIRED_G3_ACTION_DESCRIPTOR_NOT_IMPLEMENTED,NOT_AUTHORIZED_G6
hris.action.hrservice.case.create,MODOP:modern.hrservice.case.create,modern.hrservice.case.create,POST,/api/people/v1/hris/hr-services/cases,/v1/hris/hr-services/cases,dwp-people-server,hcm.hrservice.self.create,OWNER_PEP_RISK_POLICY_DECISION_REQUIRED,REQUIRED_IDEMPOTENCY_KEY,REQUIRED_G3_ACTION_DESCRIPTOR_NOT_IMPLEMENTED,NOT_AUTHORIZED_G6
hris.action.hrservice.case.resolve,MODOP:modern.hrservice.case.resolve,modern.hrservice.case.resolve,POST,/api/people/v1/hris/hr-services/cases/{caseId}/resolve,/v1/hris/hr-services/cases/{caseId}/resolve,dwp-people-server,hcm.hrservice.case.work,OWNER_PEP_RISK_POLICY_DECISION_REQUIRED,REQUIRED_IDEMPOTENCY_KEY,REQUIRED_G3_ACTION_DESCRIPTOR_NOT_IMPLEMENTED,NOT_AUTHORIZED_G6
hris.action.hrservice.case.respond,MODOP:modern.hrservice.case.respond,modern.hrservice.case.respond,POST,/api/people/v1/hris/hr-services/cases/{caseId}/responses,/v1/hris/hr-services/cases/{caseId}/responses,dwp-people-server,hcm.hrservice.case.work,OWNER_PEP_RISK_POLICY_DECISION_REQUIRED,REQUIRED_IDEMPOTENCY_KEY,REQUIRED_G3_ACTION_DESCRIPTOR_NOT_IMPLEMENTED,NOT_AUTHORIZED_G6
hris.action.hrservice.case.triage,MODOP:modern.hrservice.case.triage,modern.hrservice.case.triage,POST,/api/people/v1/hris/hr-services/cases/{caseId}/triage,/v1/hris/hr-services/cases/{caseId}/triage,dwp-people-server,hcm.hrservice.case.work,OWNER_PEP_RISK_POLICY_DECISION_REQUIRED,REQUIRED_IDEMPOTENCY_KEY,REQUIRED_G3_ACTION_DESCRIPTOR_NOT_IMPLEMENTED,NOT_AUTHORIZED_G6
hris.action.learning.assignment.start,MODOP:modern.learning.assignment.start,modern.learning.assignment.start,POST,/api/people/v1/hris/performance/learning/assignments/{assignmentId}/start,/v1/hris/performance/learning/assignments/{assignmentId}/start,dwp-people-server,hcm.learning.self.enroll,OWNER_PEP_RISK_POLICY_DECISION_REQUIRED,REQUIRED_IDEMPOTENCY_KEY,REQUIRED_G3_ACTION_DESCRIPTOR_NOT_IMPLEMENTED,NOT_AUTHORIZED_G6
hris.action.learning.completion.verify,MODOP:modern.learning.completion.verify,modern.learning.completion.verify,POST,/api/people/v1/hris/performance/learning/assignments/{assignmentId}/completion-verifications,/v1/hris/performance/learning/assignments/{assignmentId}/completion-verifications,dwp-people-server,hcm.learning.operate,OWNER_PEP_RISK_POLICY_DECISION_REQUIRED,REQUIRED_IDEMPOTENCY_KEY,REQUIRED_G3_ACTION_DESCRIPTOR_NOT_IMPLEMENTED,NOT_AUTHORIZED_G6
hris.action.learning.offering.create,MODOP:modern.learning.offering.create,modern.learning.offering.create,POST,/api/people/v1/hris/performance/learning/offerings,/v1/hris/performance/learning/offerings,dwp-people-server,hcm.learning.operate,OWNER_PEP_RISK_POLICY_DECISION_REQUIRED,REQUIRED_IDEMPOTENCY_KEY,REQUIRED_G3_ACTION_DESCRIPTOR_NOT_IMPLEMENTED,NOT_AUTHORIZED_G6
hris.action.learning.offering.publish,MODOP:modern.learning.offering.publish,modern.learning.offering.publish,POST,/api/people/v1/hris/performance/learning/offerings/{offeringId}/publish,/v1/hris/performance/learning/offerings/{offeringId}/publish,dwp-people-server,hcm.learning.operate,OWNER_PEP_RISK_POLICY_DECISION_REQUIRED,REQUIRED_IDEMPOTENCY_KEY,REQUIRED_G3_ACTION_DESCRIPTOR_NOT_IMPLEMENTED,NOT_AUTHORIZED_G6
hris.action.learning.self.enroll,MODOP:modern.learning.self.enroll,modern.learning.self.enroll,POST,/api/people/v1/hris/performance/learning/enrollments,/v1/hris/performance/learning/enrollments,dwp-people-server,hcm.learning.self.enroll,OWNER_PEP_RISK_POLICY_DECISION_REQUIRED,REQUIRED_IDEMPOTENCY_KEY,REQUIRED_G3_ACTION_DESCRIPTOR_NOT_IMPLEMENTED,NOT_AUTHORIZED_G6
hris.action.listening.action.complete,MODOP:modern.listening.action.complete,modern.listening.action.complete,POST,/api/platform/v1/admin/hris/listening/actions/{actionId}/complete,/v1/admin/hris/listening/actions/{actionId}/complete,dwp-platform-server,hcm.listening.manage,OWNER_PEP_RISK_POLICY_DECISION_REQUIRED,REQUIRED_IDEMPOTENCY_KEY,REQUIRED_G3_ACTION_DESCRIPTOR_NOT_IMPLEMENTED,NOT_AUTHORIZED_G6
hris.action.listening.action.create,MODOP:modern.listening.action.create,modern.listening.action.create,POST,/api/platform/v1/admin/hris/listening/surveys/{surveyId}/actions,/v1/admin/hris/listening/surveys/{surveyId}/actions,dwp-platform-server,hcm.listening.manage,OWNER_PEP_RISK_POLICY_DECISION_REQUIRED,REQUIRED_IDEMPOTENCY_KEY,REQUIRED_G3_ACTION_DESCRIPTOR_NOT_IMPLEMENTED,NOT_AUTHORIZED_G6
hris.action.listening.response.submit,MODOP:modern.listening.response.submit,modern.listening.response.submit,POST,/api/platform/v1/hris/listening/surveys/{surveyId}/responses,/v1/hris/listening/surveys/{surveyId}/responses,dwp-platform-server,hcm.listening.respond,OWNER_PEP_RISK_POLICY_DECISION_REQUIRED,REQUIRED_IDEMPOTENCY_KEY,REQUIRED_G3_ACTION_DESCRIPTOR_NOT_IMPLEMENTED,NOT_AUTHORIZED_G6
hris.action.listening.survey.close,MODOP:modern.listening.survey.close,modern.listening.survey.close,POST,/api/platform/v1/admin/hris/listening/surveys/{surveyId}/close,/v1/admin/hris/listening/surveys/{surveyId}/close,dwp-platform-server,hcm.listening.manage,OWNER_PEP_RISK_POLICY_DECISION_REQUIRED,REQUIRED_IDEMPOTENCY_KEY,REQUIRED_G3_ACTION_DESCRIPTOR_NOT_IMPLEMENTED,NOT_AUTHORIZED_G6
hris.action.listening.survey.create,MODOP:modern.listening.survey.create,modern.listening.survey.create,POST,/api/platform/v1/admin/hris/listening/surveys,/v1/admin/hris/listening/surveys,dwp-platform-server,hcm.listening.manage,OWNER_PEP_RISK_POLICY_DECISION_REQUIRED,REQUIRED_IDEMPOTENCY_KEY,REQUIRED_G3_ACTION_DESCRIPTOR_NOT_IMPLEMENTED,NOT_AUTHORIZED_G6
hris.action.listening.survey.publish,MODOP:modern.listening.survey.publish,modern.listening.survey.publish,POST,/api/platform/v1/admin/hris/listening/surveys/{surveyId}/publish,/v1/admin/hris/listening/surveys/{surveyId}/publish,dwp-platform-server,hcm.listening.manage,OWNER_PEP_RISK_POLICY_DECISION_REQUIRED,REQUIRED_IDEMPOTENCY_KEY,REQUIRED_G3_ACTION_DESCRIPTOR_NOT_IMPLEMENTED,NOT_AUTHORIZED_G6
hris.action.onboarding.journey.assign,MODOP:modern.onboarding.journey.assign,modern.onboarding.journey.assign,POST,/api/people/v1/hris/onboarding/journey-assignments,/v1/hris/onboarding/journey-assignments,dwp-people-server,hcm.onboarding.operate,OWNER_PEP_RISK_POLICY_DECISION_REQUIRED,REQUIRED_IDEMPOTENCY_KEY,REQUIRED_G3_ACTION_DESCRIPTOR_NOT_IMPLEMENTED,NOT_AUTHORIZED_G6
hris.action.onboarding.journey.cancel,MODOP:modern.onboarding.journey.cancel,modern.onboarding.journey.cancel,POST,/api/people/v1/hris/onboarding/journey-assignments/{assignmentId}/cancel,/v1/hris/onboarding/journey-assignments/{assignmentId}/cancel,dwp-people-server,hcm.onboarding.operate,OWNER_PEP_RISK_POLICY_DECISION_REQUIRED,REQUIRED_IDEMPOTENCY_KEY,REQUIRED_G3_ACTION_DESCRIPTOR_NOT_IMPLEMENTED,NOT_AUTHORIZED_G6
hris.action.onboarding.task.complete,MODOP:modern.onboarding.task.complete,modern.onboarding.task.complete,POST,/api/people/v1/hris/onboarding/journey-assignments/{assignmentId}/tasks/{taskId}/complete,/v1/hris/onboarding/journey-assignments/{assignmentId}/tasks/{taskId}/complete,dwp-people-server,hcm.onboarding.task.complete,OWNER_PEP_RISK_POLICY_DECISION_REQUIRED,REQUIRED_IDEMPOTENCY_KEY,REQUIRED_G3_ACTION_DESCRIPTOR_NOT_IMPLEMENTED,NOT_AUTHORIZED_G6
hris.action.onboarding.template.create,MODOP:modern.onboarding.template.create,modern.onboarding.template.create,POST,/api/people/v1/hris/onboarding/templates,/v1/hris/onboarding/templates,dwp-people-server,hcm.onboarding.operate,OWNER_PEP_RISK_POLICY_DECISION_REQUIRED,REQUIRED_IDEMPOTENCY_KEY,REQUIRED_G3_ACTION_DESCRIPTOR_NOT_IMPLEMENTED,NOT_AUTHORIZED_G6
hris.action.onboarding.template.publish,MODOP:modern.onboarding.template.publish,modern.onboarding.template.publish,POST,/api/people/v1/hris/onboarding/templates/{templateId}/versions/{version}/publish,/v1/hris/onboarding/templates/{templateId}/versions/{version}/publish,dwp-people-server,hcm.onboarding.operate,OWNER_PEP_RISK_POLICY_DECISION_REQUIRED,REQUIRED_IDEMPOTENCY_KEY,REQUIRED_G3_ACTION_DESCRIPTOR_NOT_IMPLEMENTED,NOT_AUTHORIZED_G6
hris.action.opportunity.apply,MODOP:modern.opportunity.apply,modern.opportunity.apply,POST,/api/people/v1/hris/performance/opportunities/{opportunityId}/applications,/v1/hris/performance/opportunities/{opportunityId}/applications,dwp-people-server,hcm.opportunity.self.apply,OWNER_PEP_RISK_POLICY_DECISION_REQUIRED,REQUIRED_IDEMPOTENCY_KEY,REQUIRED_G3_ACTION_DESCRIPTOR_NOT_IMPLEMENTED,NOT_AUTHORIZED_G6
hris.action.opportunity.create,MODOP:modern.opportunity.create,modern.opportunity.create,POST,/api/people/v1/hris/performance/opportunities,/v1/hris/performance/opportunities,dwp-people-server,hcm.opportunity.operate,OWNER_PEP_RISK_POLICY_DECISION_REQUIRED,REQUIRED_IDEMPOTENCY_KEY,REQUIRED_G3_ACTION_DESCRIPTOR_NOT_IMPLEMENTED,NOT_AUTHORIZED_G6
hris.action.opportunity.publish,MODOP:modern.opportunity.publish,modern.opportunity.publish,POST,/api/people/v1/hris/performance/opportunities/{opportunityId}/publish,/v1/hris/performance/opportunities/{opportunityId}/publish,dwp-people-server,hcm.opportunity.operate,OWNER_PEP_RISK_POLICY_DECISION_REQUIRED,REQUIRED_IDEMPOTENCY_KEY,REQUIRED_G3_ACTION_DESCRIPTOR_NOT_IMPLEMENTED,NOT_AUTHORIZED_G6
hris.action.opportunity.selection.record,MODOP:modern.opportunity.selection.record,modern.opportunity.selection.record,POST,/api/people/v1/hris/performance/opportunities/{opportunityId}/applications/{applicationId}/selection-decisions,/v1/hris/performance/opportunities/{opportunityId}/applications/{applicationId}/selection-decisions,dwp-people-server,hcm.opportunity.operate,OWNER_PEP_RISK_POLICY_DECISION_REQUIRED,REQUIRED_IDEMPOTENCY_KEY,REQUIRED_G3_ACTION_DESCRIPTOR_NOT_IMPLEMENTED,NOT_AUTHORIZED_G6
hris.action.opportunity.shortlist,MODOP:modern.opportunity.shortlist,modern.opportunity.shortlist,POST,/api/people/v1/hris/performance/opportunities/{opportunityId}/applications/{applicationId}/shortlist,/v1/hris/performance/opportunities/{opportunityId}/applications/{applicationId}/shortlist,dwp-people-server,hcm.opportunity.operate,OWNER_PEP_RISK_POLICY_DECISION_REQUIRED,REQUIRED_IDEMPOTENCY_KEY,REQUIRED_G3_ACTION_DESCRIPTOR_NOT_IMPLEMENTED,NOT_AUTHORIZED_G6
hris.action.recruiting.candidate.stage,MODOP:modern.recruiting.candidate.stage,modern.recruiting.candidate.stage,PATCH,/api/people/v1/hris/recruiting/candidate-cases/{candidateCaseId}/stage,/v1/hris/recruiting/candidate-cases/{candidateCaseId}/stage,dwp-people-server,hcm.recruiting.operate,OWNER_PEP_RISK_POLICY_DECISION_REQUIRED,REQUIRED_IDEMPOTENCY_KEY,REQUIRED_G3_ACTION_DESCRIPTOR_NOT_IMPLEMENTED,NOT_AUTHORIZED_G6
hris.action.recruiting.hire.record,MODOP:modern.recruiting.hire.record,modern.recruiting.hire.record,POST,/api/people/v1/hris/recruiting/candidate-cases/{candidateCaseId}/hire-decisions,/v1/hris/recruiting/candidate-cases/{candidateCaseId}/hire-decisions,dwp-people-server,hcm.recruiting.decide,OWNER_PEP_RISK_POLICY_DECISION_REQUIRED,REQUIRED_IDEMPOTENCY_KEY,REQUIRED_G3_ACTION_DESCRIPTOR_NOT_IMPLEMENTED,NOT_AUTHORIZED_G6
hris.action.recruiting.offer.issue,MODOP:modern.recruiting.offer.issue,modern.recruiting.offer.issue,POST,/api/people/v1/hris/recruiting/candidate-cases/{candidateCaseId}/offers,/v1/hris/recruiting/candidate-cases/{candidateCaseId}/offers,dwp-people-server,hcm.recruiting.decide,OWNER_PEP_RISK_POLICY_DECISION_REQUIRED,REQUIRED_IDEMPOTENCY_KEY,REQUIRED_G3_ACTION_DESCRIPTOR_NOT_IMPLEMENTED,NOT_AUTHORIZED_G6
hris.action.recruiting.requisition.create,MODOP:modern.recruiting.requisition.create,modern.recruiting.requisition.create,POST,/api/people/v1/hris/recruiting/requisitions,/v1/hris/recruiting/requisitions,dwp-people-server,hcm.recruiting.operate,OWNER_PEP_RISK_POLICY_DECISION_REQUIRED,REQUIRED_IDEMPOTENCY_KEY,REQUIRED_G3_ACTION_DESCRIPTOR_NOT_IMPLEMENTED,NOT_AUTHORIZED_G6
hris.action.recruiting.requisition.publish,MODOP:modern.recruiting.requisition.publish,modern.recruiting.requisition.publish,POST,/api/people/v1/hris/recruiting/requisitions/{requisitionId}/publish,/v1/hris/recruiting/requisitions/{requisitionId}/publish,dwp-people-server,hcm.recruiting.decide,OWNER_PEP_RISK_POLICY_DECISION_REQUIRED,REQUIRED_IDEMPOTENCY_KEY,REQUIRED_G3_ACTION_DESCRIPTOR_NOT_IMPLEMENTED,NOT_AUTHORIZED_G6
hris.action.skills.taxonomy.create,MODOP:modern.skills.taxonomy.create,modern.skills.taxonomy.create,POST,/api/people/v1/hris/performance/skills/taxonomies,/v1/hris/performance/skills/taxonomies,dwp-people-server,hcm.skills.manage,OWNER_PEP_RISK_POLICY_DECISION_REQUIRED,REQUIRED_IDEMPOTENCY_KEY,REQUIRED_G3_ACTION_DESCRIPTOR_NOT_IMPLEMENTED,NOT_AUTHORIZED_G6
hris.action.skills.taxonomy.publish,MODOP:modern.skills.taxonomy.publish,modern.skills.taxonomy.publish,POST,/api/people/v1/hris/performance/skills/taxonomies/{taxonomyId}/versions/{version}/publish,/v1/hris/performance/skills/taxonomies/{taxonomyId}/versions/{version}/publish,dwp-people-server,hcm.skills.manage,OWNER_PEP_RISK_POLICY_DECISION_REQUIRED,REQUIRED_IDEMPOTENCY_KEY,REQUIRED_G3_ACTION_DESCRIPTOR_NOT_IMPLEMENTED,NOT_AUTHORIZED_G6
hris.action.skills.taxonomy.validate,MODOP:modern.skills.taxonomy.validate,modern.skills.taxonomy.validate,POST,/api/people/v1/hris/performance/skills/taxonomies/{taxonomyId}/versions/{version}/validate,/v1/hris/performance/skills/taxonomies/{taxonomyId}/versions/{version}/validate,dwp-people-server,hcm.skills.manage,OWNER_PEP_RISK_POLICY_DECISION_REQUIRED,REQUIRED_IDEMPOTENCY_KEY,REQUIRED_G3_ACTION_DESCRIPTOR_NOT_IMPLEMENTED,NOT_AUTHORIZED_G6
hris.action.succession.nomination.add,MODOP:modern.succession.nomination.add,modern.succession.nomination.add,POST,/api/people/v1/hris/performance/succession/plans/{planId}/nominations,/v1/hris/performance/succession/plans/{planId}/nominations,dwp-people-server,hcm.succession.manage,OWNER_PEP_RISK_POLICY_DECISION_REQUIRED,REQUIRED_IDEMPOTENCY_KEY,REQUIRED_G3_ACTION_DESCRIPTOR_NOT_IMPLEMENTED,NOT_AUTHORIZED_G6
hris.action.succession.plan.approve,MODOP:modern.succession.plan.approve,modern.succession.plan.approve,POST,/api/people/v1/hris/performance/succession/plans/{planId}/approve,/v1/hris/performance/succession/plans/{planId}/approve,dwp-people-server,hcm.succession.publish,OWNER_PEP_RISK_POLICY_DECISION_REQUIRED,REQUIRED_IDEMPOTENCY_KEY,REQUIRED_G3_ACTION_DESCRIPTOR_NOT_IMPLEMENTED,NOT_AUTHORIZED_G6
hris.action.succession.plan.create,MODOP:modern.succession.plan.create,modern.succession.plan.create,POST,/api/people/v1/hris/performance/succession/plans,/v1/hris/performance/succession/plans,dwp-people-server,hcm.succession.manage,OWNER_PEP_RISK_POLICY_DECISION_REQUIRED,REQUIRED_IDEMPOTENCY_KEY,REQUIRED_G3_ACTION_DESCRIPTOR_NOT_IMPLEMENTED,NOT_AUTHORIZED_G6
hris.action.succession.plan.publish,MODOP:modern.succession.plan.publish,modern.succession.plan.publish,POST,/api/people/v1/hris/performance/succession/plans/{planId}/publish,/v1/hris/performance/succession/plans/{planId}/publish,dwp-people-server,hcm.succession.publish,OWNER_PEP_RISK_POLICY_DECISION_REQUIRED,REQUIRED_IDEMPOTENCY_KEY,REQUIRED_G3_ACTION_DESCRIPTOR_NOT_IMPLEMENTED,NOT_AUTHORIZED_G6
hris.action.succession.plan.submit,MODOP:modern.succession.plan.submit,modern.succession.plan.submit,POST,/api/people/v1/hris/performance/succession/plans/{planId}/submit,/v1/hris/performance/succession/plans/{planId}/submit,dwp-people-server,hcm.succession.manage,OWNER_PEP_RISK_POLICY_DECISION_REQUIRED,REQUIRED_IDEMPOTENCY_KEY,REQUIRED_G3_ACTION_DESCRIPTOR_NOT_IMPLEMENTED,NOT_AUTHORIZED_G6
hris.action.wfm.forecast.create,MODOP:modern.wfm.forecast.create,modern.wfm.forecast.create,POST,/api/time/v1/workforce-management/demand-forecasts,/v1/workforce-management/demand-forecasts,dwp-time-server,hcm.wfm.optimize,OWNER_PEP_RISK_POLICY_DECISION_REQUIRED,REQUIRED_IDEMPOTENCY_KEY,REQUIRED_G3_ACTION_DESCRIPTOR_NOT_IMPLEMENTED,NOT_AUTHORIZED_G6
hris.action.wfm.schedule.optimize,MODOP:modern.wfm.schedule.optimize,modern.wfm.schedule.optimize,POST,/api/time/v1/workforce-management/demand-forecasts/{forecastId}/schedule-optimizations,/v1/workforce-management/demand-forecasts/{forecastId}/schedule-optimizations,dwp-time-server,hcm.wfm.optimize,OWNER_PEP_RISK_POLICY_DECISION_REQUIRED,REQUIRED_IDEMPOTENCY_KEY,REQUIRED_G3_ACTION_DESCRIPTOR_NOT_IMPLEMENTED,NOT_AUTHORIZED_G6
hris.action.wfm.schedule.publish,MODOP:modern.wfm.schedule.publish,modern.wfm.schedule.publish,POST,/api/time/v1/workforce-management/schedule-candidates/{candidateId}/publish,/v1/workforce-management/schedule-candidates/{candidateId}/publish,dwp-time-server,hcm.wfm.publish,OWNER_PEP_RISK_POLICY_DECISION_REQUIRED,REQUIRED_IDEMPOTENCY_KEY,REQUIRED_G3_ACTION_DESCRIPTOR_NOT_IMPLEMENTED,NOT_AUTHORIZED_G6
hris.action.wfm.schedule.submit,MODOP:modern.wfm.schedule.submit,modern.wfm.schedule.submit,POST,/api/time/v1/workforce-management/schedule-candidates/{candidateId}/submit,/v1/workforce-management/schedule-candidates/{candidateId}/submit,dwp-time-server,hcm.wfm.optimize,OWNER_PEP_RISK_POLICY_DECISION_REQUIRED,REQUIRED_IDEMPOTENCY_KEY,REQUIRED_G3_ACTION_DESCRIPTOR_NOT_IMPLEMENTED,NOT_AUTHORIZED_G6
hris.action.wfm.schedule.validate,MODOP:modern.wfm.schedule.validate,modern.wfm.schedule.validate,POST,/api/time/v1/workforce-management/schedule-candidates/{candidateId}/validations,/v1/workforce-management/schedule-candidates/{candidateId}/validations,dwp-time-server,hcm.wfm.optimize,OWNER_PEP_RISK_POLICY_DECISION_REQUIRED,REQUIRED_IDEMPOTENCY_KEY,REQUIRED_G3_ACTION_DESCRIPTOR_NOT_IMPLEMENTED,NOT_AUTHORIZED_G6
hris.action.workforceplan.scenario.approve,MODOP:modern.workforceplan.scenario.approve,modern.workforceplan.scenario.approve,POST,/api/people/v1/hris/workforce-planning/scenarios/{scenarioId}/approve,/v1/hris/workforce-planning/scenarios/{scenarioId}/approve,dwp-people-server,hcm.workforce.plan.publish,OWNER_PEP_RISK_POLICY_DECISION_REQUIRED,REQUIRED_IDEMPOTENCY_KEY,REQUIRED_G3_ACTION_DESCRIPTOR_NOT_IMPLEMENTED,NOT_AUTHORIZED_G6
hris.action.workforceplan.scenario.create,MODOP:modern.workforceplan.scenario.create,modern.workforceplan.scenario.create,POST,/api/people/v1/hris/workforce-planning/scenarios,/v1/hris/workforce-planning/scenarios,dwp-people-server,hcm.workforce.plan.model,OWNER_PEP_RISK_POLICY_DECISION_REQUIRED,REQUIRED_IDEMPOTENCY_KEY,REQUIRED_G3_ACTION_DESCRIPTOR_NOT_IMPLEMENTED,NOT_AUTHORIZED_G6
hris.action.workforceplan.scenario.publish,MODOP:modern.workforceplan.scenario.publish,modern.workforceplan.scenario.publish,POST,/api/people/v1/hris/workforce-planning/scenarios/{scenarioId}/publish,/v1/hris/workforce-planning/scenarios/{scenarioId}/publish,dwp-people-server,hcm.workforce.plan.publish,OWNER_PEP_RISK_POLICY_DECISION_REQUIRED,REQUIRED_IDEMPOTENCY_KEY,REQUIRED_G3_ACTION_DESCRIPTOR_NOT_IMPLEMENTED,NOT_AUTHORIZED_G6
hris.action.workforceplan.scenario.simulate,MODOP:modern.workforceplan.scenario.simulate,modern.workforceplan.scenario.simulate,POST,/api/people/v1/hris/workforce-planning/scenarios/{scenarioId}/simulations,/v1/hris/workforce-planning/scenarios/{scenarioId}/simulations,dwp-people-server,hcm.workforce.plan.model,OWNER_PEP_RISK_POLICY_DECISION_REQUIRED,REQUIRED_IDEMPOTENCY_KEY,REQUIRED_G3_ACTION_DESCRIPTOR_NOT_IMPLEMENTED,NOT_AUTHORIZED_G6
hris.action.workforceplan.scenario.submit,MODOP:modern.workforceplan.scenario.submit,modern.workforceplan.scenario.submit,POST,/api/people/v1/hris/workforce-planning/scenarios/{scenarioId}/submit,/v1/hris/workforce-planning/scenarios/{scenarioId}/submit,dwp-people-server,hcm.workforce.plan.model,OWNER_PEP_RISK_POLICY_DECISION_REQUIRED,REQUIRED_IDEMPOTENCY_KEY,REQUIRED_G3_ACTION_DESCRIPTOR_NOT_IMPLEMENTED,NOT_AUTHORIZED_G6
hris.action.hrm.create-employee-change-request,PEP-HRM-003,createEmployeeChangeRequest,POST,/api/people/v1/hris/employee-change-requests,/v1/hris/employee-change-requests,dwp-people-server,hcm.operations.people.update|hcm.personal.profile.update|hcm.team.people-change.request,OWNER_PEP_RISK_POLICY_DECISION_REQUIRED,REQUIRED_IDEMPOTENCY_KEY,REQUIRED_G3_ACTION_DESCRIPTOR_NOT_IMPLEMENTED,NOT_AUTHORIZED_G6
hris.action.hrm.submit-employee-change-request,PEP-HRM-004,submitEmployeeChangeRequest,POST,/api/people/v1/hris/employee-change-requests/{requestPublicId}/submit,/v1/hris/employee-change-requests/{requestPublicId}/submit,dwp-people-server,hcm.operations.people.update|hcm.personal.profile.update|hcm.team.people-change.request,OWNER_PEP_RISK_POLICY_DECISION_REQUIRED,REQUIRED_IDEMPOTENCY_KEY,REQUIRED_G3_ACTION_DESCRIPTOR_NOT_IMPLEMENTED,NOT_AUTHORIZED_G6
hris.action.hrm.apply-employee-change-request,PEP-HRM-005,applyEmployeeChangeRequest,POST,/api/people/v1/hris/employee-change-requests/{requestPublicId}/apply,/v1/hris/employee-change-requests/{requestPublicId}/apply,dwp-people-server,hcm.operations.people-change.approve,OWNER_PEP_RISK_POLICY_DECISION_REQUIRED,REQUIRED_IDEMPOTENCY_KEY,REQUIRED_G3_ACTION_DESCRIPTOR_NOT_IMPLEMENTED,NOT_AUTHORIZED_G6
hris.action.hrm.create-assignment-event,PEP-HRM-006,createAssignmentEvent,POST,/api/people/v1/hris/assignment-events,/v1/hris/assignment-events,dwp-people-server,hcm.operations.assignment.manage,OWNER_PEP_RISK_POLICY_DECISION_REQUIRED,REQUIRED_IDEMPOTENCY_KEY,REQUIRED_G3_ACTION_DESCRIPTOR_NOT_IMPLEMENTED,NOT_AUTHORIZED_G6
hris.action.hrm.validate-assignment-event,PEP-HRM-007,validateAssignmentEvent,POST,/api/people/v1/hris/assignment-events/{eventPublicId}/validate,/v1/hris/assignment-events/{eventPublicId}/validate,dwp-people-server,hcm.operations.assignment.manage,OWNER_PEP_RISK_POLICY_DECISION_REQUIRED,REQUIRED_IDEMPOTENCY_KEY,REQUIRED_G3_ACTION_DESCRIPTOR_NOT_IMPLEMENTED,NOT_AUTHORIZED_G6
hris.action.hrm.submit-assignment-event,PEP-HRM-008,submitAssignmentEvent,POST,/api/people/v1/hris/assignment-events/{eventPublicId}/submit,/v1/hris/assignment-events/{eventPublicId}/submit,dwp-people-server,hcm.operations.assignment.manage,OWNER_PEP_RISK_POLICY_DECISION_REQUIRED,REQUIRED_IDEMPOTENCY_KEY,REQUIRED_G3_ACTION_DESCRIPTOR_NOT_IMPLEMENTED,NOT_AUTHORIZED_G6
hris.action.hrm.publish-assignment-event,PEP-HRM-009,publishAssignmentEvent,POST,/api/people/v1/hris/assignment-events/{eventPublicId}/publish,/v1/hris/assignment-events/{eventPublicId}/publish,dwp-people-server,hcm.operations.people-change.approve,OWNER_PEP_RISK_POLICY_DECISION_REQUIRED,REQUIRED_IDEMPOTENCY_KEY,REQUIRED_G3_ACTION_DESCRIPTOR_NOT_IMPLEMENTED,NOT_AUTHORIZED_G6
hris.action.hrm.issue-employment-contract,PEP-HRM-011,issueEmploymentContract,POST,/api/people/v1/hris/employment-contracts,/v1/hris/employment-contracts,dwp-people-server,hcm.operations.contract.issue,OWNER_PEP_RISK_POLICY_DECISION_REQUIRED,REQUIRED_IDEMPOTENCY_KEY,REQUIRED_G3_ACTION_DESCRIPTOR_NOT_IMPLEMENTED,NOT_AUTHORIZED_G6
hris.action.hrm.request-certificate,PEP-HRM-012,requestCertificate,POST,/api/people/v1/hris/certificates,/v1/hris/certificates,dwp-people-server,hcm.operations.certificate.issue|hcm.personal.certificate.request,OWNER_PEP_RISK_POLICY_DECISION_REQUIRED,REQUIRED_IDEMPOTENCY_KEY,REQUIRED_G3_ACTION_DESCRIPTOR_NOT_IMPLEMENTED,NOT_AUTHORIZED_G6
hris.action.hrm.create-separation-case,PEP-HRM-013,createSeparationCase,POST,/api/people/v1/hris/separation-cases,/v1/hris/separation-cases,dwp-people-server,hcm.operations.separation.manage,OWNER_PEP_RISK_POLICY_DECISION_REQUIRED,REQUIRED_IDEMPOTENCY_KEY,REQUIRED_G3_ACTION_DESCRIPTOR_NOT_IMPLEMENTED,NOT_AUTHORIZED_G6
hris.action.pay.element.version.create,PEP-PAY-004,element.version.create,POST,/api/payroll/v1/elements/versions,/v1/elements/versions,dwp-payroll-server,hcm.operations.payroll-inputs.update,OWNER_PEP_RISK_POLICY_DECISION_REQUIRED,REQUIRED_IDEMPOTENCY_KEY,REQUIRED_G3_ACTION_DESCRIPTOR_NOT_IMPLEMENTED,NOT_AUTHORIZED_G6
hris.action.pay.formula.version.create,PEP-PAY-005,formula.version.create,POST,/api/payroll/v1/formulas/versions,/v1/formulas/versions,dwp-payroll-server,hcm.operations.payroll-inputs.update,OWNER_PEP_RISK_POLICY_DECISION_REQUIRED,REQUIRED_IDEMPOTENCY_KEY,REQUIRED_G3_ACTION_DESCRIPTOR_NOT_IMPLEMENTED,NOT_AUTHORIZED_G6
hris.action.pay.formula.publish,PEP-PAY-008,formula.publish,POST,/api/payroll/v1/formulas/{formulaId}/publish,/v1/formulas/{formulaId}/publish,dwp-payroll-server,hcm.configuration.policy.publish,OWNER_PEP_RISK_POLICY_DECISION_REQUIRED,REQUIRED_IDEMPOTENCY_KEY,REQUIRED_G3_ACTION_DESCRIPTOR_NOT_IMPLEMENTED,NOT_AUTHORIZED_G6
hris.action.pay.worker.entry.create,PEP-PAY-009,worker.entry.create,POST,/api/payroll/v1/worker-entries,/v1/worker-entries,dwp-payroll-server,hcm.operations.payroll-inputs.update,OWNER_PEP_RISK_POLICY_DECISION_REQUIRED,REQUIRED_IDEMPOTENCY_KEY,REQUIRED_G3_ACTION_DESCRIPTOR_NOT_IMPLEMENTED,NOT_AUTHORIZED_G6
hris.action.pay.worker.entry.correct,PEP-PAY-010,worker.entry.correct,POST,/api/payroll/v1/worker-entries/{entryId}/corrections,/v1/worker-entries/{entryId}/corrections,dwp-payroll-server,hcm.operations.payroll-inputs.update,OWNER_PEP_RISK_POLICY_DECISION_REQUIRED,REQUIRED_IDEMPOTENCY_KEY,REQUIRED_G3_ACTION_DESCRIPTOR_NOT_IMPLEMENTED,NOT_AUTHORIZED_G6
hris.action.pay.run.prepare,PEP-PAY-011,run.prepare,POST,/api/payroll/v1/runs,/v1/runs,dwp-payroll-server,hcm.operations.payroll-run.execute,OWNER_PEP_RISK_POLICY_DECISION_REQUIRED,REQUIRED_IDEMPOTENCY_KEY,REQUIRED_G3_ACTION_DESCRIPTOR_NOT_IMPLEMENTED,NOT_AUTHORIZED_G6
hris.action.pay.run.calculate,PEP-PAY-012,run.calculate,POST,/api/payroll/v1/runs/{runId}/attempts,/v1/runs/{runId}/attempts,dwp-payroll-server,hcm.operations.payroll-run.execute,OWNER_PEP_RISK_POLICY_DECISION_REQUIRED,REQUIRED_IDEMPOTENCY_KEY,REQUIRED_G3_ACTION_DESCRIPTOR_NOT_IMPLEMENTED,NOT_AUTHORIZED_G6
hris.action.pay.run.validate,PEP-PAY-016,run.validate,POST,/api/payroll/v1/runs/{runId}/validations,/v1/runs/{runId}/validations,dwp-payroll-server,hcm.operations.payroll-validate.execute,OWNER_PEP_RISK_POLICY_DECISION_REQUIRED,REQUIRED_IDEMPOTENCY_KEY,REQUIRED_G3_ACTION_DESCRIPTOR_NOT_IMPLEMENTED,NOT_AUTHORIZED_G6
hris.action.pay.run.approve,PEP-PAY-017,run.approve,POST,/api/payroll/v1/runs/{runId}/approvals,/v1/runs/{runId}/approvals,dwp-payroll-server,hcm.operations.payroll.approve,OWNER_PEP_RISK_POLICY_DECISION_REQUIRED,REQUIRED_IDEMPOTENCY_KEY,REQUIRED_G3_ACTION_DESCRIPTOR_NOT_IMPLEMENTED,NOT_AUTHORIZED_G6
hris.action.pay.run.finalize,PEP-PAY-018,run.finalize,POST,/api/payroll/v1/runs/{runId}/finalize,/v1/runs/{runId}/finalize,dwp-payroll-server,hcm.operations.payroll.release,OWNER_PEP_RISK_POLICY_DECISION_REQUIRED,REQUIRED_IDEMPOTENCY_KEY,REQUIRED_G3_ACTION_DESCRIPTOR_NOT_IMPLEMENTED,NOT_AUTHORIZED_G6
hris.action.pay.retro.create,PEP-PAY-019,retro.create,POST,/api/payroll/v1/retro-events,/v1/retro-events,dwp-payroll-server,hcm.operations.payroll-inputs.update,OWNER_PEP_RISK_POLICY_DECISION_REQUIRED,REQUIRED_IDEMPOTENCY_KEY,REQUIRED_G3_ACTION_DESCRIPTOR_NOT_IMPLEMENTED,NOT_AUTHORIZED_G6
hris.action.pay.correction.create,PEP-PAY-020,correction.create,POST,/api/payroll/v1/runs/{runId}/corrections,/v1/runs/{runId}/corrections,dwp-payroll-server,hcm.operations.payroll-inputs.update,OWNER_PEP_RISK_POLICY_DECISION_REQUIRED,REQUIRED_IDEMPOTENCY_KEY,REQUIRED_G3_ACTION_DESCRIPTOR_NOT_IMPLEMENTED,NOT_AUTHORIZED_G6
hris.action.pay.payment.create,PEP-PAY-021,payment.create,POST,/api/payroll/v1/runs/{runId}/payment-batches,/v1/runs/{runId}/payment-batches,dwp-payroll-server,hcm.operations.payroll.release,OWNER_PEP_RISK_POLICY_DECISION_REQUIRED,REQUIRED_IDEMPOTENCY_KEY,REQUIRED_G3_ACTION_DESCRIPTOR_NOT_IMPLEMENTED,NOT_AUTHORIZED_G6
hris.action.pay.payment.release,PEP-PAY-022,payment.release,POST,/api/payroll/v1/payment-batches/{batchId}/release,/v1/payment-batches/{batchId}/release,dwp-payroll-server,hcm.operations.payroll.release,OWNER_PEP_RISK_POLICY_DECISION_REQUIRED,REQUIRED_IDEMPOTENCY_KEY,REQUIRED_G3_ACTION_DESCRIPTOR_NOT_IMPLEMENTED,NOT_AUTHORIZED_G6
hris.action.pay.payment.file.download,PEP-PAY-023,payment.file.download,POST,/api/payroll/v1/payment-files/{fileId}/download-grants,/v1/payment-files/{fileId}/download-grants,dwp-payroll-server,hcm.operations.payroll.release,OWNER_PEP_RISK_POLICY_DECISION_REQUIRED,REQUIRED_IDEMPOTENCY_KEY,REQUIRED_G3_ACTION_DESCRIPTOR_NOT_IMPLEMENTED,NOT_AUTHORIZED_G6
hris.action.pay.gl.create,PEP-PAY-024,gl.create,POST,/api/payroll/v1/runs/{runId}/gl-batches,/v1/runs/{runId}/gl-batches,dwp-payroll-server,hcm.operations.payroll.accounting-post,OWNER_PEP_RISK_POLICY_DECISION_REQUIRED,REQUIRED_IDEMPOTENCY_KEY,REQUIRED_G3_ACTION_DESCRIPTOR_NOT_IMPLEMENTED,NOT_AUTHORIZED_G6
hris.action.pay.gl.post,PEP-PAY-025,gl.post,POST,/api/payroll/v1/gl-batches/{batchId}/post,/v1/gl-batches/{batchId}/post,dwp-payroll-server,hcm.operations.payroll.accounting-post,OWNER_PEP_RISK_POLICY_DECISION_REQUIRED,REQUIRED_IDEMPOTENCY_KEY,REQUIRED_G3_ACTION_DESCRIPTOR_NOT_IMPLEMENTED,NOT_AUTHORIZED_G6
hris.action.pay.payslip.download,PEP-PAY-027,payslip.download,POST,/api/payroll/v1/payslips/{payslipId}/download-grants,/v1/payslips/{payslipId}/download-grants,dwp-payroll-server,hcm.operations.payroll.release|hcm.personal.pay-statement.download,OWNER_PEP_RISK_POLICY_DECISION_REQUIRED,REQUIRED_IDEMPOTENCY_KEY,REQUIRED_G3_ACTION_DESCRIPTOR_NOT_IMPLEMENTED,NOT_AUTHORIZED_G6
hris.action.pay.country.pack.activate,PEP-PAY-028,country.pack.activate,POST,/api/payroll/v1/country-packs/{packId}/activate,/v1/country-packs/{packId}/activate,dwp-payroll-server,hcm.operations.statutory.execute,OWNER_PEP_RISK_POLICY_DECISION_REQUIRED,REQUIRED_IDEMPOTENCY_KEY,REQUIRED_G3_ACTION_DESCRIPTOR_NOT_IMPLEMENTED,NOT_AUTHORIZED_G6
hris.action.pay.yearend.case.create,PEP-PAY-029,yearend.case.create,POST,/api/payroll/v1/year-end-cases,/v1/year-end-cases,dwp-payroll-server,hcm.personal.year-end-case.update,OWNER_PEP_RISK_POLICY_DECISION_REQUIRED,REQUIRED_IDEMPOTENCY_KEY,REQUIRED_G3_ACTION_DESCRIPTOR_NOT_IMPLEMENTED,NOT_AUTHORIZED_G6
hris.action.pay.yearend.evidence.add,PEP-PAY-030,yearend.evidence.add,POST,/api/payroll/v1/year-end-cases/{caseId}/evidence,/v1/year-end-cases/{caseId}/evidence,dwp-payroll-server,hcm.personal.year-end-case.update,OWNER_PEP_RISK_POLICY_DECISION_REQUIRED,REQUIRED_IDEMPOTENCY_KEY,REQUIRED_G3_ACTION_DESCRIPTOR_NOT_IMPLEMENTED,NOT_AUTHORIZED_G6
hris.action.pay.yearend.provider.submit,PEP-PAY-031,yearend.provider.submit,POST,/api/payroll/v1/year-end-cases/{caseId}/provider-submissions,/v1/year-end-cases/{caseId}/provider-submissions,dwp-payroll-server,hcm.operations.statutory.execute,OWNER_PEP_RISK_POLICY_DECISION_REQUIRED,REQUIRED_IDEMPOTENCY_KEY,REQUIRED_G3_ACTION_DESCRIPTOR_NOT_IMPLEMENTED,NOT_AUTHORIZED_G6
hris.action.pay.insight.export,PEP-PAY-032,insight.export,POST,/api/payroll/v1/insights/exports,/v1/insights/exports,dwp-payroll-server,hcm.operations.payroll.export,OWNER_PEP_RISK_POLICY_DECISION_REQUIRED,REQUIRED_IDEMPOTENCY_KEY,REQUIRED_G3_ACTION_DESCRIPTOR_NOT_IMPLEMENTED,NOT_AUTHORIZED_G6
hris.action.per.create-cycle,PEP-PER-003,createCycle,POST,/api/people/v1/hris/performance/cycles,/v1/hris/performance/cycles,dwp-people-server,hcm.operations.performance.update,OWNER_PEP_RISK_POLICY_DECISION_REQUIRED,REQUIRED_IDEMPOTENCY_KEY,REQUIRED_G3_ACTION_DESCRIPTOR_NOT_IMPLEMENTED,NOT_AUTHORIZED_G6
hris.action.per.update-cycle-draft,PEP-PER-005,updateCycleDraft,PATCH,/api/people/v1/hris/performance/cycles/{cycleId},/v1/hris/performance/cycles/{cycleId},dwp-people-server,hcm.operations.performance.update,OWNER_PEP_RISK_POLICY_DECISION_REQUIRED,REQUIRED_IDEMPOTENCY_KEY,REQUIRED_G3_ACTION_DESCRIPTOR_NOT_IMPLEMENTED,NOT_AUTHORIZED_G6
hris.action.per.validate-cycle,PEP-PER-006,validateCycle,POST,/api/people/v1/hris/performance/cycles/{cycleId}/validate,/v1/hris/performance/cycles/{cycleId}/validate,dwp-people-server,hcm.operations.performance.update,OWNER_PEP_RISK_POLICY_DECISION_REQUIRED,REQUIRED_IDEMPOTENCY_KEY,REQUIRED_G3_ACTION_DESCRIPTOR_NOT_IMPLEMENTED,NOT_AUTHORIZED_G6
hris.action.per.publish-cycle,PEP-PER-007,publishCycle,POST,/api/people/v1/hris/performance/cycles/{cycleId}/publish,/v1/hris/performance/cycles/{cycleId}/publish,dwp-people-server,hcm.configuration.policy.publish,OWNER_PEP_RISK_POLICY_DECISION_REQUIRED,REQUIRED_IDEMPOTENCY_KEY,REQUIRED_G3_ACTION_DESCRIPTOR_NOT_IMPLEMENTED,NOT_AUTHORIZED_G6
hris.action.per.preview-population,PEP-PER-008,previewPopulation,POST,/api/people/v1/hris/performance/cycles/{cycleId}/population-previews,/v1/hris/performance/cycles/{cycleId}/population-previews,dwp-people-server,hcm.operations.performance.update,OWNER_PEP_RISK_POLICY_DECISION_REQUIRED,REQUIRED_IDEMPOTENCY_KEY,REQUIRED_G3_ACTION_DESCRIPTOR_NOT_IMPLEMENTED,NOT_AUTHORIZED_G6
hris.action.per.freeze-population,PEP-PER-009,freezePopulation,POST,/api/people/v1/hris/performance/cycles/{cycleId}/population-freezes,/v1/hris/performance/cycles/{cycleId}/population-freezes,dwp-people-server,hcm.operations.performance.update,OWNER_PEP_RISK_POLICY_DECISION_REQUIRED,REQUIRED_IDEMPOTENCY_KEY,REQUIRED_G3_ACTION_DESCRIPTOR_NOT_IMPLEMENTED,NOT_AUTHORIZED_G6
hris.action.per.create-goal,PEP-PER-010,createGoal,POST,/api/people/v1/hris/performance/goals,/v1/hris/performance/goals,dwp-people-server,hcm.team.performance.review|per.goal.self.write,OWNER_PEP_RISK_POLICY_DECISION_REQUIRED,REQUIRED_IDEMPOTENCY_KEY,REQUIRED_G3_ACTION_DESCRIPTOR_NOT_IMPLEMENTED,NOT_AUTHORIZED_G6
hris.action.per.submit-goal,PEP-PER-011,submitGoal,POST,/api/people/v1/hris/performance/goals/{goalId}/submit,/v1/hris/performance/goals/{goalId}/submit,dwp-people-server,hcm.team.performance.review|per.goal.self.write,OWNER_PEP_RISK_POLICY_DECISION_REQUIRED,REQUIRED_IDEMPOTENCY_KEY,REQUIRED_G3_ACTION_DESCRIPTOR_NOT_IMPLEMENTED,NOT_AUTHORIZED_G6
hris.action.per.save-review-draft,PEP-PER-013,saveReviewDraft,PATCH,/api/people/v1/hris/performance/reviews/{reviewId},/v1/hris/performance/reviews/{reviewId},dwp-people-server,hcm.team.performance.review|per.review.self.submit,OWNER_PEP_RISK_POLICY_DECISION_REQUIRED,REQUIRED_IDEMPOTENCY_KEY,REQUIRED_G3_ACTION_DESCRIPTOR_NOT_IMPLEMENTED,NOT_AUTHORIZED_G6
hris.action.per.submit-review,PEP-PER-014,submitReview,POST,/api/people/v1/hris/performance/reviews/{reviewId}/submit,/v1/hris/performance/reviews/{reviewId}/submit,dwp-people-server,hcm.team.performance.review|per.review.self.submit,OWNER_PEP_RISK_POLICY_DECISION_REQUIRED,REQUIRED_IDEMPOTENCY_KEY,REQUIRED_G3_ACTION_DESCRIPTOR_NOT_IMPLEMENTED,NOT_AUTHORIZED_G6
hris.action.per.create-feedback-request,PEP-PER-015,createFeedbackRequest,POST,/api/people/v1/hris/performance/feedback-requests,/v1/hris/performance/feedback-requests,dwp-people-server,hcm.team.performance.review|per.feedback.request.create,OWNER_PEP_RISK_POLICY_DECISION_REQUIRED,REQUIRED_IDEMPOTENCY_KEY,REQUIRED_G3_ACTION_DESCRIPTOR_NOT_IMPLEMENTED,NOT_AUTHORIZED_G6
hris.action.per.append-calibration-adjustment,PEP-PER-017,appendCalibrationAdjustment,POST,/api/people/v1/hris/performance/calibration-sessions/{sessionId}/adjustments,/v1/hris/performance/calibration-sessions/{sessionId}/adjustments,dwp-people-server,hcm.operations.performance.calibrate,OWNER_PEP_RISK_POLICY_DECISION_REQUIRED,REQUIRED_IDEMPOTENCY_KEY,REQUIRED_G3_ACTION_DESCRIPTOR_NOT_IMPLEMENTED,NOT_AUTHORIZED_G6
hris.action.per.publish-results,PEP-PER-018,publishResults,POST,/api/people/v1/hris/performance/result-sets/{resultSetId}/publish,/v1/hris/performance/result-sets/{resultSetId}/publish,dwp-people-server,hcm.operations.performance.publish,OWNER_PEP_RISK_POLICY_DECISION_REQUIRED,REQUIRED_IDEMPOTENCY_KEY,REQUIRED_G3_ACTION_DESCRIPTOR_NOT_IMPLEMENTED,NOT_AUTHORIZED_G6
hris.action.per.open-appeal,PEP-PER-019,openAppeal,POST,/api/people/v1/hris/performance/results/{resultId}/appeals,/v1/hris/performance/results/{resultId}/appeals,dwp-people-server,per.appeal.self.open,OWNER_PEP_RISK_POLICY_DECISION_REQUIRED,REQUIRED_IDEMPOTENCY_KEY,REQUIRED_G3_ACTION_DESCRIPTOR_NOT_IMPLEMENTED,NOT_AUTHORIZED_G6
hris.action.tim.schedule.rule.create,PEP-TIM-003,schedule.rule.create,POST,/api/time/v1/work-rule-sets/versions,/v1/work-rule-sets/versions,dwp-time-server,hcm.operations.time.update,OWNER_PEP_RISK_POLICY_DECISION_REQUIRED,REQUIRED_IDEMPOTENCY_KEY,REQUIRED_G3_ACTION_DESCRIPTOR_NOT_IMPLEMENTED,NOT_AUTHORIZED_G6
hris.action.tim.schedule.rule.validate,PEP-TIM-004,schedule.rule.validate,POST,/api/time/v1/work-rule-sets/{ruleId}/validate,/v1/work-rule-sets/{ruleId}/validate,dwp-time-server,hcm.operations.time.update,OWNER_PEP_RISK_POLICY_DECISION_REQUIRED,REQUIRED_IDEMPOTENCY_KEY,REQUIRED_G3_ACTION_DESCRIPTOR_NOT_IMPLEMENTED,NOT_AUTHORIZED_G6
hris.action.tim.schedule.rule.simulate,PEP-TIM-005,schedule.rule.simulate,POST,/api/time/v1/work-rule-sets/{ruleId}/simulations,/v1/work-rule-sets/{ruleId}/simulations,dwp-time-server,hcm.operations.time.update,OWNER_PEP_RISK_POLICY_DECISION_REQUIRED,REQUIRED_IDEMPOTENCY_KEY,REQUIRED_G3_ACTION_DESCRIPTOR_NOT_IMPLEMENTED,NOT_AUTHORIZED_G6
hris.action.tim.schedule.rule.publish,PEP-TIM-006,schedule.rule.publish,POST,/api/time/v1/work-rule-sets/{ruleId}/publish,/v1/work-rule-sets/{ruleId}/publish,dwp-time-server,hcm.configuration.policy.publish,OWNER_PEP_RISK_POLICY_DECISION_REQUIRED,REQUIRED_IDEMPOTENCY_KEY,REQUIRED_G3_ACTION_DESCRIPTOR_NOT_IMPLEMENTED,NOT_AUTHORIZED_G6
hris.action.tim.clock.void,PEP-TIM-008,clock.void,POST,/api/time/v1/clock-events/{eventId}/voids,/v1/clock-events/{eventId}/voids,dwp-time-server,hcm.operations.time.update|hcm.personal.time.submit,OWNER_PEP_RISK_POLICY_DECISION_REQUIRED,REQUIRED_IDEMPOTENCY_KEY,REQUIRED_G3_ACTION_DESCRIPTOR_NOT_IMPLEMENTED,NOT_AUTHORIZED_G6
hris.action.tim.interpretation.run,PEP-TIM-009,interpretation.run,POST,/api/time/v1/interpretation-runs,/v1/interpretation-runs,dwp-time-server,hcm.operations.time.update|hcm.personal.time.submit,OWNER_PEP_RISK_POLICY_DECISION_REQUIRED,REQUIRED_IDEMPOTENCY_KEY,REQUIRED_G3_ACTION_DESCRIPTOR_NOT_IMPLEMENTED,NOT_AUTHORIZED_G6
hris.action.tim.timecard.correct,PEP-TIM-012,timecard.correct,POST,/api/time/v1/timecards/{timecardId}/corrections,/v1/timecards/{timecardId}/corrections,dwp-time-server,hcm.operations.time.update|hcm.personal.time.submit,OWNER_PEP_RISK_POLICY_DECISION_REQUIRED,REQUIRED_IDEMPOTENCY_KEY,REQUIRED_G3_ACTION_DESCRIPTOR_NOT_IMPLEMENTED,NOT_AUTHORIZED_G6
hris.action.tim.timecard.submit,PEP-TIM-013,timecard.submit,POST,/api/time/v1/timecards/{timecardId}/submit,/v1/timecards/{timecardId}/submit,dwp-time-server,hcm.personal.time.submit,OWNER_PEP_RISK_POLICY_DECISION_REQUIRED,REQUIRED_IDEMPOTENCY_KEY,REQUIRED_G3_ACTION_DESCRIPTOR_NOT_IMPLEMENTED,NOT_AUTHORIZED_G6
hris.action.tim.timecard.decide,PEP-TIM-014,timecard.decide,POST,/api/time/v1/timecards/{timecardId}/decisions,/v1/timecards/{timecardId}/decisions,dwp-time-server,hcm.operations.time.approve|hcm.team.time.approve,OWNER_PEP_RISK_POLICY_DECISION_REQUIRED,REQUIRED_IDEMPOTENCY_KEY,REQUIRED_G3_ACTION_DESCRIPTOR_NOT_IMPLEMENTED,NOT_AUTHORIZED_G6
hris.action.tim.leave.plan.create,PEP-TIM-015,leave.plan.create,POST,/api/time/v1/leave/plans/versions,/v1/leave/plans/versions,dwp-time-server,hcm.operations.leave.update,OWNER_PEP_RISK_POLICY_DECISION_REQUIRED,REQUIRED_IDEMPOTENCY_KEY,REQUIRED_G3_ACTION_DESCRIPTOR_NOT_IMPLEMENTED,NOT_AUTHORIZED_G6
hris.action.tim.leave.plan.publish,PEP-TIM-016,leave.plan.publish,POST,/api/time/v1/leave/plans/{planId}/publish,/v1/leave/plans/{planId}/publish,dwp-time-server,hcm.configuration.policy.publish,OWNER_PEP_RISK_POLICY_DECISION_REQUIRED,REQUIRED_IDEMPOTENCY_KEY,REQUIRED_G3_ACTION_DESCRIPTOR_NOT_IMPLEMENTED,NOT_AUTHORIZED_G6
hris.action.tim.leave.entitlement.run,PEP-TIM-017,leave.entitlement.run,POST,/api/time/v1/leave/entitlement-runs,/v1/leave/entitlement-runs,dwp-time-server,hcm.operations.leave.update,OWNER_PEP_RISK_POLICY_DECISION_REQUIRED,REQUIRED_IDEMPOTENCY_KEY,REQUIRED_G3_ACTION_DESCRIPTOR_NOT_IMPLEMENTED,NOT_AUTHORIZED_G6
hris.action.tim.leave.request.create,PEP-TIM-019,leave.request.create,POST,/api/time/v1/leave/requests,/v1/leave/requests,dwp-time-server,hcm.operations.leave.update|hcm.personal.leave.request,OWNER_PEP_RISK_POLICY_DECISION_REQUIRED,REQUIRED_IDEMPOTENCY_KEY,REQUIRED_G3_ACTION_DESCRIPTOR_NOT_IMPLEMENTED,NOT_AUTHORIZED_G6
hris.action.tim.leave.request.decide,PEP-TIM-020,leave.request.decide,POST,/api/time/v1/leave/requests/{requestId}/decisions,/v1/leave/requests/{requestId}/decisions,dwp-time-server,hcm.operations.leave.approve|hcm.team.leave.approve,OWNER_PEP_RISK_POLICY_DECISION_REQUIRED,REQUIRED_IDEMPOTENCY_KEY,REQUIRED_G3_ACTION_DESCRIPTOR_NOT_IMPLEMENTED,NOT_AUTHORIZED_G6
hris.action.tim.leave.request.cancel,PEP-TIM-021,leave.request.cancel,POST,/api/time/v1/leave/requests/{requestId}/cancellations,/v1/leave/requests/{requestId}/cancellations,dwp-time-server,hcm.operations.leave.update|hcm.personal.leave.request,OWNER_PEP_RISK_POLICY_DECISION_REQUIRED,REQUIRED_IDEMPOTENCY_KEY,REQUIRED_G3_ACTION_DESCRIPTOR_NOT_IMPLEMENTED,NOT_AUTHORIZED_G6
hris.action.tim.close.validate,PEP-TIM-022,close.validate,POST,/api/time/v1/close-periods/{periodId}/validations,/v1/close-periods/{periodId}/validations,dwp-time-server,hcm.operations.time.close,OWNER_PEP_RISK_POLICY_DECISION_REQUIRED,REQUIRED_IDEMPOTENCY_KEY,REQUIRED_G3_ACTION_DESCRIPTOR_NOT_IMPLEMENTED,NOT_AUTHORIZED_G6
hris.action.tim.close.close,PEP-TIM-023,close.close,POST,/api/time/v1/close-periods/{periodId}/close,/v1/close-periods/{periodId}/close,dwp-time-server,hcm.operations.time.close,OWNER_PEP_RISK_POLICY_DECISION_REQUIRED,REQUIRED_IDEMPOTENCY_KEY,REQUIRED_G3_ACTION_DESCRIPTOR_NOT_IMPLEMENTED,NOT_AUTHORIZED_G6
hris.action.tim.close.reopen,PEP-TIM-024,close.reopen,POST,/api/time/v1/close-periods/{periodId}/reopen,/v1/close-periods/{periodId}/reopen,dwp-time-server,hcm.operations.time.reopen,OWNER_PEP_RISK_POLICY_DECISION_REQUIRED,REQUIRED_IDEMPOTENCY_KEY,REQUIRED_G3_ACTION_DESCRIPTOR_NOT_IMPLEMENTED,NOT_AUTHORIZED_G6
hris.action.tim.handoff.create,PEP-TIM-025,handoff.create,POST,/api/time/v1/close-periods/{periodId}/payroll-handoffs,/v1/close-periods/{periodId}/payroll-handoffs,dwp-time-server,hcm.operations.time.close,OWNER_PEP_RISK_POLICY_DECISION_REQUIRED,REQUIRED_IDEMPOTENCY_KEY,REQUIRED_G3_ACTION_DESCRIPTOR_NOT_IMPLEMENTED,NOT_AUTHORIZED_G6
hris.action.tim.insight.export,PEP-TIM-027,insight.export,POST,/api/time/v1/insights/exports,/v1/insights/exports,dwp-time-server,hcm.operations.time.export,OWNER_PEP_RISK_POLICY_DECISION_REQUIRED,REQUIRED_IDEMPOTENCY_KEY,REQUIRED_G3_ACTION_DESCRIPTOR_NOT_IMPLEMENTED,NOT_AUTHORIZED_G6
hris.action.shared.approval.policy.publish.command,SHARED-API-006,APPROVAL_POLICY_PUBLISH_COMMAND,POST,/api/approvals/v1/admin/policies/{policyId}/publish,/v1/admin/policies/{policyId}/publish,dwp-approval-server,EXTERNAL_SHARED_AUTHORIZATION_EXCEPTION,OWNER_PEP_RISK_POLICY_DECISION_REQUIRED,REQUIRED_IDEMPOTENCY_KEY,REQUIRED_G3_ACTION_DESCRIPTOR_NOT_IMPLEMENTED,NOT_AUTHORIZED_G6
hris.action.shared.approval.delegation.create.command,SHARED-API-011,APPROVAL_DELEGATION_CREATE_COMMAND,POST,/api/approvals/v1/delegations,/v1/delegations,dwp-approval-server,EXTERNAL_SHARED_AUTHORIZATION_EXCEPTION,OWNER_PEP_RISK_POLICY_DECISION_REQUIRED,REQUIRED_IDEMPOTENCY_KEY,REQUIRED_G3_ACTION_DESCRIPTOR_NOT_IMPLEMENTED,NOT_AUTHORIZED_G6
hris.action.shared.approval.delegation.revoke.command,SHARED-API-012,APPROVAL_DELEGATION_REVOKE_COMMAND,POST,/api/approvals/v1/delegations/{delegationId}/revoke,/v1/delegations/{delegationId}/revoke,dwp-approval-server,EXTERNAL_SHARED_AUTHORIZATION_EXCEPTION,OWNER_PEP_RISK_POLICY_DECISION_REQUIRED,REQUIRED_IDEMPOTENCY_KEY,REQUIRED_G3_ACTION_DESCRIPTOR_NOT_IMPLEMENTED,NOT_AUTHORIZED_G6
hris.action.sys.post.auth.v1.admin.hris.access-packages,SYS-API-002,SYS-API-002,POST,/api/auth/v1/admin/hris/access-packages,/v1/admin/hris/access-packages,dwp-auth-server,hcm.configuration.policy.update,OWNER_PEP_RISK_POLICY_DECISION_REQUIRED,REQUIRED_IDEMPOTENCY_KEY,REQUIRED_G3_ACTION_DESCRIPTOR_NOT_IMPLEMENTED,NOT_AUTHORIZED_G6
hris.action.sys.post.auth.v1.admin.hris.access-packages.resource.versions.resource.activate,SYS-API-003,SYS-API-003,POST,/api/auth/v1/admin/hris/access-packages/{packageId}/versions/{version}/activate,/v1/admin/hris/access-packages/{packageId}/versions/{version}/activate,dwp-auth-server,hcm.configuration.policy.publish,OWNER_PEP_RISK_POLICY_DECISION_REQUIRED,REQUIRED_IDEMPOTENCY_KEY,REQUIRED_G3_ACTION_DESCRIPTOR_NOT_IMPLEMENTED,NOT_AUTHORIZED_G6
hris.action.sys.post.auth.v1.admin.hris.access-assignments.simulations,SYS-API-004,SYS-API-004,POST,/api/auth/v1/admin/hris/access-assignments/simulations,/v1/admin/hris/access-assignments/simulations,dwp-auth-server,hcm.configuration.policy.update,OWNER_PEP_RISK_POLICY_DECISION_REQUIRED,REQUIRED_IDEMPOTENCY_KEY,REQUIRED_G3_ACTION_DESCRIPTOR_NOT_IMPLEMENTED,NOT_AUTHORIZED_G6
hris.action.sys.post.auth.v1.admin.hris.access-assignments,SYS-API-005,SYS-API-005,POST,/api/auth/v1/admin/hris/access-assignments,/v1/admin/hris/access-assignments,dwp-auth-server,hcm.configuration.policy.update,OWNER_PEP_RISK_POLICY_DECISION_REQUIRED,REQUIRED_IDEMPOTENCY_KEY,REQUIRED_G3_ACTION_DESCRIPTOR_NOT_IMPLEMENTED,NOT_AUTHORIZED_G6
hris.action.sys.post.auth.v1.admin.hris.access-assignments.resource.submit,SYS-API-006,SYS-API-006,POST,/api/auth/v1/admin/hris/access-assignments/{assignmentId}/submit,/v1/admin/hris/access-assignments/{assignmentId}/submit,dwp-auth-server,hcm.configuration.policy.update,OWNER_PEP_RISK_POLICY_DECISION_REQUIRED,REQUIRED_IDEMPOTENCY_KEY,REQUIRED_G3_ACTION_DESCRIPTOR_NOT_IMPLEMENTED,NOT_AUTHORIZED_G6
hris.action.sys.post.auth.v1.admin.hris.access-assignments.resource.approve,SYS-API-007,SYS-API-007,POST,/api/auth/v1/admin/hris/access-assignments/{assignmentId}/approve,/v1/admin/hris/access-assignments/{assignmentId}/approve,dwp-auth-server,hcm.configuration.policy.publish,OWNER_PEP_RISK_POLICY_DECISION_REQUIRED,REQUIRED_IDEMPOTENCY_KEY,REQUIRED_G3_ACTION_DESCRIPTOR_NOT_IMPLEMENTED,NOT_AUTHORIZED_G6
hris.action.sys.post.auth.v1.admin.hris.access-assignments.resource.activate,SYS-API-008,SYS-API-008,POST,/api/auth/v1/admin/hris/access-assignments/{assignmentId}/activate,/v1/admin/hris/access-assignments/{assignmentId}/activate,dwp-auth-server,hcm.configuration.policy.publish,OWNER_PEP_RISK_POLICY_DECISION_REQUIRED,REQUIRED_IDEMPOTENCY_KEY,REQUIRED_G3_ACTION_DESCRIPTOR_NOT_IMPLEMENTED,NOT_AUTHORIZED_G6
hris.action.sys.post.auth.v1.admin.hris.access-assignments.resource.revoke,SYS-API-009,SYS-API-009,POST,/api/auth/v1/admin/hris/access-assignments/{assignmentId}/revoke,/v1/admin/hris/access-assignments/{assignmentId}/revoke,dwp-auth-server,hcm.configuration.policy.publish,OWNER_PEP_RISK_POLICY_DECISION_REQUIRED,REQUIRED_IDEMPOTENCY_KEY,REQUIRED_G3_ACTION_DESCRIPTOR_NOT_IMPLEMENTED,NOT_AUTHORIZED_G6
hris.action.sys.post.platform.v1.admin.hris.configurations.resource.versions,SYS-API-012,SYS-API-012,POST,/api/platform/v1/admin/hris/configurations/{configId}/versions,/v1/admin/hris/configurations/{configId}/versions,dwp-platform-server,hcm.configuration.policy.update,OWNER_PEP_RISK_POLICY_DECISION_REQUIRED,REQUIRED_IDEMPOTENCY_KEY,REQUIRED_G3_ACTION_DESCRIPTOR_NOT_IMPLEMENTED,NOT_AUTHORIZED_G6
hris.action.sys.post.platform.v1.admin.hris.configurations.resource.versions.resource.validate,SYS-API-013,SYS-API-013,POST,/api/platform/v1/admin/hris/configurations/{configId}/versions/{version}/validate,/v1/admin/hris/configurations/{configId}/versions/{version}/validate,dwp-platform-server,hcm.configuration.policy.update,OWNER_PEP_RISK_POLICY_DECISION_REQUIRED,REQUIRED_IDEMPOTENCY_KEY,REQUIRED_G3_ACTION_DESCRIPTOR_NOT_IMPLEMENTED,NOT_AUTHORIZED_G6
hris.action.sys.post.platform.v1.admin.hris.configurations.resource.versions.resource.simulate,SYS-API-014,SYS-API-014,POST,/api/platform/v1/admin/hris/configurations/{configId}/versions/{version}/simulate,/v1/admin/hris/configurations/{configId}/versions/{version}/simulate,dwp-platform-server,hcm.configuration.policy.update,OWNER_PEP_RISK_POLICY_DECISION_REQUIRED,REQUIRED_IDEMPOTENCY_KEY,REQUIRED_G3_ACTION_DESCRIPTOR_NOT_IMPLEMENTED,NOT_AUTHORIZED_G6
hris.action.sys.post.platform.v1.admin.hris.configurations.resource.versions.resource.approve,SYS-API-015,SYS-API-015,POST,/api/platform/v1/admin/hris/configurations/{configId}/versions/{version}/approve,/v1/admin/hris/configurations/{configId}/versions/{version}/approve,dwp-platform-server,hcm.configuration.policy.publish,OWNER_PEP_RISK_POLICY_DECISION_REQUIRED,REQUIRED_IDEMPOTENCY_KEY,REQUIRED_G3_ACTION_DESCRIPTOR_NOT_IMPLEMENTED,NOT_AUTHORIZED_G6
hris.action.sys.post.platform.v1.admin.hris.configurations.resource.versions.resource.publish,SYS-API-016,SYS-API-016,POST,/api/platform/v1/admin/hris/configurations/{configId}/versions/{version}/publish,/v1/admin/hris/configurations/{configId}/versions/{version}/publish,dwp-platform-server,hcm.configuration.policy.publish,OWNER_PEP_RISK_POLICY_DECISION_REQUIRED,REQUIRED_IDEMPOTENCY_KEY,REQUIRED_G3_ACTION_DESCRIPTOR_NOT_IMPLEMENTED,NOT_AUTHORIZED_G6
hris.action.sys.post.platform.v1.admin.hris.automations,SYS-API-017,SYS-API-017,POST,/api/platform/v1/admin/hris/automations,/v1/admin/hris/automations,dwp-platform-server,hcm.configuration.policy.update,OWNER_PEP_RISK_POLICY_DECISION_REQUIRED,REQUIRED_IDEMPOTENCY_KEY,REQUIRED_G3_ACTION_DESCRIPTOR_NOT_IMPLEMENTED,NOT_AUTHORIZED_G6
hris.action.sys.post.platform.v1.admin.hris.automations.resource.runs,SYS-API-018,SYS-API-018,POST,/api/platform/v1/admin/hris/automations/{automationId}/runs,/v1/admin/hris/automations/{automationId}/runs,dwp-platform-server,hcm.integration.execute,OWNER_PEP_RISK_POLICY_DECISION_REQUIRED,REQUIRED_IDEMPOTENCY_KEY,REQUIRED_G3_ACTION_DESCRIPTOR_NOT_IMPLEMENTED,NOT_AUTHORIZED_G6
hris.action.sys.post.platform.v1.admin.hris.automation-runs.resource.retry,SYS-API-020,SYS-API-020,POST,/api/platform/v1/admin/hris/automation-runs/{runId}/retry,/v1/admin/hris/automation-runs/{runId}/retry,dwp-platform-server,hcm.integration.execute,OWNER_PEP_RISK_POLICY_DECISION_REQUIRED,REQUIRED_IDEMPOTENCY_KEY,REQUIRED_G3_ACTION_DESCRIPTOR_NOT_IMPLEMENTED,NOT_AUTHORIZED_G6
hris.action.sys.post.platform.v1.admin.hris.connectors,SYS-API-021,SYS-API-021,POST,/api/platform/v1/admin/hris/connectors,/v1/admin/hris/connectors,dwp-platform-server,hcm.integration.definition.update,OWNER_PEP_RISK_POLICY_DECISION_REQUIRED,REQUIRED_IDEMPOTENCY_KEY,REQUIRED_G3_ACTION_DESCRIPTOR_NOT_IMPLEMENTED,NOT_AUTHORIZED_G6
hris.action.sys.post.platform.v1.admin.hris.connectors.resource.test,SYS-API-022,SYS-API-022,POST,/api/platform/v1/admin/hris/connectors/{connectorId}/test,/v1/admin/hris/connectors/{connectorId}/test,dwp-platform-server,hcm.integration.definition.update,OWNER_PEP_RISK_POLICY_DECISION_REQUIRED,REQUIRED_IDEMPOTENCY_KEY,REQUIRED_G3_ACTION_DESCRIPTOR_NOT_IMPLEMENTED,NOT_AUTHORIZED_G6
hris.action.sys.post.platform.v1.admin.hris.connectors.resource.mappings.resource.dry-runs,SYS-API-023,SYS-API-023,POST,/api/platform/v1/admin/hris/connectors/{connectorId}/mappings/{version}/dry-runs,/v1/admin/hris/connectors/{connectorId}/mappings/{version}/dry-runs,dwp-platform-server,hcm.integration.definition.update,OWNER_PEP_RISK_POLICY_DECISION_REQUIRED,REQUIRED_IDEMPOTENCY_KEY,REQUIRED_G3_ACTION_DESCRIPTOR_NOT_IMPLEMENTED,NOT_AUTHORIZED_G6
hris.action.sys.post.platform.v1.admin.hris.connectors.resource.executions,SYS-API-024,SYS-API-024,POST,/api/platform/v1/admin/hris/connectors/{connectorId}/executions,/v1/admin/hris/connectors/{connectorId}/executions,dwp-platform-server,hcm.integration.execute,OWNER_PEP_RISK_POLICY_DECISION_REQUIRED,REQUIRED_IDEMPOTENCY_KEY,REQUIRED_G3_ACTION_DESCRIPTOR_NOT_IMPLEMENTED,NOT_AUTHORIZED_G6
hris.action.sys.post.platform.v1.admin.hris.tenants.resource.extension-installations,SYS-API-029,SYS-API-029,POST,/api/platform/v1/admin/hris/tenants/{tenantId}/extension-installations,/v1/admin/hris/tenants/{tenantId}/extension-installations,dwp-platform-server,hcm.configuration.policy.publish,OWNER_PEP_RISK_POLICY_DECISION_REQUIRED,REQUIRED_IDEMPOTENCY_KEY,REQUIRED_G3_ACTION_DESCRIPTOR_NOT_IMPLEMENTED,NOT_AUTHORIZED_G6
hris.action.sys.post.platform.v1.admin.hris.tenants.resource.extension-installations.resource.enable,SYS-API-030,SYS-API-030,POST,/api/platform/v1/admin/hris/tenants/{tenantId}/extension-installations/{installationId}/enable,/v1/admin/hris/tenants/{tenantId}/extension-installations/{installationId}/enable,dwp-platform-server,hcm.configuration.policy.publish,OWNER_PEP_RISK_POLICY_DECISION_REQUIRED,REQUIRED_IDEMPOTENCY_KEY,REQUIRED_G3_ACTION_DESCRIPTOR_NOT_IMPLEMENTED,NOT_AUTHORIZED_G6
hris.action.sys.post.platform.v1.admin.hris.configurations.resource.versions.resource.submit,SYS-API-042,SYS-API-042,POST,/api/platform/v1/admin/hris/configurations/{configId}/versions/{version}/submit,/v1/admin/hris/configurations/{configId}/versions/{version}/submit,dwp-platform-server,hcm.configuration.policy.update,OWNER_PEP_RISK_POLICY_DECISION_REQUIRED,REQUIRED_IDEMPOTENCY_KEY,REQUIRED_G3_ACTION_DESCRIPTOR_NOT_IMPLEMENTED,NOT_AUTHORIZED_G6
hris.action.sys.post.platform.v1.admin.hris.configurations.resource.versions.resource.schedule,SYS-API-043,SYS-API-043,POST,/api/platform/v1/admin/hris/configurations/{configId}/versions/{version}/schedule,/v1/admin/hris/configurations/{configId}/versions/{version}/schedule,dwp-platform-server,hcm.configuration.policy.publish,OWNER_PEP_RISK_POLICY_DECISION_REQUIRED,REQUIRED_IDEMPOTENCY_KEY,REQUIRED_G3_ACTION_DESCRIPTOR_NOT_IMPLEMENTED,NOT_AUTHORIZED_G6
hris.action.sys.post.platform.v1.admin.hris.configurations.resource.versions.resource.rollback,SYS-API-044,SYS-API-044,POST,/api/platform/v1/admin/hris/configurations/{configId}/versions/{version}/rollback,/v1/admin/hris/configurations/{configId}/versions/{version}/rollback,dwp-platform-server,hcm.configuration.policy.publish,OWNER_PEP_RISK_POLICY_DECISION_REQUIRED,REQUIRED_IDEMPOTENCY_KEY,REQUIRED_G3_ACTION_DESCRIPTOR_NOT_IMPLEMENTED,NOT_AUTHORIZED_G6
hris.action.sys.post.platform.v1.admin.hris.configurations.resource.versions.resource.retire,SYS-API-045,SYS-API-045,POST,/api/platform/v1/admin/hris/configurations/{configId}/versions/{version}/retire,/v1/admin/hris/configurations/{configId}/versions/{version}/retire,dwp-platform-server,hcm.configuration.policy.publish,OWNER_PEP_RISK_POLICY_DECISION_REQUIRED,REQUIRED_IDEMPOTENCY_KEY,REQUIRED_G3_ACTION_DESCRIPTOR_NOT_IMPLEMENTED,NOT_AUTHORIZED_G6
hris.action.sys.post.platform.v1.admin.hris.automations.resource.versions,SYS-API-046,SYS-API-046,POST,/api/platform/v1/admin/hris/automations/{automationId}/versions,/v1/admin/hris/automations/{automationId}/versions,dwp-platform-server,hcm.configuration.policy.update,OWNER_PEP_RISK_POLICY_DECISION_REQUIRED,REQUIRED_IDEMPOTENCY_KEY,REQUIRED_G3_ACTION_DESCRIPTOR_NOT_IMPLEMENTED,NOT_AUTHORIZED_G6
hris.action.sys.post.platform.v1.admin.hris.automations.resource.versions.resource.validate,SYS-API-047,SYS-API-047,POST,/api/platform/v1/admin/hris/automations/{automationId}/versions/{version}/validate,/v1/admin/hris/automations/{automationId}/versions/{version}/validate,dwp-platform-server,hcm.configuration.policy.update,OWNER_PEP_RISK_POLICY_DECISION_REQUIRED,REQUIRED_IDEMPOTENCY_KEY,REQUIRED_G3_ACTION_DESCRIPTOR_NOT_IMPLEMENTED,NOT_AUTHORIZED_G6
hris.action.sys.post.platform.v1.admin.hris.automations.resource.versions.resource.submit,SYS-API-048,SYS-API-048,POST,/api/platform/v1/admin/hris/automations/{automationId}/versions/{version}/submit,/v1/admin/hris/automations/{automationId}/versions/{version}/submit,dwp-platform-server,hcm.configuration.policy.update,OWNER_PEP_RISK_POLICY_DECISION_REQUIRED,REQUIRED_IDEMPOTENCY_KEY,REQUIRED_G3_ACTION_DESCRIPTOR_NOT_IMPLEMENTED,NOT_AUTHORIZED_G6
hris.action.sys.post.platform.v1.admin.hris.automations.resource.versions.resource.approve,SYS-API-049,SYS-API-049,POST,/api/platform/v1/admin/hris/automations/{automationId}/versions/{version}/approve,/v1/admin/hris/automations/{automationId}/versions/{version}/approve,dwp-platform-server,hcm.configuration.policy.publish,OWNER_PEP_RISK_POLICY_DECISION_REQUIRED,REQUIRED_IDEMPOTENCY_KEY,REQUIRED_G3_ACTION_DESCRIPTOR_NOT_IMPLEMENTED,NOT_AUTHORIZED_G6
hris.action.sys.post.platform.v1.admin.hris.automations.resource.versions.resource.activate,SYS-API-050,SYS-API-050,POST,/api/platform/v1/admin/hris/automations/{automationId}/versions/{version}/activate,/v1/admin/hris/automations/{automationId}/versions/{version}/activate,dwp-platform-server,hcm.integration.execute,OWNER_PEP_RISK_POLICY_DECISION_REQUIRED,REQUIRED_IDEMPOTENCY_KEY,REQUIRED_G3_ACTION_DESCRIPTOR_NOT_IMPLEMENTED,NOT_AUTHORIZED_G6
hris.action.sys.post.platform.v1.admin.hris.automations.resource.schedules,SYS-API-051,SYS-API-051,POST,/api/platform/v1/admin/hris/automations/{automationId}/schedules,/v1/admin/hris/automations/{automationId}/schedules,dwp-platform-server,hcm.configuration.policy.update,OWNER_PEP_RISK_POLICY_DECISION_REQUIRED,REQUIRED_IDEMPOTENCY_KEY,REQUIRED_G3_ACTION_DESCRIPTOR_NOT_IMPLEMENTED,NOT_AUTHORIZED_G6
hris.action.sys.post.platform.v1.admin.hris.automation-schedules.resource.submit,SYS-API-052,SYS-API-052,POST,/api/platform/v1/admin/hris/automation-schedules/{scheduleId}/submit,/v1/admin/hris/automation-schedules/{scheduleId}/submit,dwp-platform-server,hcm.configuration.policy.update,OWNER_PEP_RISK_POLICY_DECISION_REQUIRED,REQUIRED_IDEMPOTENCY_KEY,REQUIRED_G3_ACTION_DESCRIPTOR_NOT_IMPLEMENTED,NOT_AUTHORIZED_G6
hris.action.sys.post.platform.v1.admin.hris.automation-schedules.resource.approve,SYS-API-053,SYS-API-053,POST,/api/platform/v1/admin/hris/automation-schedules/{scheduleId}/approve,/v1/admin/hris/automation-schedules/{scheduleId}/approve,dwp-platform-server,hcm.configuration.policy.publish,OWNER_PEP_RISK_POLICY_DECISION_REQUIRED,REQUIRED_IDEMPOTENCY_KEY,REQUIRED_G3_ACTION_DESCRIPTOR_NOT_IMPLEMENTED,NOT_AUTHORIZED_G6
hris.action.sys.post.platform.v1.admin.hris.automation-schedules.resource.activate,SYS-API-054,SYS-API-054,POST,/api/platform/v1/admin/hris/automation-schedules/{scheduleId}/activate,/v1/admin/hris/automation-schedules/{scheduleId}/activate,dwp-platform-server,hcm.integration.execute,OWNER_PEP_RISK_POLICY_DECISION_REQUIRED,REQUIRED_IDEMPOTENCY_KEY,REQUIRED_G3_ACTION_DESCRIPTOR_NOT_IMPLEMENTED,NOT_AUTHORIZED_G6
hris.action.sys.post.platform.v1.admin.hris.automation-schedules.resource.suspend,SYS-API-055,SYS-API-055,POST,/api/platform/v1/admin/hris/automation-schedules/{scheduleId}/suspend,/v1/admin/hris/automation-schedules/{scheduleId}/suspend,dwp-platform-server,hcm.integration.execute,OWNER_PEP_RISK_POLICY_DECISION_REQUIRED,REQUIRED_IDEMPOTENCY_KEY,REQUIRED_G3_ACTION_DESCRIPTOR_NOT_IMPLEMENTED,NOT_AUTHORIZED_G6
hris.action.sys.post.platform.v1.admin.hris.automation-runs.resource.cancel,SYS-API-056,SYS-API-056,POST,/api/platform/v1/admin/hris/automation-runs/{runId}/cancel,/v1/admin/hris/automation-runs/{runId}/cancel,dwp-platform-server,hcm.integration.execute,OWNER_PEP_RISK_POLICY_DECISION_REQUIRED,REQUIRED_IDEMPOTENCY_KEY,REQUIRED_G3_ACTION_DESCRIPTOR_NOT_IMPLEMENTED,NOT_AUTHORIZED_G6
hris.action.sys.post.platform.v1.admin.hris.connectors.resource.validate,SYS-API-057,SYS-API-057,POST,/api/platform/v1/admin/hris/connectors/{connectorId}/validate,/v1/admin/hris/connectors/{connectorId}/validate,dwp-platform-server,hcm.integration.definition.update,OWNER_PEP_RISK_POLICY_DECISION_REQUIRED,REQUIRED_IDEMPOTENCY_KEY,REQUIRED_G3_ACTION_DESCRIPTOR_NOT_IMPLEMENTED,NOT_AUTHORIZED_G6
hris.action.sys.post.platform.v1.admin.hris.connectors.resource.submit,SYS-API-058,SYS-API-058,POST,/api/platform/v1/admin/hris/connectors/{connectorId}/submit,/v1/admin/hris/connectors/{connectorId}/submit,dwp-platform-server,hcm.integration.definition.update,OWNER_PEP_RISK_POLICY_DECISION_REQUIRED,REQUIRED_IDEMPOTENCY_KEY,REQUIRED_G3_ACTION_DESCRIPTOR_NOT_IMPLEMENTED,NOT_AUTHORIZED_G6
hris.action.sys.post.platform.v1.admin.hris.connectors.resource.approve,SYS-API-059,SYS-API-059,POST,/api/platform/v1/admin/hris/connectors/{connectorId}/approve,/v1/admin/hris/connectors/{connectorId}/approve,dwp-platform-server,hcm.integration.execute,OWNER_PEP_RISK_POLICY_DECISION_REQUIRED,REQUIRED_IDEMPOTENCY_KEY,REQUIRED_G3_ACTION_DESCRIPTOR_NOT_IMPLEMENTED,NOT_AUTHORIZED_G6
hris.action.sys.post.platform.v1.admin.hris.connectors.resource.activate,SYS-API-060,SYS-API-060,POST,/api/platform/v1/admin/hris/connectors/{connectorId}/activate,/v1/admin/hris/connectors/{connectorId}/activate,dwp-platform-server,hcm.integration.execute,OWNER_PEP_RISK_POLICY_DECISION_REQUIRED,REQUIRED_IDEMPOTENCY_KEY,REQUIRED_G3_ACTION_DESCRIPTOR_NOT_IMPLEMENTED,NOT_AUTHORIZED_G6
hris.action.sys.post.platform.v1.admin.hris.connectors.resource.mappings,SYS-API-061,SYS-API-061,POST,/api/platform/v1/admin/hris/connectors/{connectorId}/mappings,/v1/admin/hris/connectors/{connectorId}/mappings,dwp-platform-server,hcm.integration.definition.update,OWNER_PEP_RISK_POLICY_DECISION_REQUIRED,REQUIRED_IDEMPOTENCY_KEY,REQUIRED_G3_ACTION_DESCRIPTOR_NOT_IMPLEMENTED,NOT_AUTHORIZED_G6
hris.action.sys.post.platform.v1.admin.hris.connectors.resource.mappings.resource.validate,SYS-API-062,SYS-API-062,POST,/api/platform/v1/admin/hris/connectors/{connectorId}/mappings/{version}/validate,/v1/admin/hris/connectors/{connectorId}/mappings/{version}/validate,dwp-platform-server,hcm.integration.definition.update,OWNER_PEP_RISK_POLICY_DECISION_REQUIRED,REQUIRED_IDEMPOTENCY_KEY,REQUIRED_G3_ACTION_DESCRIPTOR_NOT_IMPLEMENTED,NOT_AUTHORIZED_G6
hris.action.sys.post.platform.v1.admin.hris.connectors.resource.mappings.resource.submit,SYS-API-063,SYS-API-063,POST,/api/platform/v1/admin/hris/connectors/{connectorId}/mappings/{version}/submit,/v1/admin/hris/connectors/{connectorId}/mappings/{version}/submit,dwp-platform-server,hcm.integration.definition.update,OWNER_PEP_RISK_POLICY_DECISION_REQUIRED,REQUIRED_IDEMPOTENCY_KEY,REQUIRED_G3_ACTION_DESCRIPTOR_NOT_IMPLEMENTED,NOT_AUTHORIZED_G6
hris.action.sys.post.platform.v1.admin.hris.connectors.resource.mappings.resource.approve,SYS-API-064,SYS-API-064,POST,/api/platform/v1/admin/hris/connectors/{connectorId}/mappings/{version}/approve,/v1/admin/hris/connectors/{connectorId}/mappings/{version}/approve,dwp-platform-server,hcm.integration.execute,OWNER_PEP_RISK_POLICY_DECISION_REQUIRED,REQUIRED_IDEMPOTENCY_KEY,REQUIRED_G3_ACTION_DESCRIPTOR_NOT_IMPLEMENTED,NOT_AUTHORIZED_G6
hris.action.sys.post.platform.v1.admin.hris.connectors.resource.mappings.resource.activate,SYS-API-065,SYS-API-065,POST,/api/platform/v1/admin/hris/connectors/{connectorId}/mappings/{version}/activate,/v1/admin/hris/connectors/{connectorId}/mappings/{version}/activate,dwp-platform-server,hcm.integration.execute,OWNER_PEP_RISK_POLICY_DECISION_REQUIRED,REQUIRED_IDEMPOTENCY_KEY,REQUIRED_G3_ACTION_DESCRIPTOR_NOT_IMPLEMENTED,NOT_AUTHORIZED_G6
hris.action.sys.post.platform.v1.admin.hris.connector-executions.resource.reconcile,SYS-API-066,SYS-API-066,POST,/api/platform/v1/admin/hris/connector-executions/{executionId}/reconcile,/v1/admin/hris/connector-executions/{executionId}/reconcile,dwp-platform-server,hcm.integration.execute,OWNER_PEP_RISK_POLICY_DECISION_REQUIRED,REQUIRED_IDEMPOTENCY_KEY,REQUIRED_G3_ACTION_DESCRIPTOR_NOT_IMPLEMENTED,NOT_AUTHORIZED_G6
hris.action.sys.post.platform.v1.admin.hris.connector-executions.resource.retry,SYS-API-067,SYS-API-067,POST,/api/platform/v1/admin/hris/connector-executions/{executionId}/retry,/v1/admin/hris/connector-executions/{executionId}/retry,dwp-platform-server,hcm.integration.execute,OWNER_PEP_RISK_POLICY_DECISION_REQUIRED,REQUIRED_IDEMPOTENCY_KEY,REQUIRED_G3_ACTION_DESCRIPTOR_NOT_IMPLEMENTED,NOT_AUTHORIZED_G6
hris.action.sys.post.platform.v1.admin.hris.connector-executions.resource.cancel,SYS-API-068,SYS-API-068,POST,/api/platform/v1/admin/hris/connector-executions/{executionId}/cancel,/v1/admin/hris/connector-executions/{executionId}/cancel,dwp-platform-server,hcm.integration.execute,OWNER_PEP_RISK_POLICY_DECISION_REQUIRED,REQUIRED_IDEMPOTENCY_KEY,REQUIRED_G3_ACTION_DESCRIPTOR_NOT_IMPLEMENTED,NOT_AUTHORIZED_G6
hris.action.sys.post.platform.v1.admin.hris.extension-packs.resource.versions.resource.verify,SYS-API-069,SYS-API-069,POST,/api/platform/v1/admin/hris/extension-packs/{packId}/versions/{version}/verify,/v1/admin/hris/extension-packs/{packId}/versions/{version}/verify,dwp-platform-server,hcm.configuration.policy.publish|hcm.configuration.policy.update,OWNER_PEP_RISK_POLICY_DECISION_REQUIRED,REQUIRED_IDEMPOTENCY_KEY,REQUIRED_G3_ACTION_DESCRIPTOR_NOT_IMPLEMENTED,NOT_AUTHORIZED_G6
hris.action.sys.post.platform.v1.admin.hris.extension-packs.resource.versions.resource.approve,SYS-API-070,SYS-API-070,POST,/api/platform/v1/admin/hris/extension-packs/{packId}/versions/{version}/approve,/v1/admin/hris/extension-packs/{packId}/versions/{version}/approve,dwp-platform-server,hcm.configuration.policy.publish,OWNER_PEP_RISK_POLICY_DECISION_REQUIRED,REQUIRED_IDEMPOTENCY_KEY,REQUIRED_G3_ACTION_DESCRIPTOR_NOT_IMPLEMENTED,NOT_AUTHORIZED_G6
hris.action.sys.post.platform.v1.admin.hris.tenants.resource.extension-installations.resource.approve,SYS-API-071,SYS-API-071,POST,/api/platform/v1/admin/hris/tenants/{tenantId}/extension-installations/{installationId}/approve,/v1/admin/hris/tenants/{tenantId}/extension-installations/{installationId}/approve,dwp-platform-server,hcm.configuration.policy.publish,OWNER_PEP_RISK_POLICY_DECISION_REQUIRED,REQUIRED_IDEMPOTENCY_KEY,REQUIRED_G3_ACTION_DESCRIPTOR_NOT_IMPLEMENTED,NOT_AUTHORIZED_G6
hris.action.sys.post.platform.v1.admin.hris.tenants.resource.extension-installations.resource.install,SYS-API-072,SYS-API-072,POST,/api/platform/v1/admin/hris/tenants/{tenantId}/extension-installations/{installationId}/install,/v1/admin/hris/tenants/{tenantId}/extension-installations/{installationId}/install,dwp-platform-server,hcm.configuration.policy.publish,OWNER_PEP_RISK_POLICY_DECISION_REQUIRED,REQUIRED_IDEMPOTENCY_KEY,REQUIRED_G3_ACTION_DESCRIPTOR_NOT_IMPLEMENTED,NOT_AUTHORIZED_G6
hris.action.sys.post.platform.v1.admin.hris.tenants.resource.extension-installations.resource.suspend,SYS-API-073,SYS-API-073,POST,/api/platform/v1/admin/hris/tenants/{tenantId}/extension-installations/{installationId}/suspend,/v1/admin/hris/tenants/{tenantId}/extension-installations/{installationId}/suspend,dwp-platform-server,hcm.configuration.policy.publish,OWNER_PEP_RISK_POLICY_DECISION_REQUIRED,REQUIRED_IDEMPOTENCY_KEY,REQUIRED_G3_ACTION_DESCRIPTOR_NOT_IMPLEMENTED,NOT_AUTHORIZED_G6
hris.action.sys.post.platform.v1.admin.hris.tenants.resource.extension-installations.resource.revoke,SYS-API-074,SYS-API-074,POST,/api/platform/v1/admin/hris/tenants/{tenantId}/extension-installations/{installationId}/revoke,/v1/admin/hris/tenants/{tenantId}/extension-installations/{installationId}/revoke,dwp-platform-server,hcm.configuration.policy.publish,OWNER_PEP_RISK_POLICY_DECISION_REQUIRED,REQUIRED_IDEMPOTENCY_KEY,REQUIRED_G3_ACTION_DESCRIPTOR_NOT_IMPLEMENTED,NOT_AUTHORIZED_G6
hris.action.sys.post.platform.v1.admin.hris.extension-packs.resource.versions.resource.revoke,SYS-API-075,SYS-API-075,POST,/api/platform/v1/admin/hris/extension-packs/{packId}/versions/{version}/revoke,/v1/admin/hris/extension-packs/{packId}/versions/{version}/revoke,dwp-platform-server,hcm.configuration.policy.publish,OWNER_PEP_RISK_POLICY_DECISION_REQUIRED,REQUIRED_IDEMPOTENCY_KEY,REQUIRED_G3_ACTION_DESCRIPTOR_NOT_IMPLEMENTED,NOT_AUTHORIZED_G6
