query_id,operation_id,ia_node_id,owner_session,primary_slice_id,owner_service,method,browser_path,owner_path,request_schema_ref,response_schema_ref,problem_schema_ref,authorization_capability,authorization_profiles,pep_layers,allowed_filters,allowed_sorts,default_sort,max_page_size,deep_link_route,action_keys,action_provenance_refs,test_allocation_id,runtime_invariant_ids,implementation_state,production_state
IAQ-001,IAQ.OP.001,BASE:my-hr-profile,HRIS-HRM,BASE-TFR-HRM-004,dwp-people-server,GET,/api/people/v1/hris/workbench/self-service/profile,/v1/hris/workbench/self-service/profile,ia-entry-query-projection-schemas.v1.json#/projections/IAQ-001/requestSchema,ia-entry-query-projection-schemas.v1.json#/projections/IAQ-001/responseSchema,ia-entry-query-projection-schemas.v1.json#/$defs/Problem,hcm.personal.profile.view,HRIS_EMPLOYEE>HRIS_DUTY_SELF_PROFILE_READER,GATEWAY_APP_ENTITLEMENT|OWNER_API_OPERATION|RESOURCE_POPULATION|REPOSITORY_TENANT_PREDICATE|FIELD_PROJECTION|PURPOSE_POLICY|AUDIT_DECISION,selfProfile|employment|organization|effectiveOn,selfProfile:ASC|employment:ASC|organization:ASC|selfProfile:DESC|employment:DESC|organization:DESC|itemPublicId:ASC|itemPublicId:DESC,itemPublicId:ASC,100,/hr/me/profile,NONE,NONE,G3-HRM-BE-TEST,QUERY_STATE_ITEM_CARDINALITY|PARTIAL_FAILURE_STATE_MATCH|CURSOR_SCOPE_REVISION_BINDING|PAGE_LIMIT_AND_STABLE_ORDER|FIELD_DECISION_SUMMARY_MATCH|DEEP_LINK_ACTION_ALLOWLIST|TRUSTED_TENANT_CONTEXT_NON_SERIALIZATION|LOCALE_TIMEZONE_CANONICALIZATION|FIELD_DECISION_VIEW_MASK_OMIT|PROBLEM_STATUS_AND_CORRELATION,REQUIRED_G3_ENTRY_QUERY_NOT_IMPLEMENTED,NOT_AUTHORIZED_G6
IAQ-002,IAQ.OP.002,BASE:my-employment-documents,HRIS-HRM,BASE-TFR-HRM-008,dwp-people-server,GET,/api/people/v1/hris/workbench/self-service/employment-documents,/v1/hris/workbench/self-service/employment-documents,ia-entry-query-projection-schemas.v1.json#/projections/IAQ-002/requestSchema,ia-entry-query-projection-schemas.v1.json#/projections/IAQ-002/responseSchema,ia-entry-query-projection-schemas.v1.json#/$defs/Problem,hcm.personal.profile.view,HRIS_EMPLOYEE>HRIS_DUTY_SELF_PROFILE_READER,GATEWAY_APP_ENTITLEMENT|OWNER_API_OPERATION|RESOURCE_POPULATION|REPOSITORY_TENANT_PREDICATE|FIELD_PROJECTION|PURPOSE_POLICY|AUDIT_DECISION,employment|contractMetadata|documentMetadata|effectiveOn,employment:ASC|contractMetadata:ASC|documentMetadata:ASC|employment:DESC|contractMetadata:DESC|documentMetadata:DESC|itemPublicId:ASC|itemPublicId:DESC,itemPublicId:ASC,100,/hr/me/employment-documents,NONE,NONE,G3-HRM-BE-TEST,QUERY_STATE_ITEM_CARDINALITY|PARTIAL_FAILURE_STATE_MATCH|CURSOR_SCOPE_REVISION_BINDING|PAGE_LIMIT_AND_STABLE_ORDER|FIELD_DECISION_SUMMARY_MATCH|DEEP_LINK_ACTION_ALLOWLIST|TRUSTED_TENANT_CONTEXT_NON_SERIALIZATION|LOCALE_TIMEZONE_CANONICALIZATION|FIELD_DECISION_VIEW_MASK_OMIT|PROBLEM_STATUS_AND_CORRELATION,REQUIRED_G3_ENTRY_QUERY_NOT_IMPLEMENTED,NOT_AUTHORIZED_G6
IAQ-003,IAQ.OP.003,BASE:my-hr-requests,HRIS-HRM,BASE-TFR-HRM-009,dwp-people-server,GET,/api/people/v1/hris/workbench/self-service/requests,/v1/hris/workbench/self-service/requests,ia-entry-query-projection-schemas.v1.json#/projections/IAQ-003/requestSchema,ia-entry-query-projection-schemas.v1.json#/projections/IAQ-003/responseSchema,ia-entry-query-projection-schemas.v1.json#/$defs/Problem,hcm.personal.requests.view,HRIS_EMPLOYEE>HRIS_DUTY_SELF_REQUEST_READER,GATEWAY_APP_ENTITLEMENT|OWNER_API_OPERATION|RESOURCE_POPULATION|REPOSITORY_TENANT_PREDICATE|FIELD_PROJECTION|PURPOSE_POLICY|AUDIT_DECISION,requestSummary|requestStatus|commandReceipt|effectiveOn,requestSummary:ASC|requestStatus:ASC|commandReceipt:ASC|requestSummary:DESC|requestStatus:DESC|commandReceipt:DESC|itemPublicId:ASC|itemPublicId:DESC,itemPublicId:ASC,100,/hr/me/requests,hris.action.hrm.create-employee-change-request|hris.action.hrm.submit-employee-change-request|hris.action.hrm.request-certificate,PEP-HRM-003|PEP-HRM-004|PEP-HRM-012,G3-HRM-BE-TEST,QUERY_STATE_ITEM_CARDINALITY|PARTIAL_FAILURE_STATE_MATCH|CURSOR_SCOPE_REVISION_BINDING|PAGE_LIMIT_AND_STABLE_ORDER|FIELD_DECISION_SUMMARY_MATCH|DEEP_LINK_ACTION_ALLOWLIST|TRUSTED_TENANT_CONTEXT_NON_SERIALIZATION|LOCALE_TIMEZONE_CANONICALIZATION|FIELD_DECISION_VIEW_MASK_OMIT|PROBLEM_STATUS_AND_CORRELATION,REQUIRED_G3_ENTRY_QUERY_NOT_IMPLEMENTED,NOT_AUTHORIZED_G6
IAQ-004,IAQ.OP.004,BASE:team-members,HRIS-HRM,BASE-TFR-HRM-004,dwp-people-server,GET,/api/people/v1/hris/workbench/team/members,/v1/hris/workbench/team/members,ia-entry-query-projection-schemas.v1.json#/projections/IAQ-004/requestSchema,ia-entry-query-projection-schemas.v1.json#/projections/IAQ-004/responseSchema,ia-entry-query-projection-schemas.v1.json#/$defs/Problem,hcm.team.members.view,HRIS_LINE_MANAGER>HRIS_DUTY_MANAGER_TEAM_READER,GATEWAY_APP_ENTITLEMENT|OWNER_API_OPERATION|RESOURCE_POPULATION|REPOSITORY_TENANT_PREDICATE|FIELD_PROJECTION|PURPOSE_POLICY|AUDIT_DECISION,directReportDirectory|limitedEmployment|organization|effectiveOn,directReportDirectory:ASC|limitedEmployment:ASC|organization:ASC|directReportDirectory:DESC|limitedEmployment:DESC|organization:DESC|itemPublicId:ASC|itemPublicId:DESC,itemPublicId:ASC,100,/hr/team/members,NONE,NONE,G3-HRM-BE-TEST,QUERY_STATE_ITEM_CARDINALITY|PARTIAL_FAILURE_STATE_MATCH|CURSOR_SCOPE_REVISION_BINDING|PAGE_LIMIT_AND_STABLE_ORDER|FIELD_DECISION_SUMMARY_MATCH|DEEP_LINK_ACTION_ALLOWLIST|TRUSTED_TENANT_CONTEXT_NON_SERIALIZATION|LOCALE_TIMEZONE_CANONICALIZATION|FIELD_DECISION_VIEW_MASK_OMIT|PROBLEM_STATUS_AND_CORRELATION,REQUIRED_G3_ENTRY_QUERY_NOT_IMPLEMENTED,NOT_AUTHORIZED_G6
IAQ-005,IAQ.OP.005,BASE:team-people-changes,HRIS-HRM,BASE-TFR-HRM-007,dwp-people-server,GET,/api/people/v1/hris/workbench/team/people-changes,/v1/hris/workbench/team/people-changes,ia-entry-query-projection-schemas.v1.json#/projections/IAQ-005/requestSchema,ia-entry-query-projection-schemas.v1.json#/projections/IAQ-005/responseSchema,ia-entry-query-projection-schemas.v1.json#/$defs/Problem,hcm.team.people-change.view,HRIS_LINE_MANAGER>HRIS_DUTY_MANAGER_PEOPLE_CHANGE_READER,GATEWAY_APP_ENTITLEMENT|OWNER_API_OPERATION|RESOURCE_POPULATION|REPOSITORY_TENANT_PREDICATE|FIELD_PROJECTION|PURPOSE_POLICY|AUDIT_DECISION,changeRequestSummary|limitedEmployment|approvalStatus|effectiveOn,changeRequestSummary:ASC|limitedEmployment:ASC|approvalStatus:ASC|changeRequestSummary:DESC|limitedEmployment:DESC|approvalStatus:DESC|itemPublicId:ASC|itemPublicId:DESC,itemPublicId:ASC,100,/hr/team/people-changes,hris.action.hrm.create-employee-change-request|hris.action.hrm.submit-employee-change-request,PEP-HRM-003|PEP-HRM-004,G3-HRM-BE-TEST,QUERY_STATE_ITEM_CARDINALITY|PARTIAL_FAILURE_STATE_MATCH|CURSOR_SCOPE_REVISION_BINDING|PAGE_LIMIT_AND_STABLE_ORDER|FIELD_DECISION_SUMMARY_MATCH|DEEP_LINK_ACTION_ALLOWLIST|TRUSTED_TENANT_CONTEXT_NON_SERIALIZATION|LOCALE_TIMEZONE_CANONICALIZATION|FIELD_DECISION_VIEW_MASK_OMIT|PROBLEM_STATUS_AND_CORRELATION,REQUIRED_G3_ENTRY_QUERY_NOT_IMPLEMENTED,NOT_AUTHORIZED_G6
IAQ-006,IAQ.OP.006,BASE:hr-employment-assignments,HRIS-HRM,BASE-TFR-HRM-008,dwp-people-server,GET,/api/people/v1/hris/workbench/operations/employment/assignments,/v1/hris/workbench/operations/employment/assignments,ia-entry-query-projection-schemas.v1.json#/projections/IAQ-006/requestSchema,ia-entry-query-projection-schemas.v1.json#/projections/IAQ-006/responseSchema,ia-entry-query-projection-schemas.v1.json#/$defs/Problem,hcm.operations.people.view,HRIS_HR_BUSINESS_PARTNER>HRIS_DUTY_CORE_VIEWER,GATEWAY_APP_ENTITLEMENT|OWNER_API_OPERATION|RESOURCE_POPULATION|REPOSITORY_TENANT_PREDICATE|FIELD_PROJECTION|PURPOSE_POLICY|AUDIT_DECISION,assignment|employment|organization|effectiveOn,assignment:ASC|employment:ASC|organization:ASC|assignment:DESC|employment:DESC|organization:DESC|itemPublicId:ASC|itemPublicId:DESC,itemPublicId:ASC,100,/hr/operations/people/employment-assignments,hris.action.hrm.create-assignment-event|hris.action.hrm.validate-assignment-event|hris.action.hrm.submit-assignment-event|hris.action.hrm.publish-assignment-event,PEP-HRM-006|PEP-HRM-007|PEP-HRM-008|PEP-HRM-009,G3-HRM-BE-TEST,QUERY_STATE_ITEM_CARDINALITY|PARTIAL_FAILURE_STATE_MATCH|CURSOR_SCOPE_REVISION_BINDING|PAGE_LIMIT_AND_STABLE_ORDER|FIELD_DECISION_SUMMARY_MATCH|DEEP_LINK_ACTION_ALLOWLIST|TRUSTED_TENANT_CONTEXT_NON_SERIALIZATION|LOCALE_TIMEZONE_CANONICALIZATION|FIELD_DECISION_VIEW_MASK_OMIT|PROBLEM_STATUS_AND_CORRELATION,REQUIRED_G3_ENTRY_QUERY_NOT_IMPLEMENTED,NOT_AUTHORIZED_G6
IAQ-007,IAQ.OP.007,BASE:hr-appointments,HRIS-HRM,BASE-TFR-HRM-007,dwp-people-server,GET,/api/people/v1/hris/workbench/operations/appointments,/v1/hris/workbench/operations/appointments,ia-entry-query-projection-schemas.v1.json#/projections/IAQ-007/requestSchema,ia-entry-query-projection-schemas.v1.json#/projections/IAQ-007/responseSchema,ia-entry-query-projection-schemas.v1.json#/$defs/Problem,hcm.operations.people.view,HRIS_HR_BUSINESS_PARTNER>HRIS_DUTY_CORE_VIEWER,GATEWAY_APP_ENTITLEMENT|OWNER_API_OPERATION|RESOURCE_POPULATION|REPOSITORY_TENANT_PREDICATE|FIELD_PROJECTION|PURPOSE_POLICY|AUDIT_DECISION,appointment|assignment|employment|effectiveOn,appointment:ASC|assignment:ASC|employment:ASC|appointment:DESC|assignment:DESC|employment:DESC|itemPublicId:ASC|itemPublicId:DESC,itemPublicId:ASC,100,/hr/operations/people/appointments,hris.action.hrm.create-assignment-event|hris.action.hrm.validate-assignment-event|hris.action.hrm.submit-assignment-event|hris.action.hrm.publish-assignment-event,PEP-HRM-006|PEP-HRM-007|PEP-HRM-008|PEP-HRM-009,G3-HRM-BE-TEST,QUERY_STATE_ITEM_CARDINALITY|PARTIAL_FAILURE_STATE_MATCH|CURSOR_SCOPE_REVISION_BINDING|PAGE_LIMIT_AND_STABLE_ORDER|FIELD_DECISION_SUMMARY_MATCH|DEEP_LINK_ACTION_ALLOWLIST|TRUSTED_TENANT_CONTEXT_NON_SERIALIZATION|LOCALE_TIMEZONE_CANONICALIZATION|FIELD_DECISION_VIEW_MASK_OMIT|PROBLEM_STATUS_AND_CORRELATION,REQUIRED_G3_ENTRY_QUERY_NOT_IMPLEMENTED,NOT_AUTHORIZED_G6
IAQ-008,IAQ.OP.008,BASE:hr-contracts-compensation-basis,HRIS-HRM,BASE-TFR-HRM-011,dwp-people-server,GET,/api/people/v1/hris/workbench/operations/contracts/compensation/basis,/v1/hris/workbench/operations/contracts/compensation/basis,ia-entry-query-projection-schemas.v1.json#/projections/IAQ-008/requestSchema,ia-entry-query-projection-schemas.v1.json#/projections/IAQ-008/responseSchema,ia-entry-query-projection-schemas.v1.json#/$defs/Problem,hcm.operations.people.view,HRIS_HR_BUSINESS_PARTNER>HRIS_DUTY_CORE_VIEWER,GATEWAY_APP_ENTITLEMENT|OWNER_API_OPERATION|RESOURCE_POPULATION|REPOSITORY_TENANT_PREDICATE|FIELD_PROJECTION|PURPOSE_POLICY|AUDIT_DECISION,contractMetadata|compensationBasis|effectiveOn,contractMetadata:ASC|compensationBasis:ASC|contractMetadata:DESC|compensationBasis:DESC|itemPublicId:ASC|itemPublicId:DESC,itemPublicId:ASC,100,/hr/operations/people/contracts-compensation-basis,hris.action.hrm.issue-employment-contract,PEP-HRM-011,G3-HRM-BE-TEST,QUERY_STATE_ITEM_CARDINALITY|PARTIAL_FAILURE_STATE_MATCH|CURSOR_SCOPE_REVISION_BINDING|PAGE_LIMIT_AND_STABLE_ORDER|FIELD_DECISION_SUMMARY_MATCH|DEEP_LINK_ACTION_ALLOWLIST|TRUSTED_TENANT_CONTEXT_NON_SERIALIZATION|LOCALE_TIMEZONE_CANONICALIZATION|FIELD_DECISION_VIEW_MASK_OMIT|PROBLEM_STATUS_AND_CORRELATION,REQUIRED_G3_ENTRY_QUERY_NOT_IMPLEMENTED,NOT_AUTHORIZED_G6
IAQ-009,IAQ.OP.009,BASE:hr-employee-change-requests,HRIS-HRM,BASE-TFR-HRM-010,dwp-people-server,GET,/api/people/v1/hris/workbench/operations/employee/change/requests,/v1/hris/workbench/operations/employee/change/requests,ia-entry-query-projection-schemas.v1.json#/projections/IAQ-009/requestSchema,ia-entry-query-projection-schemas.v1.json#/projections/IAQ-009/responseSchema,ia-entry-query-projection-schemas.v1.json#/$defs/Problem,hcm.operations.people.view,HRIS_HR_BUSINESS_PARTNER>HRIS_DUTY_CORE_VIEWER,GATEWAY_APP_ENTITLEMENT|OWNER_API_OPERATION|RESOURCE_POPULATION|REPOSITORY_TENANT_PREDICATE|FIELD_PROJECTION|PURPOSE_POLICY|AUDIT_DECISION,changeRequestSummary|approvalStatus|employment|effectiveOn,changeRequestSummary:ASC|approvalStatus:ASC|employment:ASC|changeRequestSummary:DESC|approvalStatus:DESC|employment:DESC|itemPublicId:ASC|itemPublicId:DESC,itemPublicId:ASC,100,/hr/operations/people/employee-change-requests,hris.action.hrm.create-employee-change-request|hris.action.hrm.submit-employee-change-request|hris.action.hrm.apply-employee-change-request,PEP-HRM-003|PEP-HRM-004|PEP-HRM-005,G3-HRM-BE-TEST,QUERY_STATE_ITEM_CARDINALITY|PARTIAL_FAILURE_STATE_MATCH|CURSOR_SCOPE_REVISION_BINDING|PAGE_LIMIT_AND_STABLE_ORDER|FIELD_DECISION_SUMMARY_MATCH|DEEP_LINK_ACTION_ALLOWLIST|TRUSTED_TENANT_CONTEXT_NON_SERIALIZATION|LOCALE_TIMEZONE_CANONICALIZATION|FIELD_DECISION_VIEW_MASK_OMIT|PROBLEM_STATUS_AND_CORRELATION,REQUIRED_G3_ENTRY_QUERY_NOT_IMPLEMENTED,NOT_AUTHORIZED_G6
IAQ-010,IAQ.OP.010,BASE:hr-certificates-documents,HRIS-HRM,BASE-TFR-HRM-009,dwp-people-server,GET,/api/people/v1/hris/workbench/operations/certificates/documents,/v1/hris/workbench/operations/certificates/documents,ia-entry-query-projection-schemas.v1.json#/projections/IAQ-010/requestSchema,ia-entry-query-projection-schemas.v1.json#/projections/IAQ-010/responseSchema,ia-entry-query-projection-schemas.v1.json#/$defs/Problem,hcm.operations.people.view,HRIS_HR_BUSINESS_PARTNER>HRIS_DUTY_CORE_VIEWER,GATEWAY_APP_ENTITLEMENT|OWNER_API_OPERATION|RESOURCE_POPULATION|REPOSITORY_TENANT_PREDICATE|FIELD_PROJECTION|PURPOSE_POLICY|AUDIT_DECISION,certificateMetadata|documentMetadata|effectiveOn,certificateMetadata:ASC|documentMetadata:ASC|certificateMetadata:DESC|documentMetadata:DESC|itemPublicId:ASC|itemPublicId:DESC,itemPublicId:ASC,100,/hr/operations/people/certificates-documents,hris.action.hrm.request-certificate,PEP-HRM-012,G3-HRM-BE-TEST,QUERY_STATE_ITEM_CARDINALITY|PARTIAL_FAILURE_STATE_MATCH|CURSOR_SCOPE_REVISION_BINDING|PAGE_LIMIT_AND_STABLE_ORDER|FIELD_DECISION_SUMMARY_MATCH|DEEP_LINK_ACTION_ALLOWLIST|TRUSTED_TENANT_CONTEXT_NON_SERIALIZATION|LOCALE_TIMEZONE_CANONICALIZATION|FIELD_DECISION_VIEW_MASK_OMIT|PROBLEM_STATUS_AND_CORRELATION,REQUIRED_G3_ENTRY_QUERY_NOT_IMPLEMENTED,NOT_AUTHORIZED_G6
IAQ-011,IAQ.OP.011,BASE:hr-exit-return,HRIS-HRM,BASE-TFR-HRM-013,dwp-people-server,GET,/api/people/v1/hris/workbench/operations/exit/return,/v1/hris/workbench/operations/exit/return,ia-entry-query-projection-schemas.v1.json#/projections/IAQ-011/requestSchema,ia-entry-query-projection-schemas.v1.json#/projections/IAQ-011/responseSchema,ia-entry-query-projection-schemas.v1.json#/$defs/Problem,hcm.operations.people.view,HRIS_HR_BUSINESS_PARTNER>HRIS_DUTY_CORE_VIEWER,GATEWAY_APP_ENTITLEMENT|OWNER_API_OPERATION|RESOURCE_POPULATION|REPOSITORY_TENANT_PREDICATE|FIELD_PROJECTION|PURPOSE_POLICY|AUDIT_DECISION,separationCase|returnEligibility|approvalStatus|effectiveOn,separationCase:ASC|returnEligibility:ASC|approvalStatus:ASC|separationCase:DESC|returnEligibility:DESC|approvalStatus:DESC|itemPublicId:ASC|itemPublicId:DESC,itemPublicId:ASC,100,/hr/operations/people/exit-return,hris.action.hrm.create-separation-case,PEP-HRM-013,G3-HRM-BE-TEST,QUERY_STATE_ITEM_CARDINALITY|PARTIAL_FAILURE_STATE_MATCH|CURSOR_SCOPE_REVISION_BINDING|PAGE_LIMIT_AND_STABLE_ORDER|FIELD_DECISION_SUMMARY_MATCH|DEEP_LINK_ACTION_ALLOWLIST|TRUSTED_TENANT_CONTEXT_NON_SERIALIZATION|LOCALE_TIMEZONE_CANONICALIZATION|FIELD_DECISION_VIEW_MASK_OMIT|PROBLEM_STATUS_AND_CORRELATION,REQUIRED_G3_ENTRY_QUERY_NOT_IMPLEMENTED,NOT_AUTHORIZED_G6
IAQ-012,IAQ.OP.012,BASE:hr-data-quality,HRIS-HRM,BASE-TFR-HRM-012,dwp-people-server,GET,/api/people/v1/hris/workbench/operations/data/quality,/v1/hris/workbench/operations/data/quality,ia-entry-query-projection-schemas.v1.json#/projections/IAQ-012/requestSchema,ia-entry-query-projection-schemas.v1.json#/projections/IAQ-012/responseSchema,ia-entry-query-projection-schemas.v1.json#/$defs/Problem,hcm.operations.people.view,HRIS_HR_BUSINESS_PARTNER>HRIS_DUTY_CORE_VIEWER,GATEWAY_APP_ENTITLEMENT|OWNER_API_OPERATION|RESOURCE_POPULATION|REPOSITORY_TENANT_PREDICATE|FIELD_PROJECTION|PURPOSE_POLICY|AUDIT_DECISION,ingestionStatus|qualityFinding|commandReceipt|effectiveOn,ingestionStatus:ASC|qualityFinding:ASC|commandReceipt:ASC|ingestionStatus:DESC|qualityFinding:DESC|commandReceipt:DESC|itemPublicId:ASC|itemPublicId:DESC,itemPublicId:ASC,100,/hr/operations/people/data-quality,NONE,NONE,G3-HRM-BE-TEST,QUERY_STATE_ITEM_CARDINALITY|PARTIAL_FAILURE_STATE_MATCH|CURSOR_SCOPE_REVISION_BINDING|PAGE_LIMIT_AND_STABLE_ORDER|FIELD_DECISION_SUMMARY_MATCH|DEEP_LINK_ACTION_ALLOWLIST|TRUSTED_TENANT_CONTEXT_NON_SERIALIZATION|LOCALE_TIMEZONE_CANONICALIZATION|FIELD_DECISION_VIEW_MASK_OMIT|PROBLEM_STATUS_AND_CORRELATION,REQUIRED_G3_ENTRY_QUERY_NOT_IMPLEMENTED,NOT_AUTHORIZED_G6
IAQ-013,IAQ.OP.013,BASE:settings-people-employment,HRIS-HRM,BASE-TFR-HRM-007,dwp-people-server,GET,/api/people/v1/hris/workbench/configuration/people-employment,/v1/hris/workbench/configuration/people-employment,ia-entry-query-projection-schemas.v1.json#/projections/IAQ-013/requestSchema,ia-entry-query-projection-schemas.v1.json#/projections/IAQ-013/responseSchema,ia-entry-query-projection-schemas.v1.json#/$defs/Problem,hcm.configuration.workbench.view,HRIS_CONFIG_AUTHOR>HRIS_DUTY_CONFIGURATION_WORKBENCH_READER,GATEWAY_APP_ENTITLEMENT|OWNER_API_OPERATION|RESOURCE_POPULATION|REPOSITORY_TENANT_PREDICATE|FIELD_PROJECTION|PURPOSE_POLICY|AUDIT_DECISION,policyMetadata|employmentRule|impactSummary|effectiveOn,policyMetadata:ASC|employmentRule:ASC|impactSummary:ASC|policyMetadata:DESC|employmentRule:DESC|impactSummary:DESC|itemPublicId:ASC|itemPublicId:DESC,itemPublicId:ASC,100,/hr/settings/people-employment,NONE,NONE,G3-HRM-BE-TEST,QUERY_STATE_ITEM_CARDINALITY|PARTIAL_FAILURE_STATE_MATCH|CURSOR_SCOPE_REVISION_BINDING|PAGE_LIMIT_AND_STABLE_ORDER|FIELD_DECISION_SUMMARY_MATCH|DEEP_LINK_ACTION_ALLOWLIST|TRUSTED_TENANT_CONTEXT_NON_SERIALIZATION|LOCALE_TIMEZONE_CANONICALIZATION|FIELD_DECISION_VIEW_MASK_OMIT|PROBLEM_STATUS_AND_CORRELATION,REQUIRED_G3_ENTRY_QUERY_NOT_IMPLEMENTED,NOT_AUTHORIZED_G6
IAQ-014,IAQ.OP.014,BASE:pay-population,HRIS-PAY,BASE-TFR-PAY-013,dwp-payroll-server,GET,/api/payroll/v1/workbench/population,/v1/workbench/population,ia-entry-query-projection-schemas.v1.json#/projections/IAQ-014/requestSchema,ia-entry-query-projection-schemas.v1.json#/projections/IAQ-014/responseSchema,ia-entry-query-projection-schemas.v1.json#/$defs/Problem,hcm.operations.payroll-support.view,HRIS_PAYROLL_SUPPORT_VIEWER>HRIS_DUTY_PAYROLL_SUPPORT_VIEWER,GATEWAY_APP_ENTITLEMENT|OWNER_API_OPERATION|RESOURCE_POPULATION|REPOSITORY_TENANT_PREDICATE|FIELD_PROJECTION|PURPOSE_POLICY|AUDIT_DECISION,payrollPopulation|projectionVersion|effectiveOn,payrollPopulation:ASC|projectionVersion:ASC|payrollPopulation:DESC|projectionVersion:DESC|itemPublicId:ASC|itemPublicId:DESC,itemPublicId:ASC,100,/hr/operations/payroll/population,hris.action.pay.run.prepare,PEP-PAY-011,G3-PAY-BE-TEST,QUERY_STATE_ITEM_CARDINALITY|PARTIAL_FAILURE_STATE_MATCH|CURSOR_SCOPE_REVISION_BINDING|PAGE_LIMIT_AND_STABLE_ORDER|FIELD_DECISION_SUMMARY_MATCH|DEEP_LINK_ACTION_ALLOWLIST|TRUSTED_TENANT_CONTEXT_NON_SERIALIZATION|LOCALE_TIMEZONE_CANONICALIZATION|FIELD_DECISION_VIEW_MASK_OMIT|PROBLEM_STATUS_AND_CORRELATION,REQUIRED_G3_ENTRY_QUERY_NOT_IMPLEMENTED,NOT_AUTHORIZED_G6
IAQ-015,IAQ.OP.015,BASE:pay-inputs,HRIS-PAY,BASE-TFR-PAY-016,dwp-payroll-server,GET,/api/payroll/v1/workbench/inputs,/v1/workbench/inputs,ia-entry-query-projection-schemas.v1.json#/projections/IAQ-015/requestSchema,ia-entry-query-projection-schemas.v1.json#/projections/IAQ-015/responseSchema,ia-entry-query-projection-schemas.v1.json#/$defs/Problem,hcm.operations.payroll-support.view,HRIS_PAYROLL_SUPPORT_VIEWER>HRIS_DUTY_PAYROLL_SUPPORT_VIEWER,GATEWAY_APP_ENTITLEMENT|OWNER_API_OPERATION|RESOURCE_POPULATION|REPOSITORY_TENANT_PREDICATE|FIELD_PROJECTION|PURPOSE_POLICY|AUDIT_DECISION,payInput|sourceProvenance|validationStatus|effectiveOn,payInput:ASC|sourceProvenance:ASC|validationStatus:ASC|payInput:DESC|sourceProvenance:DESC|validationStatus:DESC|itemPublicId:ASC|itemPublicId:DESC,itemPublicId:ASC,100,/hr/operations/payroll/inputs,hris.action.pay.worker.entry.create|hris.action.pay.worker.entry.correct,PEP-PAY-009|PEP-PAY-010,G3-PAY-BE-TEST,QUERY_STATE_ITEM_CARDINALITY|PARTIAL_FAILURE_STATE_MATCH|CURSOR_SCOPE_REVISION_BINDING|PAGE_LIMIT_AND_STABLE_ORDER|FIELD_DECISION_SUMMARY_MATCH|DEEP_LINK_ACTION_ALLOWLIST|TRUSTED_TENANT_CONTEXT_NON_SERIALIZATION|LOCALE_TIMEZONE_CANONICALIZATION|FIELD_DECISION_VIEW_MASK_OMIT|PROBLEM_STATUS_AND_CORRELATION,REQUIRED_G3_ENTRY_QUERY_NOT_IMPLEMENTED,NOT_AUTHORIZED_G6
IAQ-016,IAQ.OP.016,BASE:pay-retro-corrections,HRIS-PAY,BASE-TFR-PAY-010,dwp-payroll-server,GET,/api/payroll/v1/workbench/retro-corrections,/v1/workbench/retro-corrections,ia-entry-query-projection-schemas.v1.json#/projections/IAQ-016/requestSchema,ia-entry-query-projection-schemas.v1.json#/projections/IAQ-016/responseSchema,ia-entry-query-projection-schemas.v1.json#/$defs/Problem,hcm.operations.payroll-support.view,HRIS_PAYROLL_SUPPORT_VIEWER>HRIS_DUTY_PAYROLL_SUPPORT_VIEWER,GATEWAY_APP_ENTITLEMENT|OWNER_API_OPERATION|RESOURCE_POPULATION|REPOSITORY_TENANT_PREDICATE|FIELD_PROJECTION|PURPOSE_POLICY|AUDIT_DECISION,retroEvent|correction|impactSummary|effectiveOn,retroEvent:ASC|correction:ASC|impactSummary:ASC|retroEvent:DESC|correction:DESC|impactSummary:DESC|itemPublicId:ASC|itemPublicId:DESC,itemPublicId:ASC,100,/hr/operations/payroll/retro-corrections,hris.action.pay.retro.create|hris.action.pay.correction.create,PEP-PAY-019|PEP-PAY-020,G3-PAY-BE-TEST,QUERY_STATE_ITEM_CARDINALITY|PARTIAL_FAILURE_STATE_MATCH|CURSOR_SCOPE_REVISION_BINDING|PAGE_LIMIT_AND_STABLE_ORDER|FIELD_DECISION_SUMMARY_MATCH|DEEP_LINK_ACTION_ALLOWLIST|TRUSTED_TENANT_CONTEXT_NON_SERIALIZATION|LOCALE_TIMEZONE_CANONICALIZATION|FIELD_DECISION_VIEW_MASK_OMIT|PROBLEM_STATUS_AND_CORRELATION,REQUIRED_G3_ENTRY_QUERY_NOT_IMPLEMENTED,NOT_AUTHORIZED_G6
IAQ-017,IAQ.OP.017,BASE:pay-payments,HRIS-PAY,BASE-TFR-PAY-008,dwp-payroll-server,GET,/api/payroll/v1/workbench/payments,/v1/workbench/payments,ia-entry-query-projection-schemas.v1.json#/projections/IAQ-017/requestSchema,ia-entry-query-projection-schemas.v1.json#/projections/IAQ-017/responseSchema,ia-entry-query-projection-schemas.v1.json#/$defs/Problem,hcm.operations.payroll-support.view,HRIS_PAYROLL_SUPPORT_VIEWER>HRIS_DUTY_PAYROLL_SUPPORT_VIEWER,GATEWAY_APP_ENTITLEMENT|OWNER_API_OPERATION|RESOURCE_POPULATION|REPOSITORY_TENANT_PREDICATE|FIELD_PROJECTION|PURPOSE_POLICY|AUDIT_DECISION,paymentBatch|releaseStatus|bankTokenMasked|effectiveOn,paymentBatch:ASC|releaseStatus:ASC|bankTokenMasked:ASC|paymentBatch:DESC|releaseStatus:DESC|bankTokenMasked:DESC|itemPublicId:ASC|itemPublicId:DESC,itemPublicId:ASC,100,/hr/operations/payroll/payments,hris.action.pay.payment.create|hris.action.pay.payment.release|hris.action.pay.payment.file.download|hris.action.pay.gl.create|hris.action.pay.gl.post,PEP-PAY-021|PEP-PAY-022|PEP-PAY-023|PEP-PAY-024|PEP-PAY-025,G3-PAY-BE-TEST,QUERY_STATE_ITEM_CARDINALITY|PARTIAL_FAILURE_STATE_MATCH|CURSOR_SCOPE_REVISION_BINDING|PAGE_LIMIT_AND_STABLE_ORDER|FIELD_DECISION_SUMMARY_MATCH|DEEP_LINK_ACTION_ALLOWLIST|TRUSTED_TENANT_CONTEXT_NON_SERIALIZATION|LOCALE_TIMEZONE_CANONICALIZATION|FIELD_DECISION_VIEW_MASK_OMIT|PROBLEM_STATUS_AND_CORRELATION,REQUIRED_G3_ENTRY_QUERY_NOT_IMPLEMENTED,NOT_AUTHORIZED_G6
IAQ-018,IAQ.OP.018,BASE:pay-accounting,HRIS-PAY,BASE-TFR-PAY-008,dwp-payroll-server,GET,/api/payroll/v1/workbench/accounting,/v1/workbench/accounting,ia-entry-query-projection-schemas.v1.json#/projections/IAQ-018/requestSchema,ia-entry-query-projection-schemas.v1.json#/projections/IAQ-018/responseSchema,ia-entry-query-projection-schemas.v1.json#/$defs/Problem,hcm.operations.payroll-support.view,HRIS_PAYROLL_SUPPORT_VIEWER>HRIS_DUTY_PAYROLL_SUPPORT_VIEWER,GATEWAY_APP_ENTITLEMENT|OWNER_API_OPERATION|RESOURCE_POPULATION|REPOSITORY_TENANT_PREDICATE|FIELD_PROJECTION|PURPOSE_POLICY|AUDIT_DECISION,glBatch|accountingStatus|reconciliation|effectiveOn,glBatch:ASC|accountingStatus:ASC|reconciliation:ASC|glBatch:DESC|accountingStatus:DESC|reconciliation:DESC|itemPublicId:ASC|itemPublicId:DESC,itemPublicId:ASC,100,/hr/operations/payroll/accounting,hris.action.pay.payment.create|hris.action.pay.payment.release|hris.action.pay.payment.file.download|hris.action.pay.gl.create|hris.action.pay.gl.post,PEP-PAY-021|PEP-PAY-022|PEP-PAY-023|PEP-PAY-024|PEP-PAY-025,G3-PAY-BE-TEST,QUERY_STATE_ITEM_CARDINALITY|PARTIAL_FAILURE_STATE_MATCH|CURSOR_SCOPE_REVISION_BINDING|PAGE_LIMIT_AND_STABLE_ORDER|FIELD_DECISION_SUMMARY_MATCH|DEEP_LINK_ACTION_ALLOWLIST|TRUSTED_TENANT_CONTEXT_NON_SERIALIZATION|LOCALE_TIMEZONE_CANONICALIZATION|FIELD_DECISION_VIEW_MASK_OMIT|PROBLEM_STATUS_AND_CORRELATION,REQUIRED_G3_ENTRY_QUERY_NOT_IMPLEMENTED,NOT_AUTHORIZED_G6
IAQ-019,IAQ.OP.019,BASE:pay-year-end-tax,HRIS-PAY,BASE-TFR-PAY-017,dwp-payroll-server,GET,/api/payroll/v1/workbench/year-end-tax,/v1/workbench/year-end-tax,ia-entry-query-projection-schemas.v1.json#/projections/IAQ-019/requestSchema,ia-entry-query-projection-schemas.v1.json#/projections/IAQ-019/responseSchema,ia-entry-query-projection-schemas.v1.json#/$defs/Problem,hcm.operations.payroll-support.view,HRIS_PAYROLL_SUPPORT_VIEWER>HRIS_DUTY_PAYROLL_SUPPORT_VIEWER,GATEWAY_APP_ENTITLEMENT|OWNER_API_OPERATION|RESOURCE_POPULATION|REPOSITORY_TENANT_PREDICATE|FIELD_PROJECTION|PURPOSE_POLICY|AUDIT_DECISION,yearEndCase|evidenceStatus|providerSubmission|effectiveOn,yearEndCase:ASC|evidenceStatus:ASC|providerSubmission:ASC|yearEndCase:DESC|evidenceStatus:DESC|providerSubmission:DESC|itemPublicId:ASC|itemPublicId:DESC,itemPublicId:ASC,100,/hr/operations/payroll/year-end-tax,hris.action.pay.yearend.provider.submit,PEP-PAY-031,G3-PAY-BE-TEST,QUERY_STATE_ITEM_CARDINALITY|PARTIAL_FAILURE_STATE_MATCH|CURSOR_SCOPE_REVISION_BINDING|PAGE_LIMIT_AND_STABLE_ORDER|FIELD_DECISION_SUMMARY_MATCH|DEEP_LINK_ACTION_ALLOWLIST|TRUSTED_TENANT_CONTEXT_NON_SERIALIZATION|LOCALE_TIMEZONE_CANONICALIZATION|FIELD_DECISION_VIEW_MASK_OMIT|PROBLEM_STATUS_AND_CORRELATION,REQUIRED_G3_ENTRY_QUERY_NOT_IMPLEMENTED,NOT_AUTHORIZED_G6
IAQ-020,IAQ.OP.020,BASE:performance-forms-scales,HRIS-PER,BASE-TFR-PER-004,dwp-people-server,GET,/api/people/v1/hris/performance/workbench/forms-scales,/v1/hris/performance/workbench/forms-scales,ia-entry-query-projection-schemas.v1.json#/projections/IAQ-020/requestSchema,ia-entry-query-projection-schemas.v1.json#/projections/IAQ-020/responseSchema,ia-entry-query-projection-schemas.v1.json#/$defs/Problem,hcm.operations.performance.view,HRIS_PERFORMANCE_OPERATOR>HRIS_DUTY_PERFORMANCE_OPERATIONS_READER,GATEWAY_APP_ENTITLEMENT|OWNER_API_OPERATION|RESOURCE_POPULATION|REPOSITORY_TENANT_PREDICATE|FIELD_PROJECTION|PURPOSE_POLICY|AUDIT_DECISION,formVersion|ratingScale|policyStatus|effectiveOn,formVersion:ASC|ratingScale:ASC|policyStatus:ASC|formVersion:DESC|ratingScale:DESC|policyStatus:DESC|itemPublicId:ASC|itemPublicId:DESC,itemPublicId:ASC,100,/hr/operations/performance/forms-scales,hris.action.per.create-cycle|hris.action.per.update-cycle-draft|hris.action.per.validate-cycle,PEP-PER-003|PEP-PER-005|PEP-PER-006,G3-PER-BE-TEST,QUERY_STATE_ITEM_CARDINALITY|PARTIAL_FAILURE_STATE_MATCH|CURSOR_SCOPE_REVISION_BINDING|PAGE_LIMIT_AND_STABLE_ORDER|FIELD_DECISION_SUMMARY_MATCH|DEEP_LINK_ACTION_ALLOWLIST|TRUSTED_TENANT_CONTEXT_NON_SERIALIZATION|LOCALE_TIMEZONE_CANONICALIZATION|FIELD_DECISION_VIEW_MASK_OMIT|PROBLEM_STATUS_AND_CORRELATION,REQUIRED_G3_ENTRY_QUERY_NOT_IMPLEMENTED,NOT_AUTHORIZED_G6
IAQ-021,IAQ.OP.021,BASE:performance-review-operations,HRIS-PER,BASE-TFR-PER-006,dwp-people-server,GET,/api/people/v1/hris/performance/workbench/review-operations,/v1/hris/performance/workbench/review-operations,ia-entry-query-projection-schemas.v1.json#/projections/IAQ-021/requestSchema,ia-entry-query-projection-schemas.v1.json#/projections/IAQ-021/responseSchema,ia-entry-query-projection-schemas.v1.json#/$defs/Problem,hcm.operations.performance.view,HRIS_PERFORMANCE_OPERATOR>HRIS_DUTY_PERFORMANCE_OPERATIONS_READER,GATEWAY_APP_ENTITLEMENT|OWNER_API_OPERATION|RESOURCE_POPULATION|REPOSITORY_TENANT_PREDICATE|FIELD_PROJECTION|PURPOSE_POLICY|AUDIT_DECISION,reviewAssignment|workQueue|dueStatus|effectiveOn,reviewAssignment:ASC|workQueue:ASC|dueStatus:ASC|reviewAssignment:DESC|workQueue:DESC|dueStatus:DESC|itemPublicId:ASC|itemPublicId:DESC,itemPublicId:ASC,100,/hr/operations/performance/review-operations,hris.action.per.preview-population|hris.action.per.freeze-population,PEP-PER-008|PEP-PER-009,G3-PER-BE-TEST,QUERY_STATE_ITEM_CARDINALITY|PARTIAL_FAILURE_STATE_MATCH|CURSOR_SCOPE_REVISION_BINDING|PAGE_LIMIT_AND_STABLE_ORDER|FIELD_DECISION_SUMMARY_MATCH|DEEP_LINK_ACTION_ALLOWLIST|TRUSTED_TENANT_CONTEXT_NON_SERIALIZATION|LOCALE_TIMEZONE_CANONICALIZATION|FIELD_DECISION_VIEW_MASK_OMIT|PROBLEM_STATUS_AND_CORRELATION,REQUIRED_G3_ENTRY_QUERY_NOT_IMPLEMENTED,NOT_AUTHORIZED_G6
IAQ-022,IAQ.OP.022,BASE:performance-multirater-surveys,HRIS-PER,BASE-TFR-PER-013,dwp-people-server,GET,/api/people/v1/hris/performance/workbench/multirater-surveys,/v1/hris/performance/workbench/multirater-surveys,ia-entry-query-projection-schemas.v1.json#/projections/IAQ-022/requestSchema,ia-entry-query-projection-schemas.v1.json#/projections/IAQ-022/responseSchema,ia-entry-query-projection-schemas.v1.json#/$defs/Problem,hcm.operations.performance.view,HRIS_PERFORMANCE_OPERATOR>HRIS_DUTY_PERFORMANCE_OPERATIONS_READER,GATEWAY_APP_ENTITLEMENT|OWNER_API_OPERATION|RESOURCE_POPULATION|REPOSITORY_TENANT_PREDICATE|FIELD_PROJECTION|PURPOSE_POLICY|AUDIT_DECISION,raterAssignment|surveyStatus|confidentialityMode|effectiveOn,raterAssignment:ASC|surveyStatus:ASC|confidentialityMode:ASC|raterAssignment:DESC|surveyStatus:DESC|confidentialityMode:DESC|itemPublicId:ASC|itemPublicId:DESC,itemPublicId:ASC,100,/hr/operations/performance/multirater-surveys,hris.action.per.create-cycle|hris.action.per.update-cycle-draft|hris.action.per.validate-cycle,PEP-PER-003|PEP-PER-005|PEP-PER-006,G3-PER-BE-TEST,QUERY_STATE_ITEM_CARDINALITY|PARTIAL_FAILURE_STATE_MATCH|CURSOR_SCOPE_REVISION_BINDING|PAGE_LIMIT_AND_STABLE_ORDER|FIELD_DECISION_SUMMARY_MATCH|DEEP_LINK_ACTION_ALLOWLIST|TRUSTED_TENANT_CONTEXT_NON_SERIALIZATION|LOCALE_TIMEZONE_CANONICALIZATION|FIELD_DECISION_VIEW_MASK_OMIT|PROBLEM_STATUS_AND_CORRELATION,REQUIRED_G3_ENTRY_QUERY_NOT_IMPLEMENTED,NOT_AUTHORIZED_G6
IAQ-023,IAQ.OP.023,BASE:performance-conversations-feedback,HRIS-PER,BASE-TFR-PER-003,dwp-people-server,GET,/api/people/v1/hris/performance/workbench/conversations-feedback,/v1/hris/performance/workbench/conversations-feedback,ia-entry-query-projection-schemas.v1.json#/projections/IAQ-023/requestSchema,ia-entry-query-projection-schemas.v1.json#/projections/IAQ-023/responseSchema,ia-entry-query-projection-schemas.v1.json#/$defs/Problem,hcm.operations.performance.view,HRIS_PERFORMANCE_OPERATOR>HRIS_DUTY_PERFORMANCE_OPERATIONS_READER,GATEWAY_APP_ENTITLEMENT|OWNER_API_OPERATION|RESOURCE_POPULATION|REPOSITORY_TENANT_PREDICATE|FIELD_PROJECTION|PURPOSE_POLICY|AUDIT_DECISION,checkin|feedbackRequest|visibility|effectiveOn,checkin:ASC|feedbackRequest:ASC|visibility:ASC|checkin:DESC|feedbackRequest:DESC|visibility:DESC|itemPublicId:ASC|itemPublicId:DESC,itemPublicId:ASC,100,/hr/operations/performance/conversations-feedback,NONE,NONE,G3-PER-BE-TEST,QUERY_STATE_ITEM_CARDINALITY|PARTIAL_FAILURE_STATE_MATCH|CURSOR_SCOPE_REVISION_BINDING|PAGE_LIMIT_AND_STABLE_ORDER|FIELD_DECISION_SUMMARY_MATCH|DEEP_LINK_ACTION_ALLOWLIST|TRUSTED_TENANT_CONTEXT_NON_SERIALIZATION|LOCALE_TIMEZONE_CANONICALIZATION|FIELD_DECISION_VIEW_MASK_OMIT|PROBLEM_STATUS_AND_CORRELATION,REQUIRED_G3_ENTRY_QUERY_NOT_IMPLEMENTED,NOT_AUTHORIZED_G6
IAQ-024,IAQ.OP.024,BASE:performance-calibration,HRIS-PER,BASE-TFR-PER-002,dwp-people-server,GET,/api/people/v1/hris/performance/workbench/calibration,/v1/hris/performance/workbench/calibration,ia-entry-query-projection-schemas.v1.json#/projections/IAQ-024/requestSchema,ia-entry-query-projection-schemas.v1.json#/projections/IAQ-024/responseSchema,ia-entry-query-projection-schemas.v1.json#/$defs/Problem,hcm.operations.performance.view,HRIS_PERFORMANCE_OPERATOR>HRIS_DUTY_PERFORMANCE_OPERATIONS_READER,GATEWAY_APP_ENTITLEMENT|OWNER_API_OPERATION|RESOURCE_POPULATION|REPOSITORY_TENANT_PREDICATE|FIELD_PROJECTION|PURPOSE_POLICY|AUDIT_DECISION,calibrationSession|adjustmentSummary|beforeAfter|effectiveOn,calibrationSession:ASC|adjustmentSummary:ASC|beforeAfter:ASC|calibrationSession:DESC|adjustmentSummary:DESC|beforeAfter:DESC|itemPublicId:ASC|itemPublicId:DESC,itemPublicId:ASC,100,/hr/operations/performance/calibration,hris.action.per.append-calibration-adjustment,PEP-PER-017,G3-PER-BE-TEST,QUERY_STATE_ITEM_CARDINALITY|PARTIAL_FAILURE_STATE_MATCH|CURSOR_SCOPE_REVISION_BINDING|PAGE_LIMIT_AND_STABLE_ORDER|FIELD_DECISION_SUMMARY_MATCH|DEEP_LINK_ACTION_ALLOWLIST|TRUSTED_TENANT_CONTEXT_NON_SERIALIZATION|LOCALE_TIMEZONE_CANONICALIZATION|FIELD_DECISION_VIEW_MASK_OMIT|PROBLEM_STATUS_AND_CORRELATION,REQUIRED_G3_ENTRY_QUERY_NOT_IMPLEMENTED,NOT_AUTHORIZED_G6
IAQ-025,IAQ.OP.025,BASE:performance-results,HRIS-PER,BASE-TFR-PER-012,dwp-people-server,GET,/api/people/v1/hris/performance/workbench/results,/v1/hris/performance/workbench/results,ia-entry-query-projection-schemas.v1.json#/projections/IAQ-025/requestSchema,ia-entry-query-projection-schemas.v1.json#/projections/IAQ-025/responseSchema,ia-entry-query-projection-schemas.v1.json#/$defs/Problem,hcm.operations.performance.view,HRIS_PERFORMANCE_OPERATOR>HRIS_DUTY_PERFORMANCE_OPERATIONS_READER,GATEWAY_APP_ENTITLEMENT|OWNER_API_OPERATION|RESOURCE_POPULATION|REPOSITORY_TENANT_PREDICATE|FIELD_PROJECTION|PURPOSE_POLICY|AUDIT_DECISION,resultSet|publicationStatus|appealStatus|effectiveOn,resultSet:ASC|publicationStatus:ASC|appealStatus:ASC|resultSet:DESC|publicationStatus:DESC|appealStatus:DESC|itemPublicId:ASC|itemPublicId:DESC,itemPublicId:ASC,100,/hr/operations/performance/results,hris.action.per.publish-results,PEP-PER-018,G3-PER-BE-TEST,QUERY_STATE_ITEM_CARDINALITY|PARTIAL_FAILURE_STATE_MATCH|CURSOR_SCOPE_REVISION_BINDING|PAGE_LIMIT_AND_STABLE_ORDER|FIELD_DECISION_SUMMARY_MATCH|DEEP_LINK_ACTION_ALLOWLIST|TRUSTED_TENANT_CONTEXT_NON_SERIALIZATION|LOCALE_TIMEZONE_CANONICALIZATION|FIELD_DECISION_VIEW_MASK_OMIT|PROBLEM_STATUS_AND_CORRELATION,REQUIRED_G3_ENTRY_QUERY_NOT_IMPLEMENTED,NOT_AUTHORIZED_G6
IAQ-026,IAQ.OP.026,BASE:settings-statutory,HRIS-PAY,BASE-TFR-PAY-003,dwp-payroll-server,GET,/api/payroll/v1/workbench/configuration/statutory,/v1/workbench/configuration/statutory,ia-entry-query-projection-schemas.v1.json#/projections/IAQ-026/requestSchema,ia-entry-query-projection-schemas.v1.json#/projections/IAQ-026/responseSchema,ia-entry-query-projection-schemas.v1.json#/$defs/Problem,hcm.configuration.workbench.view,HRIS_CONFIG_AUTHOR>HRIS_DUTY_CONFIGURATION_WORKBENCH_READER,GATEWAY_APP_ENTITLEMENT|OWNER_API_OPERATION|RESOURCE_POPULATION|REPOSITORY_TENANT_PREDICATE|FIELD_PROJECTION|PURPOSE_POLICY|AUDIT_DECISION,countryPackMetadata|statutoryRule|activationStatus|effectiveOn,countryPackMetadata:ASC|statutoryRule:ASC|activationStatus:ASC|countryPackMetadata:DESC|statutoryRule:DESC|activationStatus:DESC|itemPublicId:ASC|itemPublicId:DESC,itemPublicId:ASC,100,/hr/settings/statutory,NONE,NONE,G3-PAY-BE-TEST,QUERY_STATE_ITEM_CARDINALITY|PARTIAL_FAILURE_STATE_MATCH|CURSOR_SCOPE_REVISION_BINDING|PAGE_LIMIT_AND_STABLE_ORDER|FIELD_DECISION_SUMMARY_MATCH|DEEP_LINK_ACTION_ALLOWLIST|TRUSTED_TENANT_CONTEXT_NON_SERIALIZATION|LOCALE_TIMEZONE_CANONICALIZATION|FIELD_DECISION_VIEW_MASK_OMIT|PROBLEM_STATUS_AND_CORRELATION,REQUIRED_G3_ENTRY_QUERY_NOT_IMPLEMENTED,NOT_AUTHORIZED_G6
IAQ-027,IAQ.OP.027,MODERN:hcm.settings.skills,HRIS-PER,MOD-PER-SKILLS,dwp-people-server,GET,/api/people/v1/hris/performance/workbench/skills-configuration,/v1/hris/performance/workbench/skills-configuration,ia-entry-query-projection-schemas.v1.json#/projections/IAQ-027/requestSchema,ia-entry-query-projection-schemas.v1.json#/projections/IAQ-027/responseSchema,ia-entry-query-projection-schemas.v1.json#/$defs/Problem,hcm.configuration.workbench.view,HRIS_CONFIG_AUTHOR>HRIS_DUTY_CONFIGURATION_WORKBENCH_READER,GATEWAY_APP_ENTITLEMENT|OWNER_API_OPERATION|RESOURCE_POPULATION|REPOSITORY_TENANT_PREDICATE|FIELD_PROJECTION|PURPOSE_POLICY|AUDIT_DECISION,skillTaxonomy|versionStatus|validationSummary|effectiveOn,skillTaxonomy:ASC|versionStatus:ASC|validationSummary:ASC|skillTaxonomy:DESC|versionStatus:DESC|validationSummary:DESC|itemPublicId:ASC|itemPublicId:DESC,itemPublicId:ASC,100,/hr/settings/talent/skills,hris.action.skills.taxonomy.create|hris.action.skills.taxonomy.publish|hris.action.skills.taxonomy.validate,MODOP:modern.skills.taxonomy.create|MODOP:modern.skills.taxonomy.publish|MODOP:modern.skills.taxonomy.validate,G3-PER-BE-TEST,QUERY_STATE_ITEM_CARDINALITY|PARTIAL_FAILURE_STATE_MATCH|CURSOR_SCOPE_REVISION_BINDING|PAGE_LIMIT_AND_STABLE_ORDER|FIELD_DECISION_SUMMARY_MATCH|DEEP_LINK_ACTION_ALLOWLIST|TRUSTED_TENANT_CONTEXT_NON_SERIALIZATION|LOCALE_TIMEZONE_CANONICALIZATION|FIELD_DECISION_VIEW_MASK_OMIT|PROBLEM_STATUS_AND_CORRELATION,REQUIRED_G3_ENTRY_QUERY_NOT_IMPLEMENTED,NOT_AUTHORIZED_G6
IAQ-028,IAQ.OP.028,MODERN:hcm.operations.onboarding,HRIS-HRM,MOD-HRM-ONBOARD,dwp-people-server,GET,/api/people/v1/hris/workbench/operations/onboarding,/v1/hris/workbench/operations/onboarding,ia-entry-query-projection-schemas.v1.json#/projections/IAQ-028/requestSchema,ia-entry-query-projection-schemas.v1.json#/projections/IAQ-028/responseSchema,ia-entry-query-projection-schemas.v1.json#/$defs/Problem,hcm.onboarding.view,HRIS_HR_BUSINESS_PARTNER>HRIS_DUTY_ONBOARDING_OPERATIONS_READER,GATEWAY_APP_ENTITLEMENT|OWNER_API_OPERATION|RESOURCE_POPULATION|REPOSITORY_TENANT_PREDICATE|FIELD_PROJECTION|PURPOSE_POLICY|AUDIT_DECISION,onboardingJourney|taskStatus|assignee|effectiveOn,onboardingJourney:ASC|taskStatus:ASC|assignee:ASC|onboardingJourney:DESC|taskStatus:DESC|assignee:DESC|itemPublicId:ASC|itemPublicId:DESC,itemPublicId:ASC,100,/hr/operations/onboarding,hris.action.onboarding.journey.assign|hris.action.onboarding.journey.cancel|hris.action.onboarding.template.create|hris.action.onboarding.template.publish,MODOP:modern.onboarding.journey.assign|MODOP:modern.onboarding.journey.cancel|MODOP:modern.onboarding.template.create|MODOP:modern.onboarding.template.publish,G3-HRM-BE-TEST,QUERY_STATE_ITEM_CARDINALITY|PARTIAL_FAILURE_STATE_MATCH|CURSOR_SCOPE_REVISION_BINDING|PAGE_LIMIT_AND_STABLE_ORDER|FIELD_DECISION_SUMMARY_MATCH|DEEP_LINK_ACTION_ALLOWLIST|TRUSTED_TENANT_CONTEXT_NON_SERIALIZATION|LOCALE_TIMEZONE_CANONICALIZATION|FIELD_DECISION_VIEW_MASK_OMIT|PROBLEM_STATUS_AND_CORRELATION,REQUIRED_G3_ENTRY_QUERY_NOT_IMPLEMENTED,NOT_AUTHORIZED_G6
IAQ-029,IAQ.OP.029,MODERN:hcm.operations.learning,HRIS-PER,MOD-PER-LEARNING,dwp-people-server,GET,/api/people/v1/hris/performance/workbench/learning,/v1/hris/performance/workbench/learning,ia-entry-query-projection-schemas.v1.json#/projections/IAQ-029/requestSchema,ia-entry-query-projection-schemas.v1.json#/projections/IAQ-029/responseSchema,ia-entry-query-projection-schemas.v1.json#/$defs/Problem,hcm.learning.view,HRIS_PERFORMANCE_OPERATOR>HRIS_DUTY_LEARNING_OPERATIONS_READER,GATEWAY_APP_ENTITLEMENT|OWNER_API_OPERATION|RESOURCE_POPULATION|REPOSITORY_TENANT_PREDICATE|FIELD_PROJECTION|PURPOSE_POLICY|AUDIT_DECISION,learningOffering|assignment|completionStatus|effectiveOn,learningOffering:ASC|assignment:ASC|completionStatus:ASC|learningOffering:DESC|assignment:DESC|completionStatus:DESC|itemPublicId:ASC|itemPublicId:DESC,itemPublicId:ASC,100,/hr/operations/learning,hris.action.learning.completion.verify|hris.action.learning.offering.create|hris.action.learning.offering.publish,MODOP:modern.learning.completion.verify|MODOP:modern.learning.offering.create|MODOP:modern.learning.offering.publish,G3-PER-BE-TEST,QUERY_STATE_ITEM_CARDINALITY|PARTIAL_FAILURE_STATE_MATCH|CURSOR_SCOPE_REVISION_BINDING|PAGE_LIMIT_AND_STABLE_ORDER|FIELD_DECISION_SUMMARY_MATCH|DEEP_LINK_ACTION_ALLOWLIST|TRUSTED_TENANT_CONTEXT_NON_SERIALIZATION|LOCALE_TIMEZONE_CANONICALIZATION|FIELD_DECISION_VIEW_MASK_OMIT|PROBLEM_STATUS_AND_CORRELATION,REQUIRED_G3_ENTRY_QUERY_NOT_IMPLEMENTED,NOT_AUTHORIZED_G6
IAQ-030,IAQ.OP.030,MODERN:hcm.operations.opportunities,HRIS-PER,MOD-PER-MARKET,dwp-people-server,GET,/api/people/v1/hris/performance/workbench/opportunities,/v1/hris/performance/workbench/opportunities,ia-entry-query-projection-schemas.v1.json#/projections/IAQ-030/requestSchema,ia-entry-query-projection-schemas.v1.json#/projections/IAQ-030/responseSchema,ia-entry-query-projection-schemas.v1.json#/$defs/Problem,hcm.opportunity.view,HRIS_HR_BUSINESS_PARTNER>HRIS_DUTY_OPPORTUNITY_OPERATIONS_READER,GATEWAY_APP_ENTITLEMENT|OWNER_API_OPERATION|RESOURCE_POPULATION|REPOSITORY_TENANT_PREDICATE|FIELD_PROJECTION|PURPOSE_POLICY|AUDIT_DECISION,opportunity|applicationStatus|matchExplanation|effectiveOn,opportunity:ASC|applicationStatus:ASC|matchExplanation:ASC|opportunity:DESC|applicationStatus:DESC|matchExplanation:DESC|itemPublicId:ASC|itemPublicId:DESC,itemPublicId:ASC,100,/hr/operations/opportunities,hris.action.opportunity.create|hris.action.opportunity.publish|hris.action.opportunity.selection.record|hris.action.opportunity.shortlist,MODOP:modern.opportunity.create|MODOP:modern.opportunity.publish|MODOP:modern.opportunity.selection.record|MODOP:modern.opportunity.shortlist,G3-PER-BE-TEST,QUERY_STATE_ITEM_CARDINALITY|PARTIAL_FAILURE_STATE_MATCH|CURSOR_SCOPE_REVISION_BINDING|PAGE_LIMIT_AND_STABLE_ORDER|FIELD_DECISION_SUMMARY_MATCH|DEEP_LINK_ACTION_ALLOWLIST|TRUSTED_TENANT_CONTEXT_NON_SERIALIZATION|LOCALE_TIMEZONE_CANONICALIZATION|FIELD_DECISION_VIEW_MASK_OMIT|PROBLEM_STATUS_AND_CORRELATION,REQUIRED_G3_ENTRY_QUERY_NOT_IMPLEMENTED,NOT_AUTHORIZED_G6
IAQ-031,IAQ.OP.031,MODERN:hcm.operations.benefits,HRIS-HRM,MOD-HRM-BENEFITS,dwp-people-server,GET,/api/people/v1/hris/workbench/operations/benefits,/v1/hris/workbench/operations/benefits,ia-entry-query-projection-schemas.v1.json#/projections/IAQ-031/requestSchema,ia-entry-query-projection-schemas.v1.json#/projections/IAQ-031/responseSchema,ia-entry-query-projection-schemas.v1.json#/$defs/Problem,hcm.benefits.view,HRIS_HR_BUSINESS_PARTNER>HRIS_DUTY_BENEFITS_OPERATIONS_READER,GATEWAY_APP_ENTITLEMENT|OWNER_API_OPERATION|RESOURCE_POPULATION|REPOSITORY_TENANT_PREDICATE|FIELD_PROJECTION|PURPOSE_POLICY|AUDIT_DECISION,benefitPlan|enrollmentStatus|lifeEvent|effectiveOn,benefitPlan:ASC|enrollmentStatus:ASC|lifeEvent:ASC|benefitPlan:DESC|enrollmentStatus:DESC|lifeEvent:DESC|itemPublicId:ASC|itemPublicId:DESC,itemPublicId:ASC,100,/hr/operations/employee-services/benefits,hris.action.benefits.enrollment.decide|hris.action.benefits.plan.create|hris.action.benefits.plan.publish,MODOP:modern.benefits.enrollment.decide|MODOP:modern.benefits.plan.create|MODOP:modern.benefits.plan.publish,G3-HRM-BE-TEST,QUERY_STATE_ITEM_CARDINALITY|PARTIAL_FAILURE_STATE_MATCH|CURSOR_SCOPE_REVISION_BINDING|PAGE_LIMIT_AND_STABLE_ORDER|FIELD_DECISION_SUMMARY_MATCH|DEEP_LINK_ACTION_ALLOWLIST|TRUSTED_TENANT_CONTEXT_NON_SERIALIZATION|LOCALE_TIMEZONE_CANONICALIZATION|FIELD_DECISION_VIEW_MASK_OMIT|PROBLEM_STATUS_AND_CORRELATION,REQUIRED_G3_ENTRY_QUERY_NOT_IMPLEMENTED,NOT_AUTHORIZED_G6
IAQ-032,IAQ.OP.032,MODERN:hcm.personal.assistant,HRIS-SYS,MOD-SYS-AI,dwp-platform-server,GET,/api/platform/v1/hris/ai-assistance/projection/self,/v1/hris/ai-assistance/projection/self,ia-entry-query-projection-schemas.v1.json#/projections/IAQ-032/requestSchema,ia-entry-query-projection-schemas.v1.json#/projections/IAQ-032/responseSchema,ia-entry-query-projection-schemas.v1.json#/$defs/Problem,hcm.ai.assist.view,HRIS_EMPLOYEE>HRIS_DUTY_AI_ASSISTANT_READER|HRIS_LINE_MANAGER>HRIS_DUTY_AI_ASSISTANT_READER,GATEWAY_APP_ENTITLEMENT|OWNER_API_OPERATION|RESOURCE_POPULATION|REPOSITORY_TENANT_PREDICATE|FIELD_PROJECTION|PURPOSE_POLICY|AUDIT_DECISION,aiAllowedContext|aiProvenance|aiExplanation|effectiveOn,aiAllowedContext:ASC|aiProvenance:ASC|aiExplanation:ASC|aiAllowedContext:DESC|aiProvenance:DESC|aiExplanation:DESC|itemPublicId:ASC|itemPublicId:DESC,itemPublicId:ASC,100,/hr/me/assistant,hris.action.ai.assist.create,MODOP:modern.ai.assist.create,G3-SYS-BE-TEST,QUERY_STATE_ITEM_CARDINALITY|PARTIAL_FAILURE_STATE_MATCH|CURSOR_SCOPE_REVISION_BINDING|PAGE_LIMIT_AND_STABLE_ORDER|FIELD_DECISION_SUMMARY_MATCH|DEEP_LINK_ACTION_ALLOWLIST|TRUSTED_TENANT_CONTEXT_NON_SERIALIZATION|LOCALE_TIMEZONE_CANONICALIZATION|FIELD_DECISION_VIEW_MASK_OMIT|PROBLEM_STATUS_AND_CORRELATION,REQUIRED_G3_ENTRY_QUERY_NOT_IMPLEMENTED,NOT_AUTHORIZED_G6
IAQ-033,IAQ.OP.033,MODERN:hcm.settings.listening,HRIS-SYS,MOD-SYS-LISTEN,dwp-platform-server,GET,/api/platform/v1/admin/hris/listening/projection/settings,/v1/admin/hris/listening/projection/settings,ia-entry-query-projection-schemas.v1.json#/projections/IAQ-033/requestSchema,ia-entry-query-projection-schemas.v1.json#/projections/IAQ-033/responseSchema,ia-entry-query-projection-schemas.v1.json#/$defs/Problem,hcm.configuration.workbench.view,HRIS_CONFIG_AUTHOR>HRIS_DUTY_CONFIGURATION_WORKBENCH_READER,GATEWAY_APP_ENTITLEMENT|OWNER_API_OPERATION|RESOURCE_POPULATION|REPOSITORY_TENANT_PREDICATE|FIELD_PROJECTION|PURPOSE_POLICY|AUDIT_DECISION,surveyConfiguration|publicationStatus|cohortThreshold|effectiveOn,surveyConfiguration:ASC|publicationStatus:ASC|cohortThreshold:ASC|surveyConfiguration:DESC|publicationStatus:DESC|cohortThreshold:DESC|itemPublicId:ASC|itemPublicId:DESC,itemPublicId:ASC,100,/hr/settings/experience/listening,hris.action.listening.action.complete|hris.action.listening.action.create|hris.action.listening.survey.close|hris.action.listening.survey.create|hris.action.listening.survey.publish,MODOP:modern.listening.action.complete|MODOP:modern.listening.action.create|MODOP:modern.listening.survey.close|MODOP:modern.listening.survey.create|MODOP:modern.listening.survey.publish,G3-SYS-BE-TEST,QUERY_STATE_ITEM_CARDINALITY|PARTIAL_FAILURE_STATE_MATCH|CURSOR_SCOPE_REVISION_BINDING|PAGE_LIMIT_AND_STABLE_ORDER|FIELD_DECISION_SUMMARY_MATCH|DEEP_LINK_ACTION_ALLOWLIST|TRUSTED_TENANT_CONTEXT_NON_SERIALIZATION|LOCALE_TIMEZONE_CANONICALIZATION|FIELD_DECISION_VIEW_MASK_OMIT|PROBLEM_STATUS_AND_CORRELATION,REQUIRED_G3_ENTRY_QUERY_NOT_IMPLEMENTED,NOT_AUTHORIZED_G6
IAQ-034,IAQ.OP.034,BASE:time-clock-ingestion,HRIS-TIM,BASE-TFR-TIM-006,dwp-time-server,GET,/api/time/v1/hris/workbench/clock-ingestion,/v1/hris/workbench/clock-ingestion,ia-entry-query-projection-schemas.v1.json#/projections/IAQ-034/requestSchema,ia-entry-query-projection-schemas.v1.json#/projections/IAQ-034/responseSchema,ia-entry-query-projection-schemas.v1.json#/$defs/Problem,hcm.operations.time.view,HRIS_TIMEKEEPER>HRIS_DUTY_TIME_OPERATIONS_READER,GATEWAY_APP_ENTITLEMENT|OWNER_API_OPERATION|RESOURCE_POPULATION|REPOSITORY_TENANT_PREDICATE|FIELD_PROJECTION|PURPOSE_POLICY|AUDIT_DECISION,clockEvent|ingestionStatus|qualityFinding|effectiveOn,clockEvent:ASC|ingestionStatus:ASC|qualityFinding:ASC|clockEvent:DESC|ingestionStatus:DESC|qualityFinding:DESC|itemPublicId:ASC|itemPublicId:DESC,itemPublicId:ASC,100,/hr/operations/time/clock-ingestion,hris.action.tim.clock.void,PEP-TIM-008,G3-TIM-BE-TEST,QUERY_STATE_ITEM_CARDINALITY|PARTIAL_FAILURE_STATE_MATCH|CURSOR_SCOPE_REVISION_BINDING|PAGE_LIMIT_AND_STABLE_ORDER|FIELD_DECISION_SUMMARY_MATCH|DEEP_LINK_ACTION_ALLOWLIST|TRUSTED_TENANT_CONTEXT_NON_SERIALIZATION|LOCALE_TIMEZONE_CANONICALIZATION|FIELD_DECISION_VIEW_MASK_OMIT|PROBLEM_STATUS_AND_CORRELATION,REQUIRED_G3_ENTRY_QUERY_NOT_IMPLEMENTED,NOT_AUTHORIZED_G6
IAQ-035,IAQ.OP.035,BASE:my-hr-home,HRIS-SYS,BASE-TFR-SYS-012,dwp-platform-server,GET,/api/platform/v1/hris/workbench/my-hr-home,/v1/hris/workbench/my-hr-home,ia-entry-query-projection-schemas.v1.json#/projections/IAQ-035/requestSchema,ia-entry-query-projection-schemas.v1.json#/projections/IAQ-035/responseSchema,ia-entry-query-projection-schemas.v1.json#/$defs/Problem,hcm.app.shell.view,HRIS_EMPLOYEE>HRIS_DUTY_APP_SHELL_READER|HRIS_LINE_MANAGER>HRIS_DUTY_APP_SHELL_READER|HRIS_HR_BUSINESS_PARTNER>HRIS_DUTY_APP_SHELL_READER|HRIS_CONFIG_AUTHOR>HRIS_DUTY_APP_SHELL_READER|HRIS_AUDITOR>HRIS_DUTY_APP_SHELL_READER,GATEWAY_APP_ENTITLEMENT|OWNER_API_OPERATION|RESOURCE_POPULATION|REPOSITORY_TENANT_PREDICATE|FIELD_PROJECTION|PURPOSE_POLICY|AUDIT_DECISION,navigationMetadata|widgetMetadata|authorizedWidgetKeys|effectiveOn,navigationMetadata:ASC|widgetMetadata:ASC|authorizedWidgetKeys:ASC|navigationMetadata:DESC|widgetMetadata:DESC|authorizedWidgetKeys:DESC|itemPublicId:ASC|itemPublicId:DESC,itemPublicId:ASC,100,/hr/home,NONE,NONE,G3-SYS-BE-TEST,QUERY_STATE_ITEM_CARDINALITY|PARTIAL_FAILURE_STATE_MATCH|CURSOR_SCOPE_REVISION_BINDING|PAGE_LIMIT_AND_STABLE_ORDER|FIELD_DECISION_SUMMARY_MATCH|DEEP_LINK_ACTION_ALLOWLIST|TRUSTED_TENANT_CONTEXT_NON_SERIALIZATION|LOCALE_TIMEZONE_CANONICALIZATION|FIELD_DECISION_VIEW_MASK_OMIT|PROBLEM_STATUS_AND_CORRELATION,REQUIRED_G3_ENTRY_QUERY_NOT_IMPLEMENTED,NOT_AUTHORIZED_G6
IAQ-036,IAQ.OP.036,BASE:team-time,HRIS-TIM,BASE-TFR-TIM-016,dwp-time-server,GET,/api/time/v1/hris/workbench/team-time,/v1/hris/workbench/team-time,ia-entry-query-projection-schemas.v1.json#/projections/IAQ-036/requestSchema,ia-entry-query-projection-schemas.v1.json#/projections/IAQ-036/responseSchema,ia-entry-query-projection-schemas.v1.json#/$defs/Problem,hcm.team.workbench.view,HRIS_LINE_MANAGER>HRIS_DUTY_TEAM_WORKBENCH_READER,GATEWAY_APP_ENTITLEMENT|OWNER_API_OPERATION|RESOURCE_POPULATION|REPOSITORY_TENANT_PREDICATE|FIELD_PROJECTION|PURPOSE_POLICY|AUDIT_DECISION,timeSummary|approvalStatus|limitedProfile|effectiveOn,timeSummary:ASC|approvalStatus:ASC|limitedProfile:ASC|timeSummary:DESC|approvalStatus:DESC|limitedProfile:DESC|itemPublicId:ASC|itemPublicId:DESC,itemPublicId:ASC,100,/hr/team/time,hris.action.tim.timecard.decide,PEP-TIM-014,G3-TIM-BE-TEST,QUERY_STATE_ITEM_CARDINALITY|PARTIAL_FAILURE_STATE_MATCH|CURSOR_SCOPE_REVISION_BINDING|PAGE_LIMIT_AND_STABLE_ORDER|FIELD_DECISION_SUMMARY_MATCH|DEEP_LINK_ACTION_ALLOWLIST|TRUSTED_TENANT_CONTEXT_NON_SERIALIZATION|LOCALE_TIMEZONE_CANONICALIZATION|FIELD_DECISION_VIEW_MASK_OMIT|PROBLEM_STATUS_AND_CORRELATION,REQUIRED_G3_ENTRY_QUERY_NOT_IMPLEMENTED,NOT_AUTHORIZED_G6
IAQ-037,IAQ.OP.037,BASE:team-leave,HRIS-TIM,BASE-TFR-TIM-012,dwp-time-server,GET,/api/time/v1/hris/workbench/team-leave,/v1/hris/workbench/team-leave,ia-entry-query-projection-schemas.v1.json#/projections/IAQ-037/requestSchema,ia-entry-query-projection-schemas.v1.json#/projections/IAQ-037/responseSchema,ia-entry-query-projection-schemas.v1.json#/$defs/Problem,hcm.team.workbench.view,HRIS_LINE_MANAGER>HRIS_DUTY_TEAM_WORKBENCH_READER,GATEWAY_APP_ENTITLEMENT|OWNER_API_OPERATION|RESOURCE_POPULATION|REPOSITORY_TENANT_PREDICATE|FIELD_PROJECTION|PURPOSE_POLICY|AUDIT_DECISION,leaveRequest|balance|approvalStatus|effectiveOn,leaveRequest:ASC|balance:ASC|approvalStatus:ASC|leaveRequest:DESC|balance:DESC|approvalStatus:DESC|itemPublicId:ASC|itemPublicId:DESC,itemPublicId:ASC,100,/hr/team/leave,hris.action.tim.leave.request.decide,PEP-TIM-020,G3-TIM-BE-TEST,QUERY_STATE_ITEM_CARDINALITY|PARTIAL_FAILURE_STATE_MATCH|CURSOR_SCOPE_REVISION_BINDING|PAGE_LIMIT_AND_STABLE_ORDER|FIELD_DECISION_SUMMARY_MATCH|DEEP_LINK_ACTION_ALLOWLIST|TRUSTED_TENANT_CONTEXT_NON_SERIALIZATION|LOCALE_TIMEZONE_CANONICALIZATION|FIELD_DECISION_VIEW_MASK_OMIT|PROBLEM_STATUS_AND_CORRELATION,REQUIRED_G3_ENTRY_QUERY_NOT_IMPLEMENTED,NOT_AUTHORIZED_G6
IAQ-038,IAQ.OP.038,BASE:team-performance,HRIS-PER,BASE-TFR-PER-008,dwp-people-server,GET,/api/people/v1/hris/performance/workbench/team-performance,/v1/hris/performance/workbench/team-performance,ia-entry-query-projection-schemas.v1.json#/projections/IAQ-038/requestSchema,ia-entry-query-projection-schemas.v1.json#/projections/IAQ-038/responseSchema,ia-entry-query-projection-schemas.v1.json#/$defs/Problem,hcm.team.workbench.view,HRIS_LINE_MANAGER>HRIS_DUTY_TEAM_WORKBENCH_READER,GATEWAY_APP_ENTITLEMENT|OWNER_API_OPERATION|RESOURCE_POPULATION|REPOSITORY_TENANT_PREDICATE|FIELD_PROJECTION|PURPOSE_POLICY|AUDIT_DECISION,performanceAssignment|dueStatus|limitedProfile|effectiveOn,performanceAssignment:ASC|dueStatus:ASC|limitedProfile:ASC|performanceAssignment:DESC|dueStatus:DESC|limitedProfile:DESC|itemPublicId:ASC|itemPublicId:DESC,itemPublicId:ASC,100,/hr/team/performance,hris.action.per.create-goal|hris.action.per.submit-goal|hris.action.per.save-review-draft|hris.action.per.submit-review|hris.action.per.create-feedback-request,PEP-PER-010|PEP-PER-011|PEP-PER-013|PEP-PER-014|PEP-PER-015,G3-PER-BE-TEST,QUERY_STATE_ITEM_CARDINALITY|PARTIAL_FAILURE_STATE_MATCH|CURSOR_SCOPE_REVISION_BINDING|PAGE_LIMIT_AND_STABLE_ORDER|FIELD_DECISION_SUMMARY_MATCH|DEEP_LINK_ACTION_ALLOWLIST|TRUSTED_TENANT_CONTEXT_NON_SERIALIZATION|LOCALE_TIMEZONE_CANONICALIZATION|FIELD_DECISION_VIEW_MASK_OMIT|PROBLEM_STATUS_AND_CORRELATION,REQUIRED_G3_ENTRY_QUERY_NOT_IMPLEMENTED,NOT_AUTHORIZED_G6
IAQ-039,IAQ.OP.039,BASE:time-command-center,HRIS-TIM,BASE-TFR-TIM-007,dwp-time-server,GET,/api/time/v1/hris/workbench/time-command-center,/v1/hris/workbench/time-command-center,ia-entry-query-projection-schemas.v1.json#/projections/IAQ-039/requestSchema,ia-entry-query-projection-schemas.v1.json#/projections/IAQ-039/responseSchema,ia-entry-query-projection-schemas.v1.json#/$defs/Problem,hcm.operations.time.view,HRIS_TIMEKEEPER>HRIS_DUTY_TIME_OPERATIONS_READER,GATEWAY_APP_ENTITLEMENT|OWNER_API_OPERATION|RESOURCE_POPULATION|REPOSITORY_TENANT_PREDICATE|FIELD_PROJECTION|PURPOSE_POLICY|AUDIT_DECISION,timePeriod|exceptionSummary|commandReceipt|effectiveOn,timePeriod:ASC|exceptionSummary:ASC|commandReceipt:ASC|timePeriod:DESC|exceptionSummary:DESC|commandReceipt:DESC|itemPublicId:ASC|itemPublicId:DESC,itemPublicId:ASC,100,/hr/operations/time/command-center,hris.action.tim.timecard.correct|hris.action.tim.timecard.decide|hris.action.tim.close.validate|hris.action.tim.close.close|hris.action.tim.close.reopen|hris.action.tim.handoff.create,PEP-TIM-012|PEP-TIM-014|PEP-TIM-022|PEP-TIM-023|PEP-TIM-024|PEP-TIM-025,G3-TIM-BE-TEST,QUERY_STATE_ITEM_CARDINALITY|PARTIAL_FAILURE_STATE_MATCH|CURSOR_SCOPE_REVISION_BINDING|PAGE_LIMIT_AND_STABLE_ORDER|FIELD_DECISION_SUMMARY_MATCH|DEEP_LINK_ACTION_ALLOWLIST|TRUSTED_TENANT_CONTEXT_NON_SERIALIZATION|LOCALE_TIMEZONE_CANONICALIZATION|FIELD_DECISION_VIEW_MASK_OMIT|PROBLEM_STATUS_AND_CORRELATION,REQUIRED_G3_ENTRY_QUERY_NOT_IMPLEMENTED,NOT_AUTHORIZED_G6
IAQ-040,IAQ.OP.040,BASE:time-work-plans,HRIS-TIM,BASE-TFR-TIM-016,dwp-time-server,GET,/api/time/v1/hris/workbench/time-work-plans,/v1/hris/workbench/time-work-plans,ia-entry-query-projection-schemas.v1.json#/projections/IAQ-040/requestSchema,ia-entry-query-projection-schemas.v1.json#/projections/IAQ-040/responseSchema,ia-entry-query-projection-schemas.v1.json#/$defs/Problem,hcm.operations.time.view,HRIS_TIMEKEEPER>HRIS_DUTY_TIME_OPERATIONS_READER,GATEWAY_APP_ENTITLEMENT|OWNER_API_OPERATION|RESOURCE_POPULATION|REPOSITORY_TENANT_PREDICATE|FIELD_PROJECTION|PURPOSE_POLICY|AUDIT_DECISION,workPlan|schedule|effectiveStatus|effectiveOn,workPlan:ASC|schedule:ASC|effectiveStatus:ASC|workPlan:DESC|schedule:DESC|effectiveStatus:DESC|itemPublicId:ASC|itemPublicId:DESC,itemPublicId:ASC,100,/hr/operations/time/work-plans,hris.action.tim.schedule.rule.create|hris.action.tim.schedule.rule.validate|hris.action.tim.schedule.rule.simulate,PEP-TIM-003|PEP-TIM-004|PEP-TIM-005,G3-TIM-BE-TEST,QUERY_STATE_ITEM_CARDINALITY|PARTIAL_FAILURE_STATE_MATCH|CURSOR_SCOPE_REVISION_BINDING|PAGE_LIMIT_AND_STABLE_ORDER|FIELD_DECISION_SUMMARY_MATCH|DEEP_LINK_ACTION_ALLOWLIST|TRUSTED_TENANT_CONTEXT_NON_SERIALIZATION|LOCALE_TIMEZONE_CANONICALIZATION|FIELD_DECISION_VIEW_MASK_OMIT|PROBLEM_STATUS_AND_CORRELATION,REQUIRED_G3_ENTRY_QUERY_NOT_IMPLEMENTED,NOT_AUTHORIZED_G6
IAQ-041,IAQ.OP.041,BASE:time-interpretation,HRIS-TIM,BASE-TFR-TIM-010,dwp-time-server,GET,/api/time/v1/hris/workbench/time-interpretation,/v1/hris/workbench/time-interpretation,ia-entry-query-projection-schemas.v1.json#/projections/IAQ-041/requestSchema,ia-entry-query-projection-schemas.v1.json#/projections/IAQ-041/responseSchema,ia-entry-query-projection-schemas.v1.json#/$defs/Problem,hcm.operations.time.view,HRIS_TIMEKEEPER>HRIS_DUTY_TIME_OPERATIONS_READER,GATEWAY_APP_ENTITLEMENT|OWNER_API_OPERATION|RESOURCE_POPULATION|REPOSITORY_TENANT_PREDICATE|FIELD_PROJECTION|PURPOSE_POLICY|AUDIT_DECISION,interpretationResult|ruleVersion|traceSummary|effectiveOn,interpretationResult:ASC|ruleVersion:ASC|traceSummary:ASC|interpretationResult:DESC|ruleVersion:DESC|traceSummary:DESC|itemPublicId:ASC|itemPublicId:DESC,itemPublicId:ASC,100,/hr/operations/time/interpretation,hris.action.tim.interpretation.run,PEP-TIM-009,G3-TIM-BE-TEST,QUERY_STATE_ITEM_CARDINALITY|PARTIAL_FAILURE_STATE_MATCH|CURSOR_SCOPE_REVISION_BINDING|PAGE_LIMIT_AND_STABLE_ORDER|FIELD_DECISION_SUMMARY_MATCH|DEEP_LINK_ACTION_ALLOWLIST|TRUSTED_TENANT_CONTEXT_NON_SERIALIZATION|LOCALE_TIMEZONE_CANONICALIZATION|FIELD_DECISION_VIEW_MASK_OMIT|PROBLEM_STATUS_AND_CORRELATION,REQUIRED_G3_ENTRY_QUERY_NOT_IMPLEMENTED,NOT_AUTHORIZED_G6
IAQ-042,IAQ.OP.042,BASE:time-exceptions,HRIS-TIM,BASE-TFR-TIM-006,dwp-time-server,GET,/api/time/v1/hris/workbench/time-exceptions,/v1/hris/workbench/time-exceptions,ia-entry-query-projection-schemas.v1.json#/projections/IAQ-042/requestSchema,ia-entry-query-projection-schemas.v1.json#/projections/IAQ-042/responseSchema,ia-entry-query-projection-schemas.v1.json#/$defs/Problem,hcm.operations.time.view,HRIS_TIMEKEEPER>HRIS_DUTY_TIME_OPERATIONS_READER,GATEWAY_APP_ENTITLEMENT|OWNER_API_OPERATION|RESOURCE_POPULATION|REPOSITORY_TENANT_PREDICATE|FIELD_PROJECTION|PURPOSE_POLICY|AUDIT_DECISION,exception|ownerDeepLink|recoveryMetadata|effectiveOn,exception:ASC|ownerDeepLink:ASC|recoveryMetadata:ASC|exception:DESC|ownerDeepLink:DESC|recoveryMetadata:DESC|itemPublicId:ASC|itemPublicId:DESC,itemPublicId:ASC,100,/hr/operations/time/exceptions,hris.action.tim.clock.void|hris.action.tim.interpretation.run|hris.action.tim.timecard.correct|hris.action.tim.timecard.decide,PEP-TIM-008|PEP-TIM-009|PEP-TIM-012|PEP-TIM-014,G3-TIM-BE-TEST,QUERY_STATE_ITEM_CARDINALITY|PARTIAL_FAILURE_STATE_MATCH|CURSOR_SCOPE_REVISION_BINDING|PAGE_LIMIT_AND_STABLE_ORDER|FIELD_DECISION_SUMMARY_MATCH|DEEP_LINK_ACTION_ALLOWLIST|TRUSTED_TENANT_CONTEXT_NON_SERIALIZATION|LOCALE_TIMEZONE_CANONICALIZATION|FIELD_DECISION_VIEW_MASK_OMIT|PROBLEM_STATUS_AND_CORRELATION,REQUIRED_G3_ENTRY_QUERY_NOT_IMPLEMENTED,NOT_AUTHORIZED_G6
IAQ-043,IAQ.OP.043,BASE:time-daily-close,HRIS-TIM,BASE-TFR-TIM-007,dwp-time-server,GET,/api/time/v1/hris/workbench/time-daily-close,/v1/hris/workbench/time-daily-close,ia-entry-query-projection-schemas.v1.json#/projections/IAQ-043/requestSchema,ia-entry-query-projection-schemas.v1.json#/projections/IAQ-043/responseSchema,ia-entry-query-projection-schemas.v1.json#/$defs/Problem,hcm.operations.time.view,HRIS_TIMEKEEPER>HRIS_DUTY_TIME_OPERATIONS_READER,GATEWAY_APP_ENTITLEMENT|OWNER_API_OPERATION|RESOURCE_POPULATION|REPOSITORY_TENANT_PREDICATE|FIELD_PROJECTION|PURPOSE_POLICY|AUDIT_DECISION,timePeriod|closeStatus|impactSummary|effectiveOn,timePeriod:ASC|closeStatus:ASC|impactSummary:ASC|timePeriod:DESC|closeStatus:DESC|impactSummary:DESC|itemPublicId:ASC|itemPublicId:DESC,itemPublicId:ASC,100,/hr/operations/time/daily-close,hris.action.tim.close.validate|hris.action.tim.close.close|hris.action.tim.close.reopen|hris.action.tim.handoff.create,PEP-TIM-022|PEP-TIM-023|PEP-TIM-024|PEP-TIM-025,G3-TIM-BE-TEST,QUERY_STATE_ITEM_CARDINALITY|PARTIAL_FAILURE_STATE_MATCH|CURSOR_SCOPE_REVISION_BINDING|PAGE_LIMIT_AND_STABLE_ORDER|FIELD_DECISION_SUMMARY_MATCH|DEEP_LINK_ACTION_ALLOWLIST|TRUSTED_TENANT_CONTEXT_NON_SERIALIZATION|LOCALE_TIMEZONE_CANONICALIZATION|FIELD_DECISION_VIEW_MASK_OMIT|PROBLEM_STATUS_AND_CORRELATION,REQUIRED_G3_ENTRY_QUERY_NOT_IMPLEMENTED,NOT_AUTHORIZED_G6
IAQ-044,IAQ.OP.044,BASE:time-monthly-close,HRIS-TIM,BASE-TFR-TIM-007,dwp-time-server,GET,/api/time/v1/hris/workbench/time-monthly-close,/v1/hris/workbench/time-monthly-close,ia-entry-query-projection-schemas.v1.json#/projections/IAQ-044/requestSchema,ia-entry-query-projection-schemas.v1.json#/projections/IAQ-044/responseSchema,ia-entry-query-projection-schemas.v1.json#/$defs/Problem,hcm.operations.time.view,HRIS_TIMEKEEPER>HRIS_DUTY_TIME_OPERATIONS_READER,GATEWAY_APP_ENTITLEMENT|OWNER_API_OPERATION|RESOURCE_POPULATION|REPOSITORY_TENANT_PREDICATE|FIELD_PROJECTION|PURPOSE_POLICY|AUDIT_DECISION,timePeriod|closeStatus|payrollHandoff|effectiveOn,timePeriod:ASC|closeStatus:ASC|payrollHandoff:ASC|timePeriod:DESC|closeStatus:DESC|payrollHandoff:DESC|itemPublicId:ASC|itemPublicId:DESC,itemPublicId:ASC,100,/hr/operations/time/monthly-close,hris.action.tim.close.validate|hris.action.tim.close.close|hris.action.tim.close.reopen|hris.action.tim.handoff.create,PEP-TIM-022|PEP-TIM-023|PEP-TIM-024|PEP-TIM-025,G3-TIM-BE-TEST,QUERY_STATE_ITEM_CARDINALITY|PARTIAL_FAILURE_STATE_MATCH|CURSOR_SCOPE_REVISION_BINDING|PAGE_LIMIT_AND_STABLE_ORDER|FIELD_DECISION_SUMMARY_MATCH|DEEP_LINK_ACTION_ALLOWLIST|TRUSTED_TENANT_CONTEXT_NON_SERIALIZATION|LOCALE_TIMEZONE_CANONICALIZATION|FIELD_DECISION_VIEW_MASK_OMIT|PROBLEM_STATUS_AND_CORRELATION,REQUIRED_G3_ENTRY_QUERY_NOT_IMPLEMENTED,NOT_AUTHORIZED_G6
IAQ-045,IAQ.OP.045,BASE:time-leave-operations,HRIS-TIM,BASE-TFR-TIM-012,dwp-time-server,GET,/api/time/v1/hris/workbench/time-leave-operations,/v1/hris/workbench/time-leave-operations,ia-entry-query-projection-schemas.v1.json#/projections/IAQ-045/requestSchema,ia-entry-query-projection-schemas.v1.json#/projections/IAQ-045/responseSchema,ia-entry-query-projection-schemas.v1.json#/$defs/Problem,hcm.operations.time.view,HRIS_TIMEKEEPER>HRIS_DUTY_TIME_OPERATIONS_READER,GATEWAY_APP_ENTITLEMENT|OWNER_API_OPERATION|RESOURCE_POPULATION|REPOSITORY_TENANT_PREDICATE|FIELD_PROJECTION|PURPOSE_POLICY|AUDIT_DECISION,leaveRequest|balance|evidenceStatus|effectiveOn,leaveRequest:ASC|balance:ASC|evidenceStatus:ASC|leaveRequest:DESC|balance:DESC|evidenceStatus:DESC|itemPublicId:ASC|itemPublicId:DESC,itemPublicId:ASC,100,/hr/operations/time/leave-operations,hris.action.tim.leave.entitlement.run|hris.action.tim.leave.request.create|hris.action.tim.leave.request.decide|hris.action.tim.leave.request.cancel,PEP-TIM-017|PEP-TIM-019|PEP-TIM-020|PEP-TIM-021,G3-TIM-BE-TEST,QUERY_STATE_ITEM_CARDINALITY|PARTIAL_FAILURE_STATE_MATCH|CURSOR_SCOPE_REVISION_BINDING|PAGE_LIMIT_AND_STABLE_ORDER|FIELD_DECISION_SUMMARY_MATCH|DEEP_LINK_ACTION_ALLOWLIST|TRUSTED_TENANT_CONTEXT_NON_SERIALIZATION|LOCALE_TIMEZONE_CANONICALIZATION|FIELD_DECISION_VIEW_MASK_OMIT|PROBLEM_STATUS_AND_CORRELATION,REQUIRED_G3_ENTRY_QUERY_NOT_IMPLEMENTED,NOT_AUTHORIZED_G6
IAQ-046,IAQ.OP.046,BASE:time-accrual-expiration,HRIS-TIM,BASE-TFR-TIM-012,dwp-time-server,GET,/api/time/v1/hris/workbench/time-accrual-expiration,/v1/hris/workbench/time-accrual-expiration,ia-entry-query-projection-schemas.v1.json#/projections/IAQ-046/requestSchema,ia-entry-query-projection-schemas.v1.json#/projections/IAQ-046/responseSchema,ia-entry-query-projection-schemas.v1.json#/$defs/Problem,hcm.operations.time.view,HRIS_TIMEKEEPER>HRIS_DUTY_TIME_OPERATIONS_READER,GATEWAY_APP_ENTITLEMENT|OWNER_API_OPERATION|RESOURCE_POPULATION|REPOSITORY_TENANT_PREDICATE|FIELD_PROJECTION|PURPOSE_POLICY|AUDIT_DECISION,accrualLedger|expiration|policyVersion|effectiveOn,accrualLedger:ASC|expiration:ASC|policyVersion:ASC|accrualLedger:DESC|expiration:DESC|policyVersion:DESC|itemPublicId:ASC|itemPublicId:DESC,itemPublicId:ASC,100,/hr/operations/time/accrual-expiration,hris.action.tim.leave.plan.create|hris.action.tim.leave.entitlement.run,PEP-TIM-015|PEP-TIM-017,G3-TIM-BE-TEST,QUERY_STATE_ITEM_CARDINALITY|PARTIAL_FAILURE_STATE_MATCH|CURSOR_SCOPE_REVISION_BINDING|PAGE_LIMIT_AND_STABLE_ORDER|FIELD_DECISION_SUMMARY_MATCH|DEEP_LINK_ACTION_ALLOWLIST|TRUSTED_TENANT_CONTEXT_NON_SERIALIZATION|LOCALE_TIMEZONE_CANONICALIZATION|FIELD_DECISION_VIEW_MASK_OMIT|PROBLEM_STATUS_AND_CORRELATION,REQUIRED_G3_ENTRY_QUERY_NOT_IMPLEMENTED,NOT_AUTHORIZED_G6
IAQ-047,IAQ.OP.047,BASE:time-reports,HRIS-TIM,BASE-TFR-TIM-009,dwp-time-server,GET,/api/time/v1/hris/workbench/time-reports,/v1/hris/workbench/time-reports,ia-entry-query-projection-schemas.v1.json#/projections/IAQ-047/requestSchema,ia-entry-query-projection-schemas.v1.json#/projections/IAQ-047/responseSchema,ia-entry-query-projection-schemas.v1.json#/$defs/Problem,hcm.operations.time.view,HRIS_TIMEKEEPER>HRIS_DUTY_TIME_OPERATIONS_READER,GATEWAY_APP_ENTITLEMENT|OWNER_API_OPERATION|RESOURCE_POPULATION|REPOSITORY_TENANT_PREDICATE|FIELD_PROJECTION|PURPOSE_POLICY|AUDIT_DECISION,timeAggregate|reportStatus|exportMetadata|effectiveOn,timeAggregate:ASC|reportStatus:ASC|exportMetadata:ASC|timeAggregate:DESC|reportStatus:DESC|exportMetadata:DESC|itemPublicId:ASC|itemPublicId:DESC,itemPublicId:ASC,100,/hr/operations/time/reports,hris.action.tim.insight.export,PEP-TIM-027,G3-TIM-BE-TEST,QUERY_STATE_ITEM_CARDINALITY|PARTIAL_FAILURE_STATE_MATCH|CURSOR_SCOPE_REVISION_BINDING|PAGE_LIMIT_AND_STABLE_ORDER|FIELD_DECISION_SUMMARY_MATCH|DEEP_LINK_ACTION_ALLOWLIST|TRUSTED_TENANT_CONTEXT_NON_SERIALIZATION|LOCALE_TIMEZONE_CANONICALIZATION|FIELD_DECISION_VIEW_MASK_OMIT|PROBLEM_STATUS_AND_CORRELATION,REQUIRED_G3_ENTRY_QUERY_NOT_IMPLEMENTED,NOT_AUTHORIZED_G6
IAQ-048,IAQ.OP.048,BASE:pay-tax-social-insurance,HRIS-PAY,BASE-TFR-PAY-003,dwp-payroll-server,GET,/api/payroll/v1/workbench/pay-tax-social-insurance,/v1/workbench/pay-tax-social-insurance,ia-entry-query-projection-schemas.v1.json#/projections/IAQ-048/requestSchema,ia-entry-query-projection-schemas.v1.json#/projections/IAQ-048/responseSchema,ia-entry-query-projection-schemas.v1.json#/$defs/Problem,hcm.operations.payroll-support.view,HRIS_PAYROLL_SUPPORT_VIEWER>HRIS_DUTY_PAYROLL_SUPPORT_VIEWER,GATEWAY_APP_ENTITLEMENT|OWNER_API_OPERATION|RESOURCE_POPULATION|REPOSITORY_TENANT_PREDICATE|FIELD_PROJECTION|PURPOSE_POLICY|AUDIT_DECISION,taxResult|socialInsurance|policyVersion|effectiveOn,taxResult:ASC|socialInsurance:ASC|policyVersion:ASC|taxResult:DESC|socialInsurance:DESC|policyVersion:DESC|itemPublicId:ASC|itemPublicId:DESC,itemPublicId:ASC,100,/hr/operations/payroll/tax-social-insurance,hris.action.pay.element.version.create|hris.action.pay.formula.version.create|hris.action.pay.run.calculate|hris.action.pay.country.pack.activate,PEP-PAY-004|PEP-PAY-005|PEP-PAY-012|PEP-PAY-028,G3-PAY-BE-TEST,QUERY_STATE_ITEM_CARDINALITY|PARTIAL_FAILURE_STATE_MATCH|CURSOR_SCOPE_REVISION_BINDING|PAGE_LIMIT_AND_STABLE_ORDER|FIELD_DECISION_SUMMARY_MATCH|DEEP_LINK_ACTION_ALLOWLIST|TRUSTED_TENANT_CONTEXT_NON_SERIALIZATION|LOCALE_TIMEZONE_CANONICALIZATION|FIELD_DECISION_VIEW_MASK_OMIT|PROBLEM_STATUS_AND_CORRELATION,REQUIRED_G3_ENTRY_QUERY_NOT_IMPLEMENTED,NOT_AUTHORIZED_G6
IAQ-049,IAQ.OP.049,BASE:pay-retirement,HRIS-PAY,BASE-TFR-PAY-004,dwp-payroll-server,GET,/api/payroll/v1/workbench/pay-retirement,/v1/workbench/pay-retirement,ia-entry-query-projection-schemas.v1.json#/projections/IAQ-049/requestSchema,ia-entry-query-projection-schemas.v1.json#/projections/IAQ-049/responseSchema,ia-entry-query-projection-schemas.v1.json#/$defs/Problem,hcm.operations.payroll-support.view,HRIS_PAYROLL_SUPPORT_VIEWER>HRIS_DUTY_PAYROLL_SUPPORT_VIEWER,GATEWAY_APP_ENTITLEMENT|OWNER_API_OPERATION|RESOURCE_POPULATION|REPOSITORY_TENANT_PREDICATE|FIELD_PROJECTION|PURPOSE_POLICY|AUDIT_DECISION,retirementResult|policyVersion|caseStatus|effectiveOn,retirementResult:ASC|policyVersion:ASC|caseStatus:ASC|retirementResult:DESC|policyVersion:DESC|caseStatus:DESC|itemPublicId:ASC|itemPublicId:DESC,itemPublicId:ASC,100,/hr/operations/payroll/retirement,hris.action.pay.run.calculate|hris.action.pay.country.pack.activate,PEP-PAY-012|PEP-PAY-028,G3-PAY-BE-TEST,QUERY_STATE_ITEM_CARDINALITY|PARTIAL_FAILURE_STATE_MATCH|CURSOR_SCOPE_REVISION_BINDING|PAGE_LIMIT_AND_STABLE_ORDER|FIELD_DECISION_SUMMARY_MATCH|DEEP_LINK_ACTION_ALLOWLIST|TRUSTED_TENANT_CONTEXT_NON_SERIALIZATION|LOCALE_TIMEZONE_CANONICALIZATION|FIELD_DECISION_VIEW_MASK_OMIT|PROBLEM_STATUS_AND_CORRELATION,REQUIRED_G3_ENTRY_QUERY_NOT_IMPLEMENTED,NOT_AUTHORIZED_G6
IAQ-050,IAQ.OP.050,BASE:pay-reports,HRIS-PAY,BASE-TFR-PAY-012,dwp-payroll-server,GET,/api/payroll/v1/workbench/pay-reports,/v1/workbench/pay-reports,ia-entry-query-projection-schemas.v1.json#/projections/IAQ-050/requestSchema,ia-entry-query-projection-schemas.v1.json#/projections/IAQ-050/responseSchema,ia-entry-query-projection-schemas.v1.json#/$defs/Problem,hcm.operations.payroll-support.view,HRIS_PAYROLL_SUPPORT_VIEWER>HRIS_DUTY_PAYROLL_SUPPORT_VIEWER,GATEWAY_APP_ENTITLEMENT|OWNER_API_OPERATION|RESOURCE_POPULATION|REPOSITORY_TENANT_PREDICATE|FIELD_PROJECTION|PURPOSE_POLICY|AUDIT_DECISION,payrollAggregate|reportStatus|exportMetadata|effectiveOn,payrollAggregate:ASC|reportStatus:ASC|exportMetadata:ASC|payrollAggregate:DESC|reportStatus:DESC|exportMetadata:DESC|itemPublicId:ASC|itemPublicId:DESC,itemPublicId:ASC,100,/hr/operations/payroll/reports,hris.action.pay.run.validate|hris.action.pay.insight.export,PEP-PAY-016|PEP-PAY-032,G3-PAY-BE-TEST,QUERY_STATE_ITEM_CARDINALITY|PARTIAL_FAILURE_STATE_MATCH|CURSOR_SCOPE_REVISION_BINDING|PAGE_LIMIT_AND_STABLE_ORDER|FIELD_DECISION_SUMMARY_MATCH|DEEP_LINK_ACTION_ALLOWLIST|TRUSTED_TENANT_CONTEXT_NON_SERIALIZATION|LOCALE_TIMEZONE_CANONICALIZATION|FIELD_DECISION_VIEW_MASK_OMIT|PROBLEM_STATUS_AND_CORRELATION,REQUIRED_G3_ENTRY_QUERY_NOT_IMPLEMENTED,NOT_AUTHORIZED_G6
IAQ-051,IAQ.OP.051,BASE:performance-command-center,HRIS-PER,BASE-TFR-PER-007,dwp-people-server,GET,/api/people/v1/hris/performance/workbench/performance-command-center,/v1/hris/performance/workbench/performance-command-center,ia-entry-query-projection-schemas.v1.json#/projections/IAQ-051/requestSchema,ia-entry-query-projection-schemas.v1.json#/projections/IAQ-051/responseSchema,ia-entry-query-projection-schemas.v1.json#/$defs/Problem,hcm.operations.performance.view,HRIS_PERFORMANCE_OPERATOR>HRIS_DUTY_PERFORMANCE_OPERATIONS_READER,GATEWAY_APP_ENTITLEMENT|OWNER_API_OPERATION|RESOURCE_POPULATION|REPOSITORY_TENANT_PREDICATE|FIELD_PROJECTION|PURPOSE_POLICY|AUDIT_DECISION,performancePeriod|workQueue|commandReceipt|effectiveOn,performancePeriod:ASC|workQueue:ASC|commandReceipt:ASC|performancePeriod:DESC|workQueue:DESC|commandReceipt:DESC|itemPublicId:ASC|itemPublicId:DESC,itemPublicId:ASC,100,/hr/operations/performance/command-center,NONE,NONE,G3-PER-BE-TEST,QUERY_STATE_ITEM_CARDINALITY|PARTIAL_FAILURE_STATE_MATCH|CURSOR_SCOPE_REVISION_BINDING|PAGE_LIMIT_AND_STABLE_ORDER|FIELD_DECISION_SUMMARY_MATCH|DEEP_LINK_ACTION_ALLOWLIST|TRUSTED_TENANT_CONTEXT_NON_SERIALIZATION|LOCALE_TIMEZONE_CANONICALIZATION|FIELD_DECISION_VIEW_MASK_OMIT|PROBLEM_STATUS_AND_CORRELATION,REQUIRED_G3_ENTRY_QUERY_NOT_IMPLEMENTED,NOT_AUTHORIZED_G6
IAQ-052,IAQ.OP.052,BASE:settings-reference,HRIS-SYS,BASE-TFR-SYS-007,dwp-platform-server,GET,/api/platform/v1/hris/workbench/settings-reference,/v1/hris/workbench/settings-reference,ia-entry-query-projection-schemas.v1.json#/projections/IAQ-052/requestSchema,ia-entry-query-projection-schemas.v1.json#/projections/IAQ-052/responseSchema,ia-entry-query-projection-schemas.v1.json#/$defs/Problem,hcm.configuration.workbench.view,HRIS_CONFIG_AUTHOR>HRIS_DUTY_CONFIGURATION_WORKBENCH_READER,GATEWAY_APP_ENTITLEMENT|OWNER_API_OPERATION|RESOURCE_POPULATION|REPOSITORY_TENANT_PREDICATE|FIELD_PROJECTION|PURPOSE_POLICY|AUDIT_DECISION,policyVersion|referenceData|effectiveStatus|effectiveOn,policyVersion:ASC|referenceData:ASC|effectiveStatus:ASC|policyVersion:DESC|referenceData:DESC|effectiveStatus:DESC|itemPublicId:ASC|itemPublicId:DESC,itemPublicId:ASC,100,/hr/settings/reference-data,hris.action.sys.post.platform.v1.admin.hris.configurations.resource.versions|hris.action.sys.post.platform.v1.admin.hris.configurations.resource.versions.resource.validate|hris.action.sys.post.platform.v1.admin.hris.configurations.resource.versions.resource.simulate|hris.action.sys.post.platform.v1.admin.hris.configurations.resource.versions.resource.approve|hris.action.sys.post.platform.v1.admin.hris.configurations.resource.versions.resource.publish|hris.action.sys.post.platform.v1.admin.hris.configurations.resource.versions.resource.submit|hris.action.sys.post.platform.v1.admin.hris.configurations.resource.versions.resource.schedule|hris.action.sys.post.platform.v1.admin.hris.configurations.resource.versions.resource.rollback|hris.action.sys.post.platform.v1.admin.hris.configurations.resource.versions.resource.retire,SYS-API-012|SYS-API-013|SYS-API-014|SYS-API-015|SYS-API-016|SYS-API-042|SYS-API-043|SYS-API-044|SYS-API-045,G3-SYS-BE-TEST,QUERY_STATE_ITEM_CARDINALITY|PARTIAL_FAILURE_STATE_MATCH|CURSOR_SCOPE_REVISION_BINDING|PAGE_LIMIT_AND_STABLE_ORDER|FIELD_DECISION_SUMMARY_MATCH|DEEP_LINK_ACTION_ALLOWLIST|TRUSTED_TENANT_CONTEXT_NON_SERIALIZATION|LOCALE_TIMEZONE_CANONICALIZATION|FIELD_DECISION_VIEW_MASK_OMIT|PROBLEM_STATUS_AND_CORRELATION,REQUIRED_G3_ENTRY_QUERY_NOT_IMPLEMENTED,NOT_AUTHORIZED_G6
IAQ-053,IAQ.OP.053,BASE:settings-time,HRIS-TIM,BASE-TFR-TIM-005,dwp-time-server,GET,/api/time/v1/hris/workbench/settings-time,/v1/hris/workbench/settings-time,ia-entry-query-projection-schemas.v1.json#/projections/IAQ-053/requestSchema,ia-entry-query-projection-schemas.v1.json#/projections/IAQ-053/responseSchema,ia-entry-query-projection-schemas.v1.json#/$defs/Problem,hcm.configuration.workbench.view,HRIS_CONFIG_AUTHOR>HRIS_DUTY_CONFIGURATION_WORKBENCH_READER,GATEWAY_APP_ENTITLEMENT|OWNER_API_OPERATION|RESOURCE_POPULATION|REPOSITORY_TENANT_PREDICATE|FIELD_PROJECTION|PURPOSE_POLICY|AUDIT_DECISION,policyVersion|timePolicy|effectiveStatus|effectiveOn,policyVersion:ASC|timePolicy:ASC|effectiveStatus:ASC|policyVersion:DESC|timePolicy:DESC|effectiveStatus:DESC|itemPublicId:ASC|itemPublicId:DESC,itemPublicId:ASC,100,/hr/settings/time,hris.action.tim.schedule.rule.publish|hris.action.sys.post.platform.v1.admin.hris.configurations.resource.versions|hris.action.sys.post.platform.v1.admin.hris.configurations.resource.versions.resource.validate|hris.action.sys.post.platform.v1.admin.hris.configurations.resource.versions.resource.simulate|hris.action.sys.post.platform.v1.admin.hris.configurations.resource.versions.resource.approve|hris.action.sys.post.platform.v1.admin.hris.configurations.resource.versions.resource.publish,PEP-TIM-006|SYS-API-012|SYS-API-013|SYS-API-014|SYS-API-015|SYS-API-016,G3-TIM-BE-TEST,QUERY_STATE_ITEM_CARDINALITY|PARTIAL_FAILURE_STATE_MATCH|CURSOR_SCOPE_REVISION_BINDING|PAGE_LIMIT_AND_STABLE_ORDER|FIELD_DECISION_SUMMARY_MATCH|DEEP_LINK_ACTION_ALLOWLIST|TRUSTED_TENANT_CONTEXT_NON_SERIALIZATION|LOCALE_TIMEZONE_CANONICALIZATION|FIELD_DECISION_VIEW_MASK_OMIT|PROBLEM_STATUS_AND_CORRELATION,REQUIRED_G3_ENTRY_QUERY_NOT_IMPLEMENTED,NOT_AUTHORIZED_G6
IAQ-054,IAQ.OP.054,BASE:settings-leave,HRIS-TIM,BASE-TFR-TIM-005,dwp-time-server,GET,/api/time/v1/hris/workbench/settings-leave,/v1/hris/workbench/settings-leave,ia-entry-query-projection-schemas.v1.json#/projections/IAQ-054/requestSchema,ia-entry-query-projection-schemas.v1.json#/projections/IAQ-054/responseSchema,ia-entry-query-projection-schemas.v1.json#/$defs/Problem,hcm.configuration.workbench.view,HRIS_CONFIG_AUTHOR>HRIS_DUTY_CONFIGURATION_WORKBENCH_READER,GATEWAY_APP_ENTITLEMENT|OWNER_API_OPERATION|RESOURCE_POPULATION|REPOSITORY_TENANT_PREDICATE|FIELD_PROJECTION|PURPOSE_POLICY|AUDIT_DECISION,policyVersion|leavePolicy|effectiveStatus|effectiveOn,policyVersion:ASC|leavePolicy:ASC|effectiveStatus:ASC|policyVersion:DESC|leavePolicy:DESC|effectiveStatus:DESC|itemPublicId:ASC|itemPublicId:DESC,itemPublicId:ASC,100,/hr/settings/leave,hris.action.tim.leave.plan.publish|hris.action.sys.post.platform.v1.admin.hris.configurations.resource.versions|hris.action.sys.post.platform.v1.admin.hris.configurations.resource.versions.resource.validate|hris.action.sys.post.platform.v1.admin.hris.configurations.resource.versions.resource.simulate|hris.action.sys.post.platform.v1.admin.hris.configurations.resource.versions.resource.approve|hris.action.sys.post.platform.v1.admin.hris.configurations.resource.versions.resource.publish,PEP-TIM-016|SYS-API-012|SYS-API-013|SYS-API-014|SYS-API-015|SYS-API-016,G3-TIM-BE-TEST,QUERY_STATE_ITEM_CARDINALITY|PARTIAL_FAILURE_STATE_MATCH|CURSOR_SCOPE_REVISION_BINDING|PAGE_LIMIT_AND_STABLE_ORDER|FIELD_DECISION_SUMMARY_MATCH|DEEP_LINK_ACTION_ALLOWLIST|TRUSTED_TENANT_CONTEXT_NON_SERIALIZATION|LOCALE_TIMEZONE_CANONICALIZATION|FIELD_DECISION_VIEW_MASK_OMIT|PROBLEM_STATUS_AND_CORRELATION,REQUIRED_G3_ENTRY_QUERY_NOT_IMPLEMENTED,NOT_AUTHORIZED_G6
IAQ-055,IAQ.OP.055,BASE:settings-payroll,HRIS-PAY,BASE-TFR-PAY-006,dwp-payroll-server,GET,/api/payroll/v1/workbench/settings-payroll,/v1/workbench/settings-payroll,ia-entry-query-projection-schemas.v1.json#/projections/IAQ-055/requestSchema,ia-entry-query-projection-schemas.v1.json#/projections/IAQ-055/responseSchema,ia-entry-query-projection-schemas.v1.json#/$defs/Problem,hcm.configuration.workbench.view,HRIS_CONFIG_AUTHOR>HRIS_DUTY_CONFIGURATION_WORKBENCH_READER,GATEWAY_APP_ENTITLEMENT|OWNER_API_OPERATION|RESOURCE_POPULATION|REPOSITORY_TENANT_PREDICATE|FIELD_PROJECTION|PURPOSE_POLICY|AUDIT_DECISION,policyVersion|payrollPolicy|effectiveStatus|effectiveOn,policyVersion:ASC|payrollPolicy:ASC|effectiveStatus:ASC|policyVersion:DESC|payrollPolicy:DESC|effectiveStatus:DESC|itemPublicId:ASC|itemPublicId:DESC,itemPublicId:ASC,100,/hr/settings/payroll,hris.action.pay.formula.publish|hris.action.sys.post.platform.v1.admin.hris.configurations.resource.versions|hris.action.sys.post.platform.v1.admin.hris.configurations.resource.versions.resource.validate|hris.action.sys.post.platform.v1.admin.hris.configurations.resource.versions.resource.simulate|hris.action.sys.post.platform.v1.admin.hris.configurations.resource.versions.resource.approve|hris.action.sys.post.platform.v1.admin.hris.configurations.resource.versions.resource.publish,PEP-PAY-008|SYS-API-012|SYS-API-013|SYS-API-014|SYS-API-015|SYS-API-016,G3-PAY-BE-TEST,QUERY_STATE_ITEM_CARDINALITY|PARTIAL_FAILURE_STATE_MATCH|CURSOR_SCOPE_REVISION_BINDING|PAGE_LIMIT_AND_STABLE_ORDER|FIELD_DECISION_SUMMARY_MATCH|DEEP_LINK_ACTION_ALLOWLIST|TRUSTED_TENANT_CONTEXT_NON_SERIALIZATION|LOCALE_TIMEZONE_CANONICALIZATION|FIELD_DECISION_VIEW_MASK_OMIT|PROBLEM_STATUS_AND_CORRELATION,REQUIRED_G3_ENTRY_QUERY_NOT_IMPLEMENTED,NOT_AUTHORIZED_G6
IAQ-056,IAQ.OP.056,BASE:settings-performance,HRIS-PER,BASE-TFR-PER-004,dwp-people-server,GET,/api/people/v1/hris/performance/workbench/settings-performance,/v1/hris/performance/workbench/settings-performance,ia-entry-query-projection-schemas.v1.json#/projections/IAQ-056/requestSchema,ia-entry-query-projection-schemas.v1.json#/projections/IAQ-056/responseSchema,ia-entry-query-projection-schemas.v1.json#/$defs/Problem,hcm.configuration.workbench.view,HRIS_CONFIG_AUTHOR>HRIS_DUTY_CONFIGURATION_WORKBENCH_READER,GATEWAY_APP_ENTITLEMENT|OWNER_API_OPERATION|RESOURCE_POPULATION|REPOSITORY_TENANT_PREDICATE|FIELD_PROJECTION|PURPOSE_POLICY|AUDIT_DECISION,policyVersion|performancePolicy|effectiveStatus|effectiveOn,policyVersion:ASC|performancePolicy:ASC|effectiveStatus:ASC|policyVersion:DESC|performancePolicy:DESC|effectiveStatus:DESC|itemPublicId:ASC|itemPublicId:DESC,itemPublicId:ASC,100,/hr/settings/performance,hris.action.per.publish-cycle|hris.action.sys.post.platform.v1.admin.hris.configurations.resource.versions|hris.action.sys.post.platform.v1.admin.hris.configurations.resource.versions.resource.validate|hris.action.sys.post.platform.v1.admin.hris.configurations.resource.versions.resource.simulate|hris.action.sys.post.platform.v1.admin.hris.configurations.resource.versions.resource.approve|hris.action.sys.post.platform.v1.admin.hris.configurations.resource.versions.resource.publish,PEP-PER-007|SYS-API-012|SYS-API-013|SYS-API-014|SYS-API-015|SYS-API-016,G3-PER-BE-TEST,QUERY_STATE_ITEM_CARDINALITY|PARTIAL_FAILURE_STATE_MATCH|CURSOR_SCOPE_REVISION_BINDING|PAGE_LIMIT_AND_STABLE_ORDER|FIELD_DECISION_SUMMARY_MATCH|DEEP_LINK_ACTION_ALLOWLIST|TRUSTED_TENANT_CONTEXT_NON_SERIALIZATION|LOCALE_TIMEZONE_CANONICALIZATION|FIELD_DECISION_VIEW_MASK_OMIT|PROBLEM_STATUS_AND_CORRELATION,REQUIRED_G3_ENTRY_QUERY_NOT_IMPLEMENTED,NOT_AUTHORIZED_G6
IAQ-057,IAQ.OP.057,BASE:settings-integrations,HRIS-SYS,BASE-TFR-SYS-008,dwp-platform-server,GET,/api/platform/v1/hris/workbench/settings-integrations,/v1/hris/workbench/settings-integrations,ia-entry-query-projection-schemas.v1.json#/projections/IAQ-057/requestSchema,ia-entry-query-projection-schemas.v1.json#/projections/IAQ-057/responseSchema,ia-entry-query-projection-schemas.v1.json#/$defs/Problem,hcm.configuration.workbench.view,HRIS_CONFIG_AUTHOR>HRIS_DUTY_CONFIGURATION_WORKBENCH_READER,GATEWAY_APP_ENTITLEMENT|OWNER_API_OPERATION|RESOURCE_POPULATION|REPOSITORY_TENANT_PREDICATE|FIELD_PROJECTION|PURPOSE_POLICY|AUDIT_DECISION,connectorMetadata|policyVersion|effectiveStatus|effectiveOn,connectorMetadata:ASC|policyVersion:ASC|effectiveStatus:ASC|connectorMetadata:DESC|policyVersion:DESC|effectiveStatus:DESC|itemPublicId:ASC|itemPublicId:DESC,itemPublicId:ASC,100,/hr/settings/integrations,hris.action.sys.post.platform.v1.admin.hris.connectors|hris.action.sys.post.platform.v1.admin.hris.connectors.resource.test|hris.action.sys.post.platform.v1.admin.hris.connectors.resource.mappings.resource.dry-runs|hris.action.sys.post.platform.v1.admin.hris.connectors.resource.executions|hris.action.sys.post.platform.v1.admin.hris.connectors.resource.validate|hris.action.sys.post.platform.v1.admin.hris.connectors.resource.submit|hris.action.sys.post.platform.v1.admin.hris.connectors.resource.approve|hris.action.sys.post.platform.v1.admin.hris.connectors.resource.activate|hris.action.sys.post.platform.v1.admin.hris.connectors.resource.mappings|hris.action.sys.post.platform.v1.admin.hris.connectors.resource.mappings.resource.validate|hris.action.sys.post.platform.v1.admin.hris.connectors.resource.mappings.resource.submit|hris.action.sys.post.platform.v1.admin.hris.connectors.resource.mappings.resource.approve|hris.action.sys.post.platform.v1.admin.hris.connectors.resource.mappings.resource.activate|hris.action.sys.post.platform.v1.admin.hris.connector-executions.resource.reconcile|hris.action.sys.post.platform.v1.admin.hris.connector-executions.resource.retry|hris.action.sys.post.platform.v1.admin.hris.connector-executions.resource.cancel,SYS-API-021|SYS-API-022|SYS-API-023|SYS-API-024|SYS-API-057|SYS-API-058|SYS-API-059|SYS-API-060|SYS-API-061|SYS-API-062|SYS-API-063|SYS-API-064|SYS-API-065|SYS-API-066|SYS-API-067|SYS-API-068,G3-SYS-BE-TEST,QUERY_STATE_ITEM_CARDINALITY|PARTIAL_FAILURE_STATE_MATCH|CURSOR_SCOPE_REVISION_BINDING|PAGE_LIMIT_AND_STABLE_ORDER|FIELD_DECISION_SUMMARY_MATCH|DEEP_LINK_ACTION_ALLOWLIST|TRUSTED_TENANT_CONTEXT_NON_SERIALIZATION|LOCALE_TIMEZONE_CANONICALIZATION|FIELD_DECISION_VIEW_MASK_OMIT|PROBLEM_STATUS_AND_CORRELATION,REQUIRED_G3_ENTRY_QUERY_NOT_IMPLEMENTED,NOT_AUTHORIZED_G6
IAQ-058,IAQ.OP.058,BASE:settings-extensions,HRIS-SYS,BASE-TFR-HRM-015,dwp-platform-server,GET,/api/platform/v1/hris/workbench/settings-extensions,/v1/hris/workbench/settings-extensions,ia-entry-query-projection-schemas.v1.json#/projections/IAQ-058/requestSchema,ia-entry-query-projection-schemas.v1.json#/projections/IAQ-058/responseSchema,ia-entry-query-projection-schemas.v1.json#/$defs/Problem,hcm.configuration.workbench.view,HRIS_CONFIG_AUTHOR>HRIS_DUTY_CONFIGURATION_WORKBENCH_READER,GATEWAY_APP_ENTITLEMENT|OWNER_API_OPERATION|RESOURCE_POPULATION|REPOSITORY_TENANT_PREDICATE|FIELD_PROJECTION|PURPOSE_POLICY|AUDIT_DECISION,extensionMetadata|policyVersion|effectiveStatus|effectiveOn,extensionMetadata:ASC|policyVersion:ASC|effectiveStatus:ASC|extensionMetadata:DESC|policyVersion:DESC|effectiveStatus:DESC|itemPublicId:ASC|itemPublicId:DESC,itemPublicId:ASC,100,/hr/settings/extensions,hris.action.sys.post.platform.v1.admin.hris.tenants.resource.extension-installations|hris.action.sys.post.platform.v1.admin.hris.tenants.resource.extension-installations.resource.enable|hris.action.sys.post.platform.v1.admin.hris.extension-packs.resource.versions.resource.verify|hris.action.sys.post.platform.v1.admin.hris.extension-packs.resource.versions.resource.approve|hris.action.sys.post.platform.v1.admin.hris.tenants.resource.extension-installations.resource.approve|hris.action.sys.post.platform.v1.admin.hris.tenants.resource.extension-installations.resource.install|hris.action.sys.post.platform.v1.admin.hris.tenants.resource.extension-installations.resource.suspend|hris.action.sys.post.platform.v1.admin.hris.tenants.resource.extension-installations.resource.revoke|hris.action.sys.post.platform.v1.admin.hris.extension-packs.resource.versions.resource.revoke,SYS-API-029|SYS-API-030|SYS-API-069|SYS-API-070|SYS-API-071|SYS-API-072|SYS-API-073|SYS-API-074|SYS-API-075,G3-SYS-BE-TEST,QUERY_STATE_ITEM_CARDINALITY|PARTIAL_FAILURE_STATE_MATCH|CURSOR_SCOPE_REVISION_BINDING|PAGE_LIMIT_AND_STABLE_ORDER|FIELD_DECISION_SUMMARY_MATCH|DEEP_LINK_ACTION_ALLOWLIST|TRUSTED_TENANT_CONTEXT_NON_SERIALIZATION|LOCALE_TIMEZONE_CANONICALIZATION|FIELD_DECISION_VIEW_MASK_OMIT|PROBLEM_STATUS_AND_CORRELATION,REQUIRED_G3_ENTRY_QUERY_NOT_IMPLEMENTED,NOT_AUTHORIZED_G6
IAQ-059,IAQ.OP.059,BASE:settings-operations,HRIS-SYS,BASE-TFR-SYS-002,dwp-platform-server,GET,/api/platform/v1/hris/workbench/settings-operations,/v1/hris/workbench/settings-operations,ia-entry-query-projection-schemas.v1.json#/projections/IAQ-059/requestSchema,ia-entry-query-projection-schemas.v1.json#/projections/IAQ-059/responseSchema,ia-entry-query-projection-schemas.v1.json#/$defs/Problem,hcm.configuration.workbench.view,HRIS_CONFIG_AUTHOR>HRIS_DUTY_CONFIGURATION_WORKBENCH_READER,GATEWAY_APP_ENTITLEMENT|OWNER_API_OPERATION|RESOURCE_POPULATION|REPOSITORY_TENANT_PREDICATE|FIELD_PROJECTION|PURPOSE_POLICY|AUDIT_DECISION,operationPolicy|exceptionPolicy|effectiveStatus|effectiveOn,operationPolicy:ASC|exceptionPolicy:ASC|effectiveStatus:ASC|operationPolicy:DESC|exceptionPolicy:DESC|effectiveStatus:DESC|itemPublicId:ASC|itemPublicId:DESC,itemPublicId:ASC,100,/hr/settings/operations,hris.action.sys.post.platform.v1.admin.hris.automations|hris.action.sys.post.platform.v1.admin.hris.automations.resource.runs|hris.action.sys.post.platform.v1.admin.hris.automation-runs.resource.retry|hris.action.sys.post.platform.v1.admin.hris.automations.resource.versions|hris.action.sys.post.platform.v1.admin.hris.automations.resource.versions.resource.validate|hris.action.sys.post.platform.v1.admin.hris.automations.resource.versions.resource.submit|hris.action.sys.post.platform.v1.admin.hris.automations.resource.versions.resource.approve|hris.action.sys.post.platform.v1.admin.hris.automations.resource.versions.resource.activate|hris.action.sys.post.platform.v1.admin.hris.automations.resource.schedules|hris.action.sys.post.platform.v1.admin.hris.automation-schedules.resource.submit|hris.action.sys.post.platform.v1.admin.hris.automation-schedules.resource.approve|hris.action.sys.post.platform.v1.admin.hris.automation-schedules.resource.activate|hris.action.sys.post.platform.v1.admin.hris.automation-schedules.resource.suspend|hris.action.sys.post.platform.v1.admin.hris.automation-runs.resource.cancel,SYS-API-017|SYS-API-018|SYS-API-020|SYS-API-046|SYS-API-047|SYS-API-048|SYS-API-049|SYS-API-050|SYS-API-051|SYS-API-052|SYS-API-053|SYS-API-054|SYS-API-055|SYS-API-056,G3-SYS-BE-TEST,QUERY_STATE_ITEM_CARDINALITY|PARTIAL_FAILURE_STATE_MATCH|CURSOR_SCOPE_REVISION_BINDING|PAGE_LIMIT_AND_STABLE_ORDER|FIELD_DECISION_SUMMARY_MATCH|DEEP_LINK_ACTION_ALLOWLIST|TRUSTED_TENANT_CONTEXT_NON_SERIALIZATION|LOCALE_TIMEZONE_CANONICALIZATION|FIELD_DECISION_VIEW_MASK_OMIT|PROBLEM_STATUS_AND_CORRELATION,REQUIRED_G3_ENTRY_QUERY_NOT_IMPLEMENTED,NOT_AUTHORIZED_G6
IAQ-060,IAQ.OP.060,BASE:dwp-experience,HRIS-SYS,BASE-TFR-SYS-012,dwp-platform-server,GET,/api/platform/v1/hris/workbench/dwp-experience,/v1/hris/workbench/dwp-experience,ia-entry-query-projection-schemas.v1.json#/projections/IAQ-060/requestSchema,ia-entry-query-projection-schemas.v1.json#/projections/IAQ-060/responseSchema,ia-entry-query-projection-schemas.v1.json#/$defs/Problem,hcm.configuration.workbench.view,HRIS_CONFIG_AUTHOR>HRIS_DUTY_CONFIGURATION_WORKBENCH_READER,GATEWAY_APP_ENTITLEMENT|OWNER_API_OPERATION|RESOURCE_POPULATION|REPOSITORY_TENANT_PREDICATE|FIELD_PROJECTION|PURPOSE_POLICY|AUDIT_DECISION,brandingPolicy|experienceConfig|effectiveStatus|effectiveOn,brandingPolicy:ASC|experienceConfig:ASC|effectiveStatus:ASC|brandingPolicy:DESC|experienceConfig:DESC|effectiveStatus:DESC|itemPublicId:ASC|itemPublicId:DESC,itemPublicId:ASC,100,/admin/experience/branding?product=HCM,NONE,NONE,G3-SYS-BE-TEST,QUERY_STATE_ITEM_CARDINALITY|PARTIAL_FAILURE_STATE_MATCH|CURSOR_SCOPE_REVISION_BINDING|PAGE_LIMIT_AND_STABLE_ORDER|FIELD_DECISION_SUMMARY_MATCH|DEEP_LINK_ACTION_ALLOWLIST|TRUSTED_TENANT_CONTEXT_NON_SERIALIZATION|LOCALE_TIMEZONE_CANONICALIZATION|FIELD_DECISION_VIEW_MASK_OMIT|PROBLEM_STATUS_AND_CORRELATION,REQUIRED_G3_ENTRY_QUERY_NOT_IMPLEMENTED,NOT_AUTHORIZED_G6
IAQ-061,IAQ.OP.061,BASE:dwp-identity,HRIS-SYS,BASE-TFR-SYS-004,dwp-auth-server,GET,/api/auth/v1/admin/hris/workbench/dwp-identity,/v1/admin/hris/workbench/dwp-identity,ia-entry-query-projection-schemas.v1.json#/projections/IAQ-061/requestSchema,ia-entry-query-projection-schemas.v1.json#/projections/IAQ-061/responseSchema,ia-entry-query-projection-schemas.v1.json#/$defs/Problem,hcm.configuration.workbench.view,HRIS_CONFIG_AUTHOR>HRIS_DUTY_CONFIGURATION_WORKBENCH_READER,GATEWAY_APP_ENTITLEMENT|OWNER_API_OPERATION|RESOURCE_POPULATION|REPOSITORY_TENANT_PREDICATE|FIELD_PROJECTION|PURPOSE_POLICY|AUDIT_DECISION,accessPackage|assignmentStatus|sodResult|effectiveOn,accessPackage:ASC|assignmentStatus:ASC|sodResult:ASC|accessPackage:DESC|assignmentStatus:DESC|sodResult:DESC|itemPublicId:ASC|itemPublicId:DESC,itemPublicId:ASC,100,/admin/identity/app-governance?product=HCM,hris.action.sys.post.auth.v1.admin.hris.access-packages|hris.action.sys.post.auth.v1.admin.hris.access-packages.resource.versions.resource.activate|hris.action.sys.post.auth.v1.admin.hris.access-assignments.simulations|hris.action.sys.post.auth.v1.admin.hris.access-assignments|hris.action.sys.post.auth.v1.admin.hris.access-assignments.resource.submit|hris.action.sys.post.auth.v1.admin.hris.access-assignments.resource.approve|hris.action.sys.post.auth.v1.admin.hris.access-assignments.resource.activate|hris.action.sys.post.auth.v1.admin.hris.access-assignments.resource.revoke,SYS-API-002|SYS-API-003|SYS-API-004|SYS-API-005|SYS-API-006|SYS-API-007|SYS-API-008|SYS-API-009,G3-SYS-AUTH-BE-TEST,QUERY_STATE_ITEM_CARDINALITY|PARTIAL_FAILURE_STATE_MATCH|CURSOR_SCOPE_REVISION_BINDING|PAGE_LIMIT_AND_STABLE_ORDER|FIELD_DECISION_SUMMARY_MATCH|DEEP_LINK_ACTION_ALLOWLIST|TRUSTED_TENANT_CONTEXT_NON_SERIALIZATION|LOCALE_TIMEZONE_CANONICALIZATION|FIELD_DECISION_VIEW_MASK_OMIT|PROBLEM_STATUS_AND_CORRELATION,REQUIRED_G3_ENTRY_QUERY_NOT_IMPLEMENTED,NOT_AUTHORIZED_G6
IAQ-062,IAQ.OP.062,BASE:dwp-integrations,HRIS-SYS,BASE-TFR-SYS-008,dwp-platform-server,GET,/api/platform/v1/hris/workbench/dwp-integrations,/v1/hris/workbench/dwp-integrations,ia-entry-query-projection-schemas.v1.json#/projections/IAQ-062/requestSchema,ia-entry-query-projection-schemas.v1.json#/projections/IAQ-062/responseSchema,ia-entry-query-projection-schemas.v1.json#/$defs/Problem,hcm.configuration.workbench.view,HRIS_CONFIG_AUTHOR>HRIS_DUTY_CONFIGURATION_WORKBENCH_READER,GATEWAY_APP_ENTITLEMENT|OWNER_API_OPERATION|RESOURCE_POPULATION|REPOSITORY_TENANT_PREDICATE|FIELD_PROJECTION|PURPOSE_POLICY|AUDIT_DECISION,connectorMetadata|executionPolicy|effectiveStatus|effectiveOn,connectorMetadata:ASC|executionPolicy:ASC|effectiveStatus:ASC|connectorMetadata:DESC|executionPolicy:DESC|effectiveStatus:DESC|itemPublicId:ASC|itemPublicId:DESC,itemPublicId:ASC,100,/admin/integrations/productivity?product=HCM,hris.action.sys.post.platform.v1.admin.hris.connectors|hris.action.sys.post.platform.v1.admin.hris.connectors.resource.test|hris.action.sys.post.platform.v1.admin.hris.connectors.resource.mappings.resource.dry-runs|hris.action.sys.post.platform.v1.admin.hris.connectors.resource.executions|hris.action.sys.post.platform.v1.admin.hris.connectors.resource.validate|hris.action.sys.post.platform.v1.admin.hris.connectors.resource.submit|hris.action.sys.post.platform.v1.admin.hris.connectors.resource.approve|hris.action.sys.post.platform.v1.admin.hris.connectors.resource.activate|hris.action.sys.post.platform.v1.admin.hris.connectors.resource.mappings|hris.action.sys.post.platform.v1.admin.hris.connectors.resource.mappings.resource.validate|hris.action.sys.post.platform.v1.admin.hris.connectors.resource.mappings.resource.submit|hris.action.sys.post.platform.v1.admin.hris.connectors.resource.mappings.resource.approve|hris.action.sys.post.platform.v1.admin.hris.connectors.resource.mappings.resource.activate|hris.action.sys.post.platform.v1.admin.hris.connector-executions.resource.reconcile|hris.action.sys.post.platform.v1.admin.hris.connector-executions.resource.retry|hris.action.sys.post.platform.v1.admin.hris.connector-executions.resource.cancel,SYS-API-021|SYS-API-022|SYS-API-023|SYS-API-024|SYS-API-057|SYS-API-058|SYS-API-059|SYS-API-060|SYS-API-061|SYS-API-062|SYS-API-063|SYS-API-064|SYS-API-065|SYS-API-066|SYS-API-067|SYS-API-068,G3-SYS-BE-TEST,QUERY_STATE_ITEM_CARDINALITY|PARTIAL_FAILURE_STATE_MATCH|CURSOR_SCOPE_REVISION_BINDING|PAGE_LIMIT_AND_STABLE_ORDER|FIELD_DECISION_SUMMARY_MATCH|DEEP_LINK_ACTION_ALLOWLIST|TRUSTED_TENANT_CONTEXT_NON_SERIALIZATION|LOCALE_TIMEZONE_CANONICALIZATION|FIELD_DECISION_VIEW_MASK_OMIT|PROBLEM_STATUS_AND_CORRELATION,REQUIRED_G3_ENTRY_QUERY_NOT_IMPLEMENTED,NOT_AUTHORIZED_G6
IAQ-063,IAQ.OP.063,BASE:dwp-extensibility,HRIS-SYS,BASE-TFR-HRM-015,dwp-platform-server,GET,/api/platform/v1/hris/workbench/dwp-extensibility,/v1/hris/workbench/dwp-extensibility,ia-entry-query-projection-schemas.v1.json#/projections/IAQ-063/requestSchema,ia-entry-query-projection-schemas.v1.json#/projections/IAQ-063/responseSchema,ia-entry-query-projection-schemas.v1.json#/$defs/Problem,hcm.configuration.workbench.view,HRIS_CONFIG_AUTHOR>HRIS_DUTY_CONFIGURATION_WORKBENCH_READER,GATEWAY_APP_ENTITLEMENT|OWNER_API_OPERATION|RESOURCE_POPULATION|REPOSITORY_TENANT_PREDICATE|FIELD_PROJECTION|PURPOSE_POLICY|AUDIT_DECISION,extensionMetadata|registryStatus|effectiveStatus|effectiveOn,extensionMetadata:ASC|registryStatus:ASC|effectiveStatus:ASC|extensionMetadata:DESC|registryStatus:DESC|effectiveStatus:DESC|itemPublicId:ASC|itemPublicId:DESC,itemPublicId:ASC,100,/admin/platform/registry?namespace=hris-extension,hris.action.sys.post.platform.v1.admin.hris.tenants.resource.extension-installations|hris.action.sys.post.platform.v1.admin.hris.tenants.resource.extension-installations.resource.enable|hris.action.sys.post.platform.v1.admin.hris.extension-packs.resource.versions.resource.verify|hris.action.sys.post.platform.v1.admin.hris.extension-packs.resource.versions.resource.approve|hris.action.sys.post.platform.v1.admin.hris.tenants.resource.extension-installations.resource.approve|hris.action.sys.post.platform.v1.admin.hris.tenants.resource.extension-installations.resource.install|hris.action.sys.post.platform.v1.admin.hris.tenants.resource.extension-installations.resource.suspend|hris.action.sys.post.platform.v1.admin.hris.tenants.resource.extension-installations.resource.revoke|hris.action.sys.post.platform.v1.admin.hris.extension-packs.resource.versions.resource.revoke,SYS-API-029|SYS-API-030|SYS-API-069|SYS-API-070|SYS-API-071|SYS-API-072|SYS-API-073|SYS-API-074|SYS-API-075,G3-SYS-BE-TEST,QUERY_STATE_ITEM_CARDINALITY|PARTIAL_FAILURE_STATE_MATCH|CURSOR_SCOPE_REVISION_BINDING|PAGE_LIMIT_AND_STABLE_ORDER|FIELD_DECISION_SUMMARY_MATCH|DEEP_LINK_ACTION_ALLOWLIST|TRUSTED_TENANT_CONTEXT_NON_SERIALIZATION|LOCALE_TIMEZONE_CANONICALIZATION|FIELD_DECISION_VIEW_MASK_OMIT|PROBLEM_STATUS_AND_CORRELATION,REQUIRED_G3_ENTRY_QUERY_NOT_IMPLEMENTED,NOT_AUTHORIZED_G6
IAQ-064,IAQ.OP.064,MODERN:hcm.operations.hr-services,HRIS-HRM,MOD-HRM-HRSD,dwp-people-server,GET,/api/people/v1/hris/workbench/operations-hr-services,/v1/hris/workbench/operations-hr-services,ia-entry-query-projection-schemas.v1.json#/projections/IAQ-064/requestSchema,ia-entry-query-projection-schemas.v1.json#/projections/IAQ-064/responseSchema,ia-entry-query-projection-schemas.v1.json#/$defs/Problem,hcm.hrservice.view,HRIS_HR_BUSINESS_PARTNER>HRIS_DUTY_HR_SERVICE_READER,GATEWAY_APP_ENTITLEMENT|OWNER_API_OPERATION|RESOURCE_POPULATION|REPOSITORY_TENANT_PREDICATE|FIELD_PROJECTION|PURPOSE_POLICY|AUDIT_DECISION,hrCaseWorkQueue|knowledgeAnswer|slaReceipt|effectiveOn,hrCaseWorkQueue:ASC|knowledgeAnswer:ASC|slaReceipt:ASC|hrCaseWorkQueue:DESC|knowledgeAnswer:DESC|slaReceipt:DESC|itemPublicId:ASC|itemPublicId:DESC,itemPublicId:ASC,100,/hr/operations/hr-services,hris.action.hrservice.case.assign|hris.action.hrservice.case.resolve|hris.action.hrservice.case.respond|hris.action.hrservice.case.triage,MODOP:modern.hrservice.case.assign|MODOP:modern.hrservice.case.resolve|MODOP:modern.hrservice.case.respond|MODOP:modern.hrservice.case.triage,G3-HRM-BE-TEST,QUERY_STATE_ITEM_CARDINALITY|PARTIAL_FAILURE_STATE_MATCH|CURSOR_SCOPE_REVISION_BINDING|PAGE_LIMIT_AND_STABLE_ORDER|FIELD_DECISION_SUMMARY_MATCH|DEEP_LINK_ACTION_ALLOWLIST|TRUSTED_TENANT_CONTEXT_NON_SERIALIZATION|LOCALE_TIMEZONE_CANONICALIZATION|FIELD_DECISION_VIEW_MASK_OMIT|PROBLEM_STATUS_AND_CORRELATION,REQUIRED_G3_ENTRY_QUERY_NOT_IMPLEMENTED,NOT_AUTHORIZED_G6
IAQ-065,IAQ.OP.065,MODERN:hcm.personal.listening,HRIS-SYS,MOD-SYS-LISTEN,dwp-platform-server,GET,/api/platform/v1/hris/workbench/personal-listening,/v1/hris/workbench/personal-listening,ia-entry-query-projection-schemas.v1.json#/projections/IAQ-065/requestSchema,ia-entry-query-projection-schemas.v1.json#/projections/IAQ-065/responseSchema,ia-entry-query-projection-schemas.v1.json#/$defs/Problem,hcm.listening.self.view,HRIS_EMPLOYEE>HRIS_DUTY_LISTENING_SELF_READER,GATEWAY_APP_ENTITLEMENT|OWNER_API_OPERATION|RESOURCE_POPULATION|REPOSITORY_TENANT_PREDICATE|FIELD_PROJECTION|PURPOSE_POLICY|AUDIT_DECISION,listeningSurvey|responseStatus|anonymityNotice|effectiveOn,listeningSurvey:ASC|responseStatus:ASC|anonymityNotice:ASC|listeningSurvey:DESC|responseStatus:DESC|anonymityNotice:DESC|itemPublicId:ASC|itemPublicId:DESC,itemPublicId:ASC,100,/hr/me/listening,hris.action.listening.response.submit,MODOP:modern.listening.response.submit,G3-SYS-BE-TEST,QUERY_STATE_ITEM_CARDINALITY|PARTIAL_FAILURE_STATE_MATCH|CURSOR_SCOPE_REVISION_BINDING|PAGE_LIMIT_AND_STABLE_ORDER|FIELD_DECISION_SUMMARY_MATCH|DEEP_LINK_ACTION_ALLOWLIST|TRUSTED_TENANT_CONTEXT_NON_SERIALIZATION|LOCALE_TIMEZONE_CANONICALIZATION|FIELD_DECISION_VIEW_MASK_OMIT|PROBLEM_STATUS_AND_CORRELATION,REQUIRED_G3_ENTRY_QUERY_NOT_IMPLEMENTED,NOT_AUTHORIZED_G6
IAQ-066,IAQ.OP.066,MODERN:hcm.settings.ai-governance,HRIS-SYS,MOD-SYS-AI,dwp-platform-server,GET,/api/platform/v1/hris/workbench/settings-ai-governance,/v1/hris/workbench/settings-ai-governance,ia-entry-query-projection-schemas.v1.json#/projections/IAQ-066/requestSchema,ia-entry-query-projection-schemas.v1.json#/projections/IAQ-066/responseSchema,ia-entry-query-projection-schemas.v1.json#/$defs/Problem,hcm.configuration.workbench.view,HRIS_CONFIG_AUTHOR>HRIS_DUTY_CONFIGURATION_WORKBENCH_READER,GATEWAY_APP_ENTITLEMENT|OWNER_API_OPERATION|RESOURCE_POPULATION|REPOSITORY_TENANT_PREDICATE|FIELD_PROJECTION|PURPOSE_POLICY|AUDIT_DECISION,aiPolicy|evaluationThreshold|killSwitchStatus|effectiveOn,aiPolicy:ASC|evaluationThreshold:ASC|killSwitchStatus:ASC|aiPolicy:DESC|evaluationThreshold:DESC|killSwitchStatus:DESC|itemPublicId:ASC|itemPublicId:DESC,itemPublicId:ASC,100,/hr/settings/ai-governance,hris.action.ai.kill.switch|hris.action.ai.policy.create|hris.action.ai.policy.evaluate|hris.action.ai.policy.publish|hris.action.ai.policy.retire,MODOP:modern.ai.kill.switch|MODOP:modern.ai.policy.create|MODOP:modern.ai.policy.evaluate|MODOP:modern.ai.policy.publish|MODOP:modern.ai.policy.retire,G3-SYS-BE-TEST,QUERY_STATE_ITEM_CARDINALITY|PARTIAL_FAILURE_STATE_MATCH|CURSOR_SCOPE_REVISION_BINDING|PAGE_LIMIT_AND_STABLE_ORDER|FIELD_DECISION_SUMMARY_MATCH|DEEP_LINK_ACTION_ALLOWLIST|TRUSTED_TENANT_CONTEXT_NON_SERIALIZATION|LOCALE_TIMEZONE_CANONICALIZATION|FIELD_DECISION_VIEW_MASK_OMIT|PROBLEM_STATUS_AND_CORRELATION,REQUIRED_G3_ENTRY_QUERY_NOT_IMPLEMENTED,NOT_AUTHORIZED_G6
