resolution_id,module,source_family_sha256,source_capability_ids,source_row_count,resolution_refs,primary_resolution_refs,related_resolution_refs,resolution_state,consolidation_rationale,source_register
TFR-HRM-001,HRM,32a61311affd13c7dcde712fd1bf793c77a5ee3c2b35dd0619476f35854c285d,settings-workflow,34,PLAT-003,,PLAT-003,RESOLVED_G2_CONTRACT,Source-shaped workflow screens consolidate into the shared versioned Approval policy and decision contract with owner-side state guards.,../session-registers/hris-hrm-source-coverage.csv
TFR-HRM-002,HRM,ccb4d0f8c3ae4e7af17aaf892453d05ee089df060d3e204ed89f3430c36bfeb6,dwp-experience,10,PEP-HRM-014|SYS-API-026|SYS-API-027|PLAT-003|PLAT-004|SYS-API-033,PEP-HRM-014,PLAT-003|PLAT-004|SYS-API-026|SYS-API-027|SYS-API-033,RESOLVED_G2_CONTRACT,Shell tasks notifications and object references resolve through the composed home explorer approval notification and controlled-transfer contracts.,../session-registers/hris-hrm-source-coverage.csv
TFR-HRM-003,HRM,21b12d43ec49c0e7658f25477d258b4d76a910e770c8cca93bcd616cc27b1e51,hr-operations-home,19,PEP-HRM-016|SVC-PEP-HRM-006|XCON-013|EVT-HRM:HrisHomeContributionChanged.v1,EVT-HRM:HrisHomeContributionChanged.v1|PEP-HRM-016|SVC-PEP-HRM-006|XCON-013,,RESOLVED_G2_CONTRACT,Workforce home data is a scoped owner projection plus signed materialization ref and change event rather than a route catalog.,../session-registers/hris-hrm-source-coverage.csv
TFR-HRM-004,HRM,fe867c1109d54c6e02d1486c5bd2f4aa83282695391dacef7bf410684d514a96,hr-people,133,PEP-HRM-001|PEP-HRM-002|SVC-PEP-HRM-002|EVT-HRM:PersonChanged.v1,EVT-HRM:PersonChanged.v1|PEP-HRM-001|PEP-HRM-002|SVC-PEP-HRM-002,,RESOLVED_G2_CONTRACT,Repeated person pages consolidate into scoped search and as-of People 360 with a minimized invalidation event.,../session-registers/hris-hrm-source-coverage.csv
TFR-HRM-005,HRM,aff33d64feb7769426e17e372962e09ff34f27f37b021a5daa22079a7f2a70b2,hr-organization-positions,43,PEP-HRM-006|PEP-HRM-007|PEP-HRM-008|PEP-HRM-009|PEP-HRM-010|XCON-006|EVT-HRM:OrganizationChanged.v1,EVT-HRM:OrganizationChanged.v1|PEP-HRM-010|XCON-006,PEP-HRM-006|PEP-HRM-007|PEP-HRM-008|PEP-HRM-009,RESOLVED_G2_CONTRACT,Organization graph query and effective-dated assignment-event workflow replace direct organization mutation screens.,../session-registers/hris-hrm-source-coverage.csv
TFR-HRM-006,HRM,c627c09c14e58e44bc51622dac392958ec88244e414b508020634f53cfcd1e69,OUT_OF_SCOPE.BENSK|OUT_OF_SCOPE.TECHNICAL_DUPLICATE,23,DECISION:HRM-DEC-008|DECISION:HRM-DEC-009,,DECISION:HRM-DEC-008|DECISION:HRM-DEC-009,RETIRED_DECIDED,Governed excluded customer code and technical duplicates have no target endpoint and remain closed by explicit decisions.,../session-registers/hris-hrm-source-coverage.csv
TFR-HRM-007,HRM,9d2373936772c7f15ba4fde19d4d480235e7bcc1e18db24adf312cb6f6ee2066,hr-appointments,31,PEP-HRM-006|PEP-HRM-007|PEP-HRM-008|PEP-HRM-009|EVT-HRM:AssignmentChanged.v1,,EVT-HRM:AssignmentChanged.v1|PEP-HRM-006|PEP-HRM-007|PEP-HRM-008|PEP-HRM-009,RESOLVED_G2_CONTRACT,Appointment variants consolidate into one validated submitted and published effective-dated assignment event lifecycle.,../session-registers/hris-hrm-source-coverage.csv
TFR-HRM-008,HRM,83ca1a8dd958a525eb9f19432a728c8355a64d45106373b96544eeda8dc4489f,hr-employment-assignments,18,PEP-HRM-006|PEP-HRM-007|PEP-HRM-008|PEP-HRM-009|SVC-PEP-HRM-004|XCON-001|XCON-003|XCON-004|XCON-005|XCON-016|EVT-HRM:AssignmentChanged.v1|EVT-HRM:WorkerHired.v1|EVT-HRM:WorkerChanged.v1|EVT-HRM:EmploymentChanged.v1|EVT-HRM:WorkplaceChanged.v1,EVT-HRM:AssignmentChanged.v1|EVT-HRM:EmploymentChanged.v1|EVT-HRM:WorkerChanged.v1|EVT-HRM:WorkerHired.v1|EVT-HRM:WorkplaceChanged.v1|PEP-HRM-006|PEP-HRM-007|PEP-HRM-008|PEP-HRM-009|SVC-PEP-HRM-004|XCON-001|XCON-003|XCON-004|XCON-005|XCON-016,,RESOLVED_G2_CONTRACT,Employment assignment mutations consolidate into the same effective-dated assignment event command and publication lifecycle.,../session-registers/hris-hrm-source-coverage.csv
TFR-HRM-009,HRM,23593695008480f8100a3040dd21cc7011c3078b113902dc6b9e2e357084352a,hr-certificates-documents,21,PEP-HRM-012|EVT-HRM:CertificateIssued.v1,EVT-HRM:CertificateIssued.v1|PEP-HRM-012,,RESOLVED_G2_CONTRACT,Certificate variants consolidate into one governed request with object reference and a data-minimized issuance event.,../session-registers/hris-hrm-source-coverage.csv
TFR-HRM-010,HRM,3800c0ebee1b35406e2f3c4fdbaf678b0b50a159ff8821543776728d8b26c5b1,hr-employee-change-requests,73,PEP-HRM-003|PEP-HRM-004|PEP-HRM-005|SVC-PEP-HRM-001|EVT-HRM:EmployeeChangeApplied.v1,EVT-HRM:EmployeeChangeApplied.v1|PEP-HRM-003|PEP-HRM-004|PEP-HRM-005|SVC-PEP-HRM-001,,RESOLVED_G2_CONTRACT,Employee changes use create submit approval callback and guarded apply with immutable receipts instead of direct table mutation.,../session-registers/hris-hrm-source-coverage.csv
TFR-HRM-011,HRM,48c146cb90d7b21db80b1a0e24ab032d7ed50904b722bd01ac424b553c033c97,hr-contracts-compensation-basis,30,PEP-HRM-011|SVC-PEP-HRM-003|SVC-PEP-HRM-005|XCON-002|XCON-007|XCON-017|XCON-018|XCON-019|EVT-HRM:EmploymentContractIssued.v1|EVT-HRM:CompensationBasisChanged.v1|EVT-HRM:WorkerDependentEligibilityChanged.v1|EVT-HRM:WorkerTaxIdentityChanged.v1|EVT-HRM:WorkerBankAccountTokenChanged.v1,EVT-HRM:CompensationBasisChanged.v1|EVT-HRM:EmploymentContractIssued.v1|EVT-HRM:WorkerBankAccountTokenChanged.v1|EVT-HRM:WorkerDependentEligibilityChanged.v1|EVT-HRM:WorkerTaxIdentityChanged.v1|PEP-HRM-011|SVC-PEP-HRM-003|SVC-PEP-HRM-005|XCON-002|XCON-007|XCON-017|XCON-018|XCON-019,,RESOLVED_G2_CONTRACT,Contract issuance and compensation basis use owner commands plus field-projected snapshots and minimized change events.,../session-registers/hris-hrm-source-coverage.csv
TFR-HRM-012,HRM,045228002731f170aa64cc37b82e02ff85a49873efaed9998486dcfbe8e99739,hr-data-quality,49,PEP-HRM-015|EVT-HRM:WorkforceIngestionReconciled.v1,EVT-HRM:WorkforceIngestionReconciled.v1|PEP-HRM-015,,RESOLVED_G2_CONTRACT,Data-quality screens consolidate into governed workforce ingestion with reconciliation counts digest and quarantine outcome.,../session-registers/hris-hrm-source-coverage.csv
TFR-HRM-013,HRM,93814fefff93603210a584bcf442cf7b05b7e9524e35074ae0789498a9947db0,hr-exit-return,23,PEP-HRM-013|EVT-HRM:WorkerSeparated.v1,EVT-HRM:WorkerSeparated.v1|PEP-HRM-013,,RESOLVED_G2_CONTRACT,Exit and return variants resolve through governed separation cases and corrective lifecycle commands without destructive edits.,../session-registers/hris-hrm-source-coverage.csv
TFR-HRM-014,HRM,f83412aed61970f2a9fd7843aba10ea6226b1a8aba754a0e36762d7bec8979d6,settings-documents-communications,12,SYS-API-011|SYS-API-012|SYS-API-013|SYS-API-014|SYS-API-015|SYS-API-016|SYS-API-033|PLAT-004,,PLAT-004|SYS-API-011|SYS-API-012|SYS-API-013|SYS-API-014|SYS-API-015|SYS-API-016|SYS-API-033,RESOLVED_G2_CONTRACT,Document templates become typed immutable configurations with controlled object transfer and minimal notification intent.,../session-registers/hris-hrm-source-coverage.csv
TFR-HRM-015,HRM,51ab756e1c54caa3310e888ef454d37446d9e277b4832090f8600ff7bd1e2e1d,dwp-extensibility,6,SYS-API-028|SYS-API-029|SYS-API-030|SYS-API-069|SYS-API-070|SYS-API-071|SYS-API-072|SYS-API-073|SYS-API-074|SYS-API-075|SYS-EVT-006,SYS-API-028|SYS-API-029|SYS-API-030|SYS-API-069|SYS-API-070|SYS-API-071|SYS-API-072|SYS-API-073|SYS-API-074|SYS-API-075|SYS-EVT-006,,RESOLVED_G2_CONTRACT,Extensions use verified pack catalog install-disabled and explicit enable lifecycle rather than embedded customer branches.,../session-registers/hris-hrm-source-coverage.csv
TFR-HRM-016,HRM,a8cf0d9ccc78c5829ef86d11212046a8899b022aef5ea6cc57d16a27d294c6b5,settings-reference,52,SYS-API-011|SYS-API-012|SYS-API-013|SYS-API-014|SYS-API-015|SYS-API-016|SYS-EVT-003,,SYS-API-011|SYS-API-012|SYS-API-013|SYS-API-014|SYS-API-015|SYS-API-016|SYS-EVT-003,RESOLVED_G2_CONTRACT,Reference variants consolidate into typed configuration versions with validate simulate approve publish and change event.,../session-registers/hris-hrm-source-coverage.csv
TFR-HRM-017,HRM,9d1d9b4bcb855d83286affb19020fb7cf6c10d6dc60d610407ea577dd3599989,settings-operations,6,SYS-API-011|SYS-API-012|SYS-API-013|SYS-API-014|SYS-API-015|SYS-API-016|PLAT-005,,PLAT-005|SYS-API-011|SYS-API-012|SYS-API-013|SYS-API-014|SYS-API-015|SYS-API-016,RESOLVED_G2_CONTRACT,Retention and operating policies become immutable typed configurations with audit evidence and no executable source values.,../session-registers/hris-hrm-source-coverage.csv
TFR-PAY-001,PAY,e90acf4d7cdb3127484465b09d14fa566bf8f546ad29ccc28aa589ce71f353f6,PAY-PLATFORM-NOTIFICATION,7,PLAT-004,,PLAT-004,RESOLVED_G2_CONTRACT,Payroll notifications emit minimal allowlisted intent through the shared notification contract without direct channel coupling.,../session-registers/hris-pay-source-coverage.csv
TFR-PAY-002,PAY,812ba196e0a799bf6e91571753aed1c229df046db3b29fc4ee80e6bca16dda32,PAY-CONNECTOR,7,SYS-API-021|SYS-API-022|SYS-API-023|SYS-API-024|SYS-API-025|PEP-PAY-003|PEP-PAY-009,,PEP-PAY-003|PEP-PAY-009|SYS-API-021|SYS-API-022|SYS-API-023|SYS-API-024|SYS-API-025,RESOLVED_G2_CONTRACT,Central connector control owns credentials mapping dry-run execution and receipt then invokes typed payroll foundation or worker inputs.,../session-registers/hris-pay-source-coverage.csv
TFR-PAY-003,PAY,852755d8c1550d2b76842c45e87e9822e12209165780e63ae72d3b9af68d6a41,PAY-KR-INSURANCE,34,PEP-PAY-028|PEP-PAY-012|PEP-PAY-014|EVT-PAY:PayrollCalculated,PEP-PAY-028,EVT-PAY:PayrollCalculated|PEP-PAY-012|PEP-PAY-014,RESOLVED_G2_CONTRACT,Country-specific insurance screens collapse into signed pack activation plus generic immutable calculation and result projection.,../session-registers/hris-pay-source-coverage.csv
TFR-PAY-004,PAY,e3907422f10a20d8e186c1aada2e540f8d23a901b34b55205f61bca235679465,PAY-RETIREMENT,119,PEP-PAY-028|PEP-PAY-012|PEP-PAY-014|EVT-PAY:PayrollCalculated,,EVT-PAY:PayrollCalculated|PEP-PAY-012|PEP-PAY-014|PEP-PAY-028,RESOLVED_G2_CONTRACT,Country-specific retirement screens collapse into signed pack activation plus generic immutable calculation and result projection.,../session-registers/hris-pay-source-coverage.csv
TFR-PAY-005,PAY,e8fbf7b7340bc32a3fbadfec536a6ca5a6622da1bf7027702967f0b08fcd8677,PAY-KR-TAX,16,PEP-PAY-028|PEP-PAY-012|PEP-PAY-014|EVT-PAY:PayrollCalculated,,EVT-PAY:PayrollCalculated|PEP-PAY-012|PEP-PAY-014|PEP-PAY-028,RESOLVED_G2_CONTRACT,Country-specific tax screens collapse into signed pack activation plus generic immutable calculation and result projection.,../session-registers/hris-pay-source-coverage.csv
TFR-PAY-006,PAY,1becffe45dd5701bfda428c64e2c4d718209bf4b9f859b622799f75901017dba,PAY-ELEMENT-FORMULA,63,PEP-PAY-004|PEP-PAY-005|PEP-PAY-006|PEP-PAY-007|PEP-PAY-008|EVT-PAY:PayrollConfigurationPublished,EVT-PAY:PayrollConfigurationPublished|PEP-PAY-004|PEP-PAY-005|PEP-PAY-006|PEP-PAY-007|PEP-PAY-008,,RESOLVED_G2_CONTRACT,Elements and formulas use immutable versions with validate simulate and publish instead of mutable executable source configuration.,../session-registers/hris-pay-source-coverage.csv
TFR-PAY-007,PAY,9f62fdb53dcd3482ee7a8bc875be09b4ed8735145309fefcd7c39d4e6e374779,PAY-FOUNDATION,13,PEP-PAY-002|PEP-PAY-003|EVT-PAY:PayrollConfigurationPublished,PEP-PAY-002|PEP-PAY-003,EVT-PAY:PayrollConfigurationPublished,RESOLVED_G2_CONTRACT,Payroll foundation screens consolidate into query and immutable version creation with a minimized publication event.,../session-registers/hris-pay-source-coverage.csv
TFR-PAY-008,PAY,7eb342f23ad919073e8ca235dc925c4cac4f2deec6004be72ed54ba1eb3650f6,PAY-PAYMENT,7,PEP-PAY-021|PEP-PAY-022|PEP-PAY-023|PEP-PAY-024|PEP-PAY-025|EVT-PAY:PaymentInstructionReleased|EVT-PAY:PayrollPosted,EVT-PAY:PaymentInstructionReleased|EVT-PAY:PayrollPosted|PEP-PAY-021|PEP-PAY-022|PEP-PAY-023|PEP-PAY-024|PEP-PAY-025,,RESOLVED_G2_CONTRACT,Payment and accounting screens use governed batch release download grants and GL posting with immutable release events.,../session-registers/hris-pay-source-coverage.csv
TFR-PAY-009,PAY,63db669cb1ae7ae65b5fa618a6009fd9b9c79b18113586cb51d7a11d3802d6b7,PAY-PAYSLIP,20,PEP-PAY-026|PEP-PAY-027|EVT-PAY:PayslipPublished,EVT-PAY:PayslipPublished|PEP-PAY-026|PEP-PAY-027,,RESOLVED_G2_CONTRACT,Payslip variants consolidate into field-projected query and expiring download grant with publication event.,../session-registers/hris-pay-source-coverage.csv
TFR-PAY-010,PAY,a0dfce7a2bb3ee9bd2f90c257b719faa3336d0811dc4280ecd2b7ae9c630b64f,PAY-RETRO-OFFCYCLE,48,PEP-PAY-019|PEP-PAY-020|EVT-PAY:PayrollCorrectionPosted,EVT-PAY:PayrollCorrectionPosted|PEP-PAY-019|PEP-PAY-020,,RESOLVED_G2_CONTRACT,Retro and off-cycle variants become immutable retro events and corrective commands rather than in-place result edits.,../session-registers/hris-pay-source-coverage.csv
TFR-PAY-011,PAY,f5d8baa4e3184a35f7586b7d73372cc9d8fffa080dcad1f5ad889b4cbc40f628,PAY-CALCULATION,12,PEP-PAY-012|PEP-PAY-013|PEP-PAY-017|PEP-PAY-018|PEP-PAY-033|EVT-PAY:PayrollCalculated|EVT-PAY:PayrollRunApproved|EVT-PAY:PayrollFinalized,EVT-PAY:PayrollCalculated|EVT-PAY:PayrollFinalized|EVT-PAY:PayrollRunApproved|PEP-PAY-012|PEP-PAY-013|PEP-PAY-017|PEP-PAY-018|PEP-PAY-033,,RESOLVED_G2_CONTRACT,Calculation variants consolidate into versioned run attempts with deterministic inputs and a minimized calculated event.,../session-registers/hris-pay-source-coverage.csv
TFR-PAY-012,PAY,5ee8b11c4357d733e405a7f9cd45a29d24b316bb809b1164302e3ce3a2493e00,PAY-RESULT-TRACE,32,PEP-PAY-014|PEP-PAY-015|PEP-PAY-016|PEP-PAY-032|EVT-PAY:PayrollValidated,EVT-PAY:PayrollValidated|PEP-PAY-014|PEP-PAY-015|PEP-PAY-016|PEP-PAY-032,,RESOLVED_G2_CONTRACT,Result screens consolidate into scoped results worker trace and validation receipt with immutable validation event.,../session-registers/hris-pay-source-coverage.csv
TFR-PAY-013,PAY,3260534ab6e6e4130e8d5927518bb13d0a6780ac39f25d3d87a81523c2cc7720,PAY-RUN-PREPARE,23,PEP-PAY-011|EVT-PAY:PayrollRunPrepared,EVT-PAY:PayrollRunPrepared|PEP-PAY-011,,RESOLVED_G2_CONTRACT,Run preparation variants become one idempotent command freezing typed source revisions and emitting a prepared event.,../session-registers/hris-pay-source-coverage.csv
TFR-PAY-014,PAY,bb54238ee2ebb124a97f193f7eace7a5238e49c1d469311848324b11ae7d5073,PAY-STATUTORY-DEDUCTION,4,PEP-PAY-004|PEP-PAY-005|PEP-PAY-008|PEP-PAY-012|PEP-PAY-014,,PEP-PAY-004|PEP-PAY-005|PEP-PAY-008|PEP-PAY-012|PEP-PAY-014,RESOLVED_G2_CONTRACT,Statutory deductions are versioned element and formula rules evaluated by the generic run without a parallel deduction engine.,../session-registers/hris-pay-source-coverage.csv
TFR-PAY-015,PAY,b711226d9a6f4a78f0c5439e494b0c0c76c036b51a79228fe12538d8d98be9f6,PAY-DASHBOARD,7,PEP-PAY-001|SVC-PEP-PAY-001|XCON-015|EVT-PAY:HrisHomeContributionChanged.v1,EVT-PAY:HrisHomeContributionChanged.v1|PEP-PAY-001|SVC-PEP-PAY-001|XCON-015,,RESOLVED_G2_CONTRACT,Payroll home status is a minimized widget query plus delegated materialization and change-event contract.,../session-registers/hris-pay-source-coverage.csv
TFR-PAY-016,PAY,9b6cf3f5f875a60c8e7588be7d80a7c452de669ee09c53ac6fcb6ee6e9a0da5d,PAY-WORKER-INPUT,91,PEP-PAY-009|PEP-PAY-010|SVC-PEP-PER-001|XCON-020|XCON-021,PEP-PAY-009|PEP-PAY-010,SVC-PEP-PER-001|XCON-020|XCON-021,RESOLVED_G2_CONTRACT,Worker input variants consolidate into typed create and corrective commands with no direct People database access.,../session-registers/hris-pay-source-coverage.csv
TFR-PAY-017,PAY,5ff23b732c42fbcf6402ab0cd9088438c5f81c41d76c99a7f1ee79877ac2c85b,PAY-YEA-HYBRID,34,PEP-PAY-029|PEP-PAY-030|PEP-PAY-031|EVT-PAY:YearEndCaseChanged,EVT-PAY:YearEndCaseChanged|PEP-PAY-029|PEP-PAY-030|PEP-PAY-031,,RESOLVED_G2_CONTRACT,Year-end functions use provider-neutral case evidence and submission receipts while real KR provider activation stays G6.,../session-registers/hris-pay-source-coverage.csv
TFR-PAY-018,PAY,7bec2dd1d923fff59069e8b842f0ad7d23393eda506b5afe2f5443df741c65fa,PAY-PLATFORM-AUTOMATION,5,SYS-API-017|SYS-API-018|SYS-API-019|SYS-API-020,,SYS-API-017|SYS-API-018|SYS-API-019|SYS-API-020,RESOLVED_G2_CONTRACT,Payroll scheduling uses the central allowlisted automation definition run receipt retry and attempt contracts.,../session-registers/hris-pay-source-coverage.csv
TFR-PAY-019,PAY,e4b4c748ed7bf38cb0b5fa4ceb87a168cc943fb61de25862a97631fc46bdd70b,PAY-PLATFORM-CONFIG,13,SYS-API-011|SYS-API-012|SYS-API-013|SYS-API-014|SYS-API-015|SYS-API-016|EVT-PAY:PolicyPublished,,EVT-PAY:PolicyPublished|SYS-API-011|SYS-API-012|SYS-API-013|SYS-API-014|SYS-API-015|SYS-API-016,RESOLVED_G2_CONTRACT,Payroll policy values are immutable central configurations consumed as typed snapshots with no hardcoded tenant values.,../session-registers/hris-pay-source-coverage.csv
TFR-PAY-020,PAY,2317b5fc393c62ef7c75da9f40c254fa9111136ff6a73fd177e949030fd2444f,PAY-TIME-PROJECTION,19,SVC-PEP-TIM-001|XCON-008|XCON-009|XCON-010|XCON-011,,SVC-PEP-TIM-001|XCON-008|XCON-009|XCON-010|XCON-011,RESOLVED_G2_CONTRACT,Payroll consumes immutable closed-time snapshots through authorized refetch and versioned close reopen and ready events.,../session-registers/hris-pay-source-coverage.csv
TFR-PAY-021,PAY,cbbe83a930bb0d27e4c8020b51ec0ebe0049f43ad6894c0fdda2020d8565925d,PAY-HRM-PROJECTION,6,SVC-PEP-HRM-002|SVC-PEP-HRM-003|SVC-PEP-HRM-005|XCON-001|XCON-002|XCON-003|XCON-004|XCON-005|XCON-006|XCON-007|XCON-017|XCON-018|XCON-019,,SVC-PEP-HRM-002|SVC-PEP-HRM-003|SVC-PEP-HRM-005|XCON-001|XCON-002|XCON-003|XCON-004|XCON-005|XCON-006|XCON-007|XCON-017|XCON-018|XCON-019,RESOLVED_G2_CONTRACT,Payroll reads only approved workforce compensation dependent tax-token and bank-token projections through owner contracts.,../session-registers/hris-pay-source-coverage.csv
TFR-PER-001,PER,cb7aa91280cca068e3ea8515562402a6584b12e2505f04d9b9c99917a22f114c,PER-NOTIFICATION-001,2,PLAT-004,,PLAT-004,RESOLVED_G2_CONTRACT,Performance notifications emit minimal allowlisted intent through the shared notification contract without direct channel coupling.,../session-registers/hris-per-source-coverage.csv
TFR-PER-002,PER,69e28b14370438a36630d5d8b0c27d6e83d13b08b2fa98b711e3769719c36e93,PER-CALIBRATION-001,36,PEP-PER-017|EVT-PER:PerformanceCalibrationApproved.v1,EVT-PER:PerformanceCalibrationApproved.v1|PEP-PER-017,,RESOLVED_G2_CONTRACT,Calibration screens consolidate into append-only adjustments and a governed approval publication event.,../session-registers/hris-per-source-coverage.csv
TFR-PER-003,PER,c50fb52b58bac3d189362d65a838a1ff3c0a9fc670f9b4ca1535f9da899e56cc,PER-CHECKIN-001,27,PEP-PER-016,PEP-PER-016,,RESOLVED_G2_CONTRACT,Check-in variants consolidate into one scoped idempotent interaction command with immutable history.,../session-registers/hris-per-source-coverage.csv
TFR-PER-004,PER,fdd2331792c4e3e3b4d132fce534c3d05769ade2273d40d851eb2c64883c043c,PER-CONFIG-001,12,SYS-API-011|SYS-API-012|SYS-API-013|SYS-API-014|SYS-API-015|SYS-API-016,,SYS-API-011|SYS-API-012|SYS-API-013|SYS-API-014|SYS-API-015|SYS-API-016,RESOLVED_G2_CONTRACT,Performance settings become typed immutable central configuration versions with validate simulate approve and publish.,../session-registers/hris-per-source-coverage.csv
TFR-PER-005,PER,443bab3c10a78d69ba0b7a7d4c9f1c044cc4cbed70c2a2e47d97a069718d531a,PER-CYCLE-001,8,PEP-PER-002|PEP-PER-003|PEP-PER-004|PEP-PER-005|PEP-PER-006|PEP-PER-007|EVT-PER:PerformanceCyclePublished.v1,EVT-PER:PerformanceCyclePublished.v1|PEP-PER-002|PEP-PER-003|PEP-PER-004|PEP-PER-005|PEP-PER-006|PEP-PER-007,,RESOLVED_G2_CONTRACT,Cycle menus consolidate into one versioned query draft validate and publish lifecycle with event evidence.,../session-registers/hris-per-source-coverage.csv
TFR-PER-006,PER,4a8efebbae76c0aab5c9b4b740daf6945ac6f22ca628fdf066bf8aa286e30ca2,PER-POPULATION-001,42,PEP-PER-008|PEP-PER-009|EVT-PER:PerformancePopulationFrozen.v1,EVT-PER:PerformancePopulationFrozen.v1|PEP-PER-008|PEP-PER-009,,RESOLVED_G2_CONTRACT,Population selection uses preview then immutable freeze with revision digest rather than mutable evaluator lists.,../session-registers/hris-per-source-coverage.csv
TFR-PER-007,PER,9c10e1d03cb59f039990cab408d4e3a548d70120ffd8c5cc0c8b0ece26337a91,PER-HOME-001,5,PEP-PER-001|SVC-PEP-PER-002|XCON-012|EVT-PER:HrisHomeContributionChanged.v1,EVT-PER:HrisHomeContributionChanged.v1|PEP-PER-001|SVC-PEP-PER-002|XCON-012,,RESOLVED_G2_CONTRACT,Performance home status is a scoped dashboard plus delegated materialization and minimized change event.,../session-registers/hris-per-source-coverage.csv
TFR-PER-008,PER,1e93491c7430eb638dc8f4be92cc053a74e3f2088bdb005e5645019675288735,PER-FEEDBACK-001,14,PEP-PER-015|EVT-PER:PerformanceFeedbackSubmitted.v1,EVT-PER:PerformanceFeedbackSubmitted.v1|PEP-PER-015,,RESOLVED_G2_CONTRACT,Feedback screens consolidate into scoped requests with minimized submission events and protected narrative fields.,../session-registers/hris-per-source-coverage.csv
TFR-PER-009,PER,21fa3ac9605bfe264bea52502bd41e1a4608e0feec4e30ea2ecaf276c99b3286,PER-GOAL-001,77,PEP-PER-010|PEP-PER-011|EVT-PER:PerformanceGoalCommitted.v1,EVT-PER:PerformanceGoalCommitted.v1|PEP-PER-010|PEP-PER-011,,RESOLVED_G2_CONTRACT,Goal variants consolidate into create and submit commands with optimistic revision and committed event.,../session-registers/hris-per-source-coverage.csv
TFR-PER-010,PER,a8685d51d2020f5b1320731f8a6e23645480cad24a988716153b56e178d26457,PER-INTEGRATION-001,6,PEP-PER-020|EVT-PER:PerformanceImportCompleted.v1,EVT-PER:PerformanceImportCompleted.v1|PEP-PER-020,,RESOLVED_G2_CONTRACT,Performance imports use one governed command with reconciliation receipt and minimized completion event.,../session-registers/hris-per-source-coverage.csv
TFR-PER-011,PER,69f220f389e46e7e48dd15bee334c9c3dbc65425c48d28c956c898ecd5f89c19,PER-MONITOR-001,27,PEP-PER-001|PEP-PER-021|PLAT-005,PEP-PER-021,PEP-PER-001|PLAT-005,RESOLVED_G2_CONTRACT,Monitoring views consolidate into dashboard and command receipt projections backed by immutable audit evidence.,../session-registers/hris-per-source-coverage.csv
TFR-PER-012,PER,eac17bfc738c230abe2088bb0aaa4dc8c150816ff6420e57b1fb1ecface3859d,PER-RESULT-001,35,PEP-PER-018|PEP-PER-019|EVT-PER:PerformanceResultsPublished.v1|EVT-PER:PerformanceAppealResolved.v1,EVT-PER:PerformanceAppealResolved.v1|EVT-PER:PerformanceResultsPublished.v1|PEP-PER-018|PEP-PER-019,,RESOLVED_G2_CONTRACT,Results use governed publication and appeal commands with immutable result publication event.,../session-registers/hris-per-source-coverage.csv
TFR-PER-013,PER,e3059c698654bf061da72729e99a66a5b3fb9c66668d9ffe13ffb1e15150799b,PER-REVIEW-001,26,PEP-PER-012|PEP-PER-013|PEP-PER-014|EVT-PER:PerformanceReviewSubmitted.v1,EVT-PER:PerformanceReviewSubmitted.v1|PEP-PER-012|PEP-PER-013|PEP-PER-014,,RESOLVED_G2_CONTRACT,Review screens consolidate into assigned view draft save and guarded submit with protected evidence.,../session-registers/hris-per-source-coverage.csv
TFR-PER-014,PER,48b2d4893e1bf414d84f30931afc0b54a99a0c89d7c276f8ebc7708272b96082,PER-TEMPLATE-001,22,PEP-PER-003|PEP-PER-005|PEP-PER-006|PEP-PER-007,,PEP-PER-003|PEP-PER-005|PEP-PER-006|PEP-PER-007,RESOLVED_G2_CONTRACT,Template authoring is integrated into the versioned cycle designer lifecycle instead of a separate mutable template menu.,../session-registers/hris-per-source-coverage.csv
TFR-PER-015,PER,585ec257708bee75216df5e76fd307bc7ad176e68ba10c7add31b5594761e294,PER-PLATFORM-001,4,SYS-API-017|SYS-API-018|SYS-API-019|SYS-API-020,,SYS-API-017|SYS-API-018|SYS-API-019|SYS-API-020,RESOLVED_G2_CONTRACT,Performance scheduling uses the central allowlisted automation definition run receipt retry and attempt contracts.,../session-registers/hris-per-source-coverage.csv
TFR-PER-016,PER,3c3ca65f37cbe69a58be6ee42c97e3e979b976d0b878c5f0499dbe6d8ff88b84,PER-WORKFORCE-PROJECTION-001,6,SVC-PEP-HRM-002|XCON-001|XCON-003|XCON-004|XCON-005|XCON-006,,SVC-PEP-HRM-002|XCON-001|XCON-003|XCON-004|XCON-005|XCON-006,RESOLVED_G2_CONTRACT,Performance consumes workforce facts through a typed in-process port and canonical snapshot invalidation events.,../session-registers/hris-per-source-coverage.csv
TFR-SYS-001,SYS,a0dae833740f05696a27d3eea8c3212c8547ed475e8e4c7e87bffa93c71d060c,DWP.GOVERNANCE.AUDIT_EVIDENCE,16,SHARED-API-009|PLAT-005,,PLAT-005|SHARED-API-009,RESOLVED_G2_CONTRACT,Audit source screens resolve to the existing canonical audit event query and immutable minimized evidence contract.,../session-registers/hris-sys-source-coverage.csv
TFR-SYS-002,SYS,5b4a9d774a961d56f2225749f6981122106d3b863b8a2d601034313758559d6f,DWP.OPERATIONS.OBSERVABILITY,5,SYS-API-035|SYS-API-036|SYS-API-038|SYS-EVT-009,SYS-API-035|SYS-API-036|SYS-API-038|SYS-EVT-009,,RESOLVED_G2_CONTRACT,The central operations view is read and deep-link only while every recovery command remains authorized by its owning domain.,../session-registers/hris-sys-source-coverage.csv
TFR-SYS-003,SYS,ef4581a0a39a65591d10d96a2a3663fdafaa3dda9daebb239a9720e99a5f23a1,DWP.APPROVAL.WORKFLOW,10,SHARED-API-005|SHARED-API-006|SHARED-API-010|SHARED-API-011|SHARED-API-012|PLAT-003,,PLAT-003|SHARED-API-005|SHARED-API-006|SHARED-API-010|SHARED-API-011|SHARED-API-012,RESOLVED_G2_CONTRACT,Approval policy screens reuse the existing policy catalog and publish command; team delegation uses the distinct existing list/create/revoke contracts and owner-side state guards.,../session-registers/hris-sys-source-coverage.csv
TFR-SYS-004,SYS,9be834804aff393b5f2618b1b41162af5b13827e1d61527b57e8cb59f0971a26,DWP.IDENTITY.PRODUCT_ACCESS,39,SYS-API-001|SYS-API-002|SYS-API-003|SYS-API-004|SYS-API-005|SYS-API-006|SYS-API-007|SYS-API-008|SYS-API-009|SYS-API-010|SYS-API-037|SYS-EVT-001|SYS-EVT-002,SYS-API-001|SYS-API-002|SYS-API-003|SYS-API-004|SYS-API-005|SYS-API-006|SYS-API-007|SYS-API-008|SYS-API-009|SYS-API-010|SYS-API-037|SYS-EVT-001|SYS-EVT-002,,RESOLVED_G2_CONTRACT,Product access resolves through versioned package assignment simulation approval activation revocation and projection events.,../session-registers/hris-sys-source-coverage.csv
TFR-SYS-005,SYS,2f7300f5a1141bd786ffad12d6d5504f9478cbf1d18e76b60b1fc0fb9eb73421,DWP.COMMUNICATION.TEMPLATES,12,SHARED-API-007|SHARED-API-008|PLAT-004,,PLAT-004|SHARED-API-007|SHARED-API-008,RESOLVED_G2_CONTRACT,Communication templates reuse the existing catalog and draft contract while delivery uses minimal notification intents.,../session-registers/hris-sys-source-coverage.csv
TFR-SYS-006,SYS,29d8eb318606a7c20946d21941bc0e55cd17a631836ad02434322f9d2c3ca11b,DWP.AUTOMATION.CONTROL_PLANE,10,SYS-API-017|SYS-API-018|SYS-API-019|SYS-API-020|SYS-API-046|SYS-API-047|SYS-API-048|SYS-API-049|SYS-API-050|SYS-API-051|SYS-API-052|SYS-API-053|SYS-API-054|SYS-API-055|SYS-API-056|SYS-EVT-004,SYS-API-017|SYS-API-018|SYS-API-019|SYS-API-020|SYS-API-046|SYS-API-047|SYS-API-048|SYS-API-049|SYS-API-050|SYS-API-051|SYS-API-052|SYS-API-053|SYS-API-054|SYS-API-055|SYS-API-056|SYS-EVT-004,,RESOLVED_G2_CONTRACT,Automation source screens resolve to allowlisted definitions runs attempts retries receipts and immutable state events.,../session-registers/hris-sys-source-coverage.csv
TFR-SYS-007,SYS,c36c35b9ff77e9dfd8149cde55970c364febd07af1ee3c6f9b89d0390330974d,HRIS.CONFIG.REFERENCE_DATA,37,SYS-API-011|SYS-API-012|SYS-API-013|SYS-API-014|SYS-API-015|SYS-API-016|SYS-API-041|SYS-API-042|SYS-API-043|SYS-API-044|SYS-API-045|SYS-EVT-003,SYS-API-011|SYS-API-012|SYS-API-013|SYS-API-014|SYS-API-015|SYS-API-016|SYS-API-041|SYS-API-042|SYS-API-043|SYS-API-044|SYS-API-045|SYS-EVT-003,,RESOLVED_G2_CONTRACT,Reference data becomes typed immutable configurations with validate simulate approve publish and change event.,../session-registers/hris-sys-source-coverage.csv
TFR-SYS-008,SYS,8fd5277d423ee42f21b1cb551b06aa2ff73fa058352ba4e8433f0a6eebd7f6ce,DWP.INTEGRATION.CONTROL_PLANE,19,SYS-API-021|SYS-API-022|SYS-API-023|SYS-API-024|SYS-API-025|SYS-API-057|SYS-API-058|SYS-API-059|SYS-API-060|SYS-API-061|SYS-API-062|SYS-API-063|SYS-API-064|SYS-API-065|SYS-API-066|SYS-API-067|SYS-API-068|SYS-EVT-005,SYS-API-021|SYS-API-022|SYS-API-023|SYS-API-024|SYS-API-025|SYS-API-057|SYS-API-058|SYS-API-059|SYS-API-060|SYS-API-061|SYS-API-062|SYS-API-063|SYS-API-064|SYS-API-065|SYS-API-066|SYS-API-067|SYS-API-068|SYS-EVT-005,,RESOLVED_G2_CONTRACT,Connector source screens resolve to central definitions tests mapping dry-runs executions reconciliation and state events.,../session-registers/hris-sys-source-coverage.csv
TFR-SYS-009,SYS,67e1fb1215135de465c152070478ff652b2a0bbab1996b6b1afd1ec4f0dd6172,DWP.OBJECT.CONTROLLED_TRANSFER,2,SYS-API-033|SYS-API-034|SYS-EVT-008,SYS-API-033|SYS-API-034|SYS-EVT-008,,RESOLVED_G2_CONTRACT,File functions use governed object references malware scan digest expiry receipt and transfer state without arbitrary paths.,../session-registers/hris-sys-source-coverage.csv
TFR-SYS-010,SYS,f9729b2bdf8575a425ae650f0e947c102649a11f5eb1fc9936d9aba303d3a525,DWP.DATA.GOVERNANCE,9,SHARED-API-003|SHARED-API-004,,SHARED-API-003|SHARED-API-004,RESOLVED_G2_CONTRACT,Data governance screens reuse the provider metadata catalog and versioned policy draft contract without business-row reads.,../session-registers/hris-sys-source-coverage.csv
TFR-SYS-011,SYS,43784624aa57a83cc35a35803e95230f72539f616c493ec6b0381b017925cbe7,DWP.TENANT.ENTERPRISE_DIRECTORY,19,SHARED-API-001|SHARED-API-002,,SHARED-API-001|SHARED-API-002,RESOLVED_G2_CONTRACT,Tenant source screens reuse the enterprise directory query and governed tenant lifecycle command rather than HRIS copies.,../session-registers/hris-sys-source-coverage.csv
TFR-SYS-012,SYS,b9eaff79e11eb4a6439f999addb6ce4c2ff22a2913b8230af976a475189818e6,HRIS.EXPERIENCE.COMPOSITION,7,SVC-PEP-HRM-006|SVC-PEP-PAY-001|SVC-PEP-PER-002|SVC-PEP-TIM-002|SYS-API-026|SYS-API-027|SYS-API-031|SYS-API-032|SYS-API-039|SYS-API-040|SYS-EVT-007|XCON-012|XCON-013|XCON-014|XCON-015,SYS-API-026|SYS-API-027|SYS-API-031|SYS-API-032|SYS-API-039|SYS-API-040|SYS-EVT-007,SVC-PEP-HRM-006|SVC-PEP-PAY-001|SVC-PEP-PER-002|SVC-PEP-TIM-002|XCON-012|XCON-013|XCON-014|XCON-015,RESOLVED_G2_CONTRACT,Home preferences reuse the fixed hcm-home platform surface while module contributions remain signed and capability projected.,../session-registers/hris-sys-source-coverage.csv
TFR-SYS-013,SYS,9b3e616b881fc37c5553f5b44bab2a703d9e04a0f03466f925b1a4076ee5a77a,DWP.PLATFORM.RETIRED_LEGACY_PATH,4,DECISION:DEC-SYS-013,,DECISION:DEC-SYS-013,RETIRED_DECIDED,Retired legacy platform paths have no target endpoint and remain closed by an explicit product decision.,../session-registers/hris-sys-source-coverage.csv
TFR-TIM-001,TIM,686c38b4cf1b62e446d68d6163c62aefa55eeee116746ff1c5634d46152a37f3,TIM-APPROVAL,7,PLAT-003|EVT-TIM:ApprovalDecisionRecorded,,EVT-TIM:ApprovalDecisionRecorded|PLAT-003,RESOLVED_G2_CONTRACT,Time approvals reuse the shared versioned approval decision and the owner service independently guards its state.,../session-registers/hris-tim-source-coverage.csv
TFR-TIM-002,TIM,e90acf4d7cdb3127484465b09d14fa566bf8f546ad29ccc28aa589ce71f353f6,TIM-PLATFORM-NOTIFICATION,1,PLAT-004,,PLAT-004,RESOLVED_G2_CONTRACT,Time notifications emit minimal allowlisted intent through the shared notification contract without direct channel coupling.,../session-registers/hris-tim-source-coverage.csv
TFR-TIM-003,TIM,3cb545db297f41345d7e91267e5dfb2ca69ee7b3203fb99e4a9772a2382fbcc0,TIM-LEAVE-ABSENCE,14,XCON-004|EVT-TIM:EmploymentChanged.v1,,EVT-TIM:EmploymentChanged.v1|XCON-004,RESOLVED_G2_CONTRACT,Employment absence facts remain People owned and enter Time through the canonical minimized change contract.,../session-registers/hris-tim-source-coverage.csv
TFR-TIM-004,TIM,7bec2dd1d923fff59069e8b842f0ad7d23393eda506b5afe2f5443df741c65fa,TIM-PLATFORM-AUTOMATION,5,SYS-API-017|SYS-API-018|SYS-API-019|SYS-API-020,,SYS-API-017|SYS-API-018|SYS-API-019|SYS-API-020,RESOLVED_G2_CONTRACT,Time scheduling uses the central allowlisted automation definition run receipt retry and attempt contracts.,../session-registers/hris-tim-source-coverage.csv
TFR-TIM-005,TIM,e4b4c748ed7bf38cb0b5fa4ceb87a168cc943fb61de25862a97631fc46bdd70b,TIM-PLATFORM-CONFIG,13,SYS-API-011|SYS-API-012|SYS-API-013|SYS-API-014|SYS-API-015|SYS-API-016|EVT-TIM:PolicyPublished,,EVT-TIM:PolicyPublished|SYS-API-011|SYS-API-012|SYS-API-013|SYS-API-014|SYS-API-015|SYS-API-016,RESOLVED_G2_CONTRACT,Time policy values are immutable central configurations consumed as typed snapshots without tenant hardcoding.,../session-registers/hris-tim-source-coverage.csv
TFR-TIM-006,TIM,7c11c39eddee9036c8c7a25ba713930d354791606f8393703bf5d48b6e885a83,TIM-CLOCK,6,PEP-TIM-007|PEP-TIM-008|EVT-TIM:ClockEventRecorded,EVT-TIM:ClockEventRecorded|PEP-TIM-007|PEP-TIM-008,,RESOLVED_G2_CONTRACT,Clock sources converge on idempotent event recording and corrective void commands with immutable recorded event.,../session-registers/hris-tim-source-coverage.csv
TFR-TIM-007,TIM,cf3f686f4466ee193413c124dae40c0fe72270bae8de0355ef3f23ebb8f9835f,TIM-CLOSE-HANDOFF,22,PEP-TIM-022|PEP-TIM-023|PEP-TIM-024|PEP-TIM-025|PEP-TIM-026|SVC-PEP-TIM-001|XCON-008|XCON-009|XCON-010|XCON-011|EVT-TIM:TimePeriodClosed.v1|EVT-TIM:TimePeriodReopened.v1|EVT-TIM:PayrollTimeHandoffReady.v1,EVT-TIM:PayrollTimeHandoffReady.v1|EVT-TIM:TimePeriodClosed.v1|EVT-TIM:TimePeriodReopened.v1|PEP-TIM-022|PEP-TIM-023|PEP-TIM-024|PEP-TIM-025|PEP-TIM-026|SVC-PEP-TIM-001|XCON-008|XCON-009|XCON-010|XCON-011,,RESOLVED_G2_CONTRACT,Close and payroll handoff use validate close reopen immutable result refetch and receipt contracts with lineage.,../session-registers/hris-tim-source-coverage.csv
TFR-TIM-008,TIM,5e4c16cb6410a67ef7f39c253d63c836fdf42a26b4094937191347f64b96991e,TIM-CONNECTOR,7,SYS-API-021|SYS-API-022|SYS-API-023|SYS-API-024|SYS-API-025|PEP-TIM-007,,PEP-TIM-007|SYS-API-021|SYS-API-022|SYS-API-023|SYS-API-024|SYS-API-025,RESOLVED_G2_CONTRACT,Central connector control owns transport mapping dry-run and receipt then invokes canonical clock recording without a duplicate connector API.,../session-registers/hris-tim-source-coverage.csv
TFR-TIM-009,TIM,5fa07e50958c5edad9a7fdd5926dcf01afe61d9985610429b384555c944a2a2f,TIM-ANALYTICS,20,PEP-TIM-001|PEP-TIM-027,PEP-TIM-027,PEP-TIM-001,RESOLVED_G2_CONTRACT,Time analytics screens consolidate into governed summary and asynchronous export receipt with field policy.,../session-registers/hris-tim-source-coverage.csv
TFR-TIM-010,TIM,4a266ae738ed05a82fb9f8ba8bd6160c38b060c92508faac03b62369da1c39c8,TIM-INTERPRETATION,26,PEP-TIM-009|PEP-TIM-010|EVT-TIM:TimeInterpreted,EVT-TIM:TimeInterpreted|PEP-TIM-009|PEP-TIM-010,,RESOLVED_G2_CONTRACT,Interpretation variants consolidate into deterministic run and trace projections with immutable rule and source digests.,../session-registers/hris-tim-source-coverage.csv
TFR-TIM-011,TIM,657df30abca775267e5568ac1461be2f90dbbf221372438e52fcc56c72ded771,TIM-LEAVE-KR,28,SYS-API-011|SYS-API-012|SYS-API-013|SYS-API-014|SYS-API-015|SYS-API-016|PEP-TIM-015|PEP-TIM-016|PEP-TIM-017,,PEP-TIM-015|PEP-TIM-016|PEP-TIM-017|SYS-API-011|SYS-API-012|SYS-API-013|SYS-API-014|SYS-API-015|SYS-API-016,RESOLVED_G2_CONTRACT,KR leave rules are signed effective-dated configuration packs evaluated by generic plan and entitlement operations.,../session-registers/hris-tim-source-coverage.csv
TFR-TIM-012,TIM,d50dc38ea7a0302fbc78334e28f98230522497e85ed032c0ba7348893b97c76d,TIM-LEAVE-LEDGER,32,PEP-TIM-017|PEP-TIM-018|EVT-TIM:LeaveLedgerPosted,EVT-TIM:LeaveLedgerPosted|PEP-TIM-017|PEP-TIM-018,,RESOLVED_G2_CONTRACT,Leave ledger screens consolidate into deterministic entitlement runs and balance query with append-only posting event.,../session-registers/hris-tim-source-coverage.csv
TFR-TIM-013,TIM,3a3baf8b1fe7abbcae64b0d3831a98b0ee6d3a8b9003fb859b51f92182a81f23,TIM-LEAVE-POLICY,29,PEP-TIM-015|PEP-TIM-016,PEP-TIM-015|PEP-TIM-016,,RESOLVED_G2_CONTRACT,Leave policy variants consolidate into immutable plan versions and explicit guarded publication.,../session-registers/hris-tim-source-coverage.csv
TFR-TIM-014,TIM,4d8bd915cd5745868e22b293607bd4dfedf1b6cbffe03b20597bda091841bb0a,TIM-LEAVE-REQUEST,77,PEP-TIM-019|PEP-TIM-020|PEP-TIM-021|EVT-TIM:LeaveDecisionRecorded,EVT-TIM:LeaveDecisionRecorded|PEP-TIM-019|PEP-TIM-020|PEP-TIM-021,,RESOLVED_G2_CONTRACT,Leave request screens use create decision and cancellation commands with immutable decision evidence.,../session-registers/hris-tim-source-coverage.csv
TFR-TIM-015,TIM,8bad9cbd36f4f6987905555127703319f9b4e8d2de71b344a8aaf726b84ea8ca,TIM-OVERTIME,82,PLAT-003|PEP-TIM-011|PEP-TIM-012|PEP-TIM-013|PEP-TIM-014,,PEP-TIM-011|PEP-TIM-012|PEP-TIM-013|PEP-TIM-014|PLAT-003,RESOLVED_G2_CONTRACT,Overtime is a governed timecard proposal and approval decision so no duplicate mutable overtime ledger is introduced.,../session-registers/hris-tim-source-coverage.csv
TFR-TIM-016,TIM,4e6c6b686b9054a8f650bfb6aaa1e034eb441657b25339e33eb76a3ea13d2e73,TIM-SCHEDULE,129,PEP-TIM-002|PEP-TIM-003|PEP-TIM-004|PEP-TIM-005|PEP-TIM-006,PEP-TIM-002|PEP-TIM-003|PEP-TIM-004|PEP-TIM-005|PEP-TIM-006,,RESOLVED_G2_CONTRACT,Schedule variants consolidate into scoped query and versioned work-rule create validate simulate publish lifecycle.,../session-registers/hris-tim-source-coverage.csv
TFR-TIM-017,TIM,7851b0dca7f57684b0088506a23c37cd41417f0c3aaad4debce9499cd66673c0,TIM-TIMECARD,42,PEP-TIM-011|PEP-TIM-012|PEP-TIM-013|PEP-TIM-014|PEP-TIM-028|EVT-TIM:TimecardDecisionRecorded,EVT-TIM:TimecardDecisionRecorded|PEP-TIM-011|PEP-TIM-012|PEP-TIM-013|PEP-TIM-014|PEP-TIM-028,,RESOLVED_G2_CONTRACT,Timecard screens consolidate into query correction submit and decision commands with immutable decision event.,../session-registers/hris-tim-source-coverage.csv
TFR-TIM-018,TIM,0ffa7c533f2b060d826de4f6c7e6bcb044e63288843d1c0949f1c54007309169,TIM-DASHBOARD,20,PEP-TIM-001|SVC-PEP-TIM-002|XCON-014|EVT-TIM:HrisHomeContributionChanged.v1,EVT-TIM:HrisHomeContributionChanged.v1|PEP-TIM-001|SVC-PEP-TIM-002|XCON-014,,RESOLVED_G2_CONTRACT,Time home status is a minimized widget query plus delegated materialization and change-event contract.,../session-registers/hris-tim-source-coverage.csv
TFR-TIM-019,TIM,03df4acbe0fa7077a4d205bf82a63d662b9d61015ec7244482e7df1fa6af9b34,TIM-HRM-PROJECTION,8,SVC-PEP-HRM-002|SVC-PEP-HRM-004|XCON-001|XCON-003|XCON-005|XCON-006|XCON-016,,SVC-PEP-HRM-002|SVC-PEP-HRM-004|XCON-001|XCON-003|XCON-005|XCON-006|XCON-016,RESOLVED_G2_CONTRACT,Time consumes worker and workplace facts through authorized snapshots and minimized invalidation events without People database access.,../session-registers/hris-tim-source-coverage.csv
