path,status,evidence_class,bytes,sha256,operation_count,applied_operation_count,failed_operation_count,failed_after_last_seed,last_seed_kind,last_event_kind,reference_count,first_reference_ms,last_reference_ms,last_reference_item_id
.DS_Store,REFERENCE_ONLY,CACHE_OR_OS_METADATA,,,0,0,0,0,,,1,,,PREEXTRACTED_COMMAND_OUTPUT_PATH_LIST
coding-readiness/__pycache__/generate_information_architecture_register.cpython-312.pyc,REFERENCE_ONLY,CACHE_OR_OS_METADATA,,,0,0,0,0,,,1,,,PREEXTRACTED_COMMAND_OUTPUT_PATH_LIST
coding-readiness/__pycache__/test_modern_semantic_field_lineage.cpython-312.pyc,REFERENCE_ONLY,CACHE_OR_OS_METADATA,,,0,0,0,0,,,1,,,PREEXTRACTED_COMMAND_OUTPUT_PATH_LIST
coding-readiness/__pycache__/validate_full_coding_readiness.cpython-312.pyc,REFERENCE_ONLY,CACHE_OR_OS_METADATA,,,0,0,0,0,,,1,,,PREEXTRACTED_COMMAND_OUTPUT_PATH_LIST
coding-readiness/__pycache__/validate_modern_capability_contracts.cpython-312.pyc,REFERENCE_ONLY,CACHE_OR_OS_METADATA,,,0,0,0,0,,,1,,,PREEXTRACTED_COMMAND_OUTPUT_PATH_LIST
coding-readiness/__pycache__/validate_modern_semantic_field_lineage.cpython-312.pyc,REFERENCE_ONLY,CACHE_OR_OS_METADATA,,,0,0,0,0,,,1,,,PREEXTRACTED_COMMAND_OUTPUT_PATH_LIST
coding-readiness/g3-contract-primary-ownership-register.csv,REFERENCE_ONLY,BLUEPRINT_ARTIFACT,,,1,0,1,1,,update,1,,,PREEXTRACTED_COMMAND_OUTPUT_PATH_LIST
coding-readiness/g4-functional-gate-contract.v1.json,REFERENCE_ONLY,BLUEPRINT_ARTIFACT,,,0,0,0,0,,,1,,,PREEXTRACTED_COMMAND_OUTPUT_PATH_LIST
coding-readiness/ia-entry-query-action-key-register.csv,REFERENCE_ONLY,BLUEPRINT_ARTIFACT,,,0,0,0,0,,,1,,,PREEXTRACTED_COMMAND_OUTPUT_PATH_LIST
coding-readiness/ia-entry-query-api-contract-register.csv,REFERENCE_ONLY,BLUEPRINT_ARTIFACT,,,0,0,0,0,,,1,,,PREEXTRACTED_COMMAND_OUTPUT_PATH_LIST
coding-readiness/ia-entry-query-runtime-invariant-register.csv,REFERENCE_ONLY,BLUEPRINT_ARTIFACT,,,0,0,0,0,,,1,,,PREEXTRACTED_COMMAND_OUTPUT_PATH_LIST
coding-readiness/modern-canonical-candidate.2eZCXW/modern-capability-causal-state-contracts.v2.json,REFERENCE_ONLY,TEMP_OR_CANDIDATE,,,0,0,0,0,,,1,,,PREEXTRACTED_COMMAND_OUTPUT_PATH_LIST
coding-readiness/modern-canonical-candidate.2eZCXW/modern-capability-closed-set-manifest.v3.json,REFERENCE_ONLY,TEMP_OR_CANDIDATE,,,0,0,0,0,,,1,,,PREEXTRACTED_COMMAND_OUTPUT_PATH_LIST
coding-readiness/modern-canonical-candidate.2eZCXW/modern-capability-event-payload-contracts.v1.json,REFERENCE_ONLY,TEMP_OR_CANDIDATE,,,0,0,0,0,,,1,,,PREEXTRACTED_COMMAND_OUTPUT_PATH_LIST
coding-readiness/modern-canonical-candidate.2eZCXW/modern-capability-exact-schema-contracts.v1.json,REFERENCE_ONLY,TEMP_OR_CANDIDATE,,,0,0,0,0,,,1,,,PREEXTRACTED_COMMAND_OUTPUT_PATH_LIST
coding-readiness/modern-canonical-candidate.2eZCXW/modern-capability-operation-causal-contract-ssot.v2.json,REFERENCE_ONLY,TEMP_OR_CANDIDATE,,,0,0,0,0,,,1,,,PREEXTRACTED_COMMAND_OUTPUT_PATH_LIST
coding-readiness/modern-canonical-candidate.2eZCXW/modern-capability-public-identity-registry.v1.json,REFERENCE_ONLY,TEMP_OR_CANDIDATE,,,0,0,0,0,,,1,,,PREEXTRACTED_COMMAND_OUTPUT_PATH_LIST
coding-readiness/modern-canonical-candidate.2eZCXW/modern-capability-semantic-bindings.v1.json,REFERENCE_ONLY,TEMP_OR_CANDIDATE,,,0,0,0,0,,,1,,,PREEXTRACTED_COMMAND_OUTPUT_PATH_LIST
coding-readiness/modern-canonical-candidate.A7K8Kj/modern-capability-causal-state-contracts.v2.json,REFERENCE_ONLY,TEMP_OR_CANDIDATE,,,0,0,0,0,,,1,,,PREEXTRACTED_COMMAND_OUTPUT_PATH_LIST
coding-readiness/modern-canonical-candidate.A7K8Kj/modern-capability-closed-set-manifest.v3.json,REFERENCE_ONLY,TEMP_OR_CANDIDATE,,,0,0,0,0,,,1,,,PREEXTRACTED_COMMAND_OUTPUT_PATH_LIST
coding-readiness/modern-canonical-candidate.A7K8Kj/modern-capability-event-payload-contracts.v1.json,REFERENCE_ONLY,TEMP_OR_CANDIDATE,,,0,0,0,0,,,1,,,PREEXTRACTED_COMMAND_OUTPUT_PATH_LIST
coding-readiness/modern-canonical-candidate.A7K8Kj/modern-capability-exact-schema-contracts.v1.json,REFERENCE_ONLY,TEMP_OR_CANDIDATE,,,0,0,0,0,,,1,,,PREEXTRACTED_COMMAND_OUTPUT_PATH_LIST
coding-readiness/modern-canonical-candidate.A7K8Kj/modern-capability-operation-causal-contract-ssot.v2.json,REFERENCE_ONLY,TEMP_OR_CANDIDATE,,,0,0,0,0,,,1,,,PREEXTRACTED_COMMAND_OUTPUT_PATH_LIST
coding-readiness/modern-canonical-candidate.A7K8Kj/modern-capability-public-identity-registry.v1.json,REFERENCE_ONLY,TEMP_OR_CANDIDATE,,,0,0,0,0,,,1,,,PREEXTRACTED_COMMAND_OUTPUT_PATH_LIST
coding-readiness/modern-canonical-candidate.A7K8Kj/modern-capability-semantic-bindings.v1.json,REFERENCE_ONLY,TEMP_OR_CANDIDATE,,,0,0,0,0,,,1,,,PREEXTRACTED_COMMAND_OUTPUT_PATH_LIST
coding-readiness/modern-canonical-candidate.A7K8Kj/sys-listening-stream-authority-successor.v2.json,REFERENCE_ONLY,TEMP_OR_CANDIDATE,,,0,0,0,0,,,1,,,PREEXTRACTED_COMMAND_OUTPUT_PATH_LIST
coding-readiness/modern-canonical-candidate.Qs4ngh/modern-capability-causal-state-contracts.v2.json,REFERENCE_ONLY,TEMP_OR_CANDIDATE,,,0,0,0,0,,,1,,,PREEXTRACTED_COMMAND_OUTPUT_PATH_LIST
coding-readiness/modern-canonical-candidate.Qs4ngh/modern-capability-closed-set-manifest.v3.json,REFERENCE_ONLY,TEMP_OR_CANDIDATE,,,0,0,0,0,,,1,,,PREEXTRACTED_COMMAND_OUTPUT_PATH_LIST
coding-readiness/modern-canonical-candidate.Qs4ngh/modern-capability-event-payload-contracts.v1.json,REFERENCE_ONLY,TEMP_OR_CANDIDATE,,,0,0,0,0,,,1,,,PREEXTRACTED_COMMAND_OUTPUT_PATH_LIST
coding-readiness/modern-canonical-candidate.Qs4ngh/modern-capability-exact-schema-contracts.v1.json,REFERENCE_ONLY,TEMP_OR_CANDIDATE,,,0,0,0,0,,,1,,,PREEXTRACTED_COMMAND_OUTPUT_PATH_LIST
coding-readiness/modern-canonical-candidate.Qs4ngh/modern-capability-operation-causal-contract-ssot.v2.json,REFERENCE_ONLY,TEMP_OR_CANDIDATE,,,0,0,0,0,,,1,,,PREEXTRACTED_COMMAND_OUTPUT_PATH_LIST
coding-readiness/modern-canonical-candidate.Qs4ngh/modern-capability-public-identity-registry.v1.json,REFERENCE_ONLY,TEMP_OR_CANDIDATE,,,0,0,0,0,,,1,,,PREEXTRACTED_COMMAND_OUTPUT_PATH_LIST
coding-readiness/modern-canonical-candidate.Qs4ngh/modern-capability-semantic-bindings.v1.json,REFERENCE_ONLY,TEMP_OR_CANDIDATE,,,0,0,0,0,,,1,,,PREEXTRACTED_COMMAND_OUTPUT_PATH_LIST
coding-readiness/modern-canonical-candidate.ZorhI5/modern-capability-closed-set-manifest.v3.json,REFERENCE_ONLY,TEMP_OR_CANDIDATE,,,0,0,0,0,,,1,,,PREEXTRACTED_COMMAND_OUTPUT_PATH_LIST
coding-readiness/modern-canonical-candidate.ZorhI5/modern-capability-event-payload-contracts.v1.json,REFERENCE_ONLY,TEMP_OR_CANDIDATE,,,0,0,0,0,,,1,,,PREEXTRACTED_COMMAND_OUTPUT_PATH_LIST
coding-readiness/modern-canonical-candidate.ZorhI5/modern-capability-exact-schema-contracts.v1.json,REFERENCE_ONLY,TEMP_OR_CANDIDATE,,,0,0,0,0,,,1,,,PREEXTRACTED_COMMAND_OUTPUT_PATH_LIST
coding-readiness/modern-canonical-candidate.ZorhI5/modern-capability-operation-causal-contract-ssot.v2.json,REFERENCE_ONLY,TEMP_OR_CANDIDATE,,,0,0,0,0,,,1,,,PREEXTRACTED_COMMAND_OUTPUT_PATH_LIST
coding-readiness/modern-canonical-candidate.ZorhI5/modern-capability-public-identity-registry.v1.json,REFERENCE_ONLY,TEMP_OR_CANDIDATE,,,0,0,0,0,,,1,,,PREEXTRACTED_COMMAND_OUTPUT_PATH_LIST
coding-readiness/modern-canonical-candidate.ZorhI5/modern-capability-semantic-bindings.v1.json,REFERENCE_ONLY,TEMP_OR_CANDIDATE,,,0,0,0,0,,,1,,,PREEXTRACTED_COMMAND_OUTPUT_PATH_LIST
coding-readiness/modern-canonical-candidate.ZorhI5/sys-listening-stream-authority-successor.v2.json,REFERENCE_ONLY,TEMP_OR_CANDIDATE,,,0,0,0,0,,,1,,,PREEXTRACTED_COMMAND_OUTPUT_PATH_LIST
coding-readiness/modern-canonical-candidate.q0mnJg/modern-capability-causal-state-contracts.v2.json,REFERENCE_ONLY,TEMP_OR_CANDIDATE,,,0,0,0,0,,,1,,,PREEXTRACTED_COMMAND_OUTPUT_PATH_LIST
coding-readiness/modern-canonical-candidate.q0mnJg/modern-capability-closed-set-manifest.v3.json,REFERENCE_ONLY,TEMP_OR_CANDIDATE,,,0,0,0,0,,,1,,,PREEXTRACTED_COMMAND_OUTPUT_PATH_LIST
coding-readiness/modern-canonical-candidate.q0mnJg/modern-capability-event-payload-contracts.v1.json,REFERENCE_ONLY,TEMP_OR_CANDIDATE,,,0,0,0,0,,,1,,,PREEXTRACTED_COMMAND_OUTPUT_PATH_LIST
coding-readiness/modern-canonical-candidate.q0mnJg/modern-capability-exact-schema-contracts.v1.json,REFERENCE_ONLY,TEMP_OR_CANDIDATE,,,0,0,0,0,,,1,,,PREEXTRACTED_COMMAND_OUTPUT_PATH_LIST
coding-readiness/modern-canonical-candidate.q0mnJg/modern-capability-operation-causal-contract-ssot.v2.json,REFERENCE_ONLY,TEMP_OR_CANDIDATE,,,0,0,0,0,,,1,,,PREEXTRACTED_COMMAND_OUTPUT_PATH_LIST
coding-readiness/modern-canonical-candidate.q0mnJg/modern-capability-public-identity-registry.v1.json,REFERENCE_ONLY,TEMP_OR_CANDIDATE,,,0,0,0,0,,,1,,,PREEXTRACTED_COMMAND_OUTPUT_PATH_LIST
coding-readiness/modern-canonical-candidate.q0mnJg/modern-capability-semantic-bindings.v1.json,REFERENCE_ONLY,TEMP_OR_CANDIDATE,,,0,0,0,0,,,1,,,PREEXTRACTED_COMMAND_OUTPUT_PATH_LIST
coding-readiness/modern-canonical-candidate.uaHfXj/modern-capability-causal-state-contracts.v2.json,REFERENCE_ONLY,TEMP_OR_CANDIDATE,,,0,0,0,0,,,1,,,PREEXTRACTED_COMMAND_OUTPUT_PATH_LIST
coding-readiness/modern-canonical-candidate.uaHfXj/modern-capability-closed-set-manifest.v3.json,REFERENCE_ONLY,TEMP_OR_CANDIDATE,,,0,0,0,0,,,1,,,PREEXTRACTED_COMMAND_OUTPUT_PATH_LIST
coding-readiness/modern-canonical-candidate.uaHfXj/modern-capability-event-payload-contracts.v1.json,REFERENCE_ONLY,TEMP_OR_CANDIDATE,,,0,0,0,0,,,1,,,PREEXTRACTED_COMMAND_OUTPUT_PATH_LIST
coding-readiness/modern-canonical-candidate.uaHfXj/modern-capability-exact-schema-contracts.v1.json,REFERENCE_ONLY,TEMP_OR_CANDIDATE,,,0,0,0,0,,,1,,,PREEXTRACTED_COMMAND_OUTPUT_PATH_LIST
coding-readiness/modern-canonical-candidate.uaHfXj/modern-capability-operation-causal-contract-ssot.v2.json,REFERENCE_ONLY,TEMP_OR_CANDIDATE,,,0,0,0,0,,,1,,,PREEXTRACTED_COMMAND_OUTPUT_PATH_LIST
coding-readiness/modern-canonical-candidate.uaHfXj/modern-capability-public-identity-registry.v1.json,REFERENCE_ONLY,TEMP_OR_CANDIDATE,,,0,0,0,0,,,1,,,PREEXTRACTED_COMMAND_OUTPUT_PATH_LIST
coding-readiness/modern-canonical-candidate.uaHfXj/modern-capability-semantic-bindings.v1.json,REFERENCE_ONLY,TEMP_OR_CANDIDATE,,,0,0,0,0,,,1,,,PREEXTRACTED_COMMAND_OUTPUT_PATH_LIST
coding-readiness/modern-canonical-candidate.uaHfXj/sys-listening-stream-authority-successor.v2.json,REFERENCE_ONLY,TEMP_OR_CANDIDATE,,,0,0,0,0,,,1,,,PREEXTRACTED_COMMAND_OUTPUT_PATH_LIST
coding-readiness/modern-canonical-candidate.v5p1363-final/modern-capability-causal-state-contracts.v2.json,REFERENCE_ONLY,TEMP_OR_CANDIDATE,,,0,0,0,0,,,1,,,PREEXTRACTED_COMMAND_OUTPUT_PATH_LIST
coding-readiness/modern-canonical-candidate.v5p1363-final/modern-capability-closed-set-manifest.v3.json,REFERENCE_ONLY,TEMP_OR_CANDIDATE,,,0,0,0,0,,,1,,,PREEXTRACTED_COMMAND_OUTPUT_PATH_LIST
coding-readiness/modern-canonical-candidate.v5p1363-final/modern-capability-event-payload-contracts.v1.json,REFERENCE_ONLY,TEMP_OR_CANDIDATE,,,0,0,0,0,,,1,,,PREEXTRACTED_COMMAND_OUTPUT_PATH_LIST
coding-readiness/modern-canonical-candidate.v5p1363-final/modern-capability-exact-schema-contracts.v1.json,REFERENCE_ONLY,TEMP_OR_CANDIDATE,,,0,0,0,0,,,1,,,PREEXTRACTED_COMMAND_OUTPUT_PATH_LIST
coding-readiness/modern-canonical-candidate.v5p1363-final/modern-capability-operation-causal-contract-ssot.v2.json,REFERENCE_ONLY,TEMP_OR_CANDIDATE,,,0,0,0,0,,,1,,,PREEXTRACTED_COMMAND_OUTPUT_PATH_LIST
coding-readiness/modern-canonical-candidate.v5p1363-final/modern-capability-public-identity-registry.v1.json,REFERENCE_ONLY,TEMP_OR_CANDIDATE,,,0,0,0,0,,,1,,,PREEXTRACTED_COMMAND_OUTPUT_PATH_LIST
coding-readiness/modern-canonical-candidate.v5p1363-final/modern-capability-semantic-bindings.v1.json,REFERENCE_ONLY,TEMP_OR_CANDIDATE,,,0,0,0,0,,,1,,,PREEXTRACTED_COMMAND_OUTPUT_PATH_LIST
coding-readiness/modern-canonical-candidate.v5p1363-final/sys-listening-stream-authority-successor.v2.json,REFERENCE_ONLY,TEMP_OR_CANDIDATE,,,0,0,0,0,,,1,,,PREEXTRACTED_COMMAND_OUTPUT_PATH_LIST
coding-readiness/modern-canonical-candidate.v5sigfix/modern-capability-causal-state-contracts.v2.json,REFERENCE_ONLY,TEMP_OR_CANDIDATE,,,0,0,0,0,,,1,,,PREEXTRACTED_COMMAND_OUTPUT_PATH_LIST
coding-readiness/modern-canonical-candidate.v5sigfix/modern-capability-closed-set-manifest.v3.json,REFERENCE_ONLY,TEMP_OR_CANDIDATE,,,0,0,0,0,,,1,,,PREEXTRACTED_COMMAND_OUTPUT_PATH_LIST
coding-readiness/modern-canonical-candidate.v5sigfix/modern-capability-event-payload-contracts.v1.json,REFERENCE_ONLY,TEMP_OR_CANDIDATE,,,0,0,0,0,,,1,,,PREEXTRACTED_COMMAND_OUTPUT_PATH_LIST
coding-readiness/modern-canonical-candidate.v5sigfix/modern-capability-exact-schema-contracts.v1.json,REFERENCE_ONLY,TEMP_OR_CANDIDATE,,,0,0,0,0,,,1,,,PREEXTRACTED_COMMAND_OUTPUT_PATH_LIST
coding-readiness/modern-canonical-candidate.v5sigfix/modern-capability-operation-causal-contract-ssot.v2.json,REFERENCE_ONLY,TEMP_OR_CANDIDATE,,,0,0,0,0,,,1,,,PREEXTRACTED_COMMAND_OUTPUT_PATH_LIST
coding-readiness/modern-canonical-candidate.v5sigfix/modern-capability-public-identity-registry.v1.json,REFERENCE_ONLY,TEMP_OR_CANDIDATE,,,0,0,0,0,,,1,,,PREEXTRACTED_COMMAND_OUTPUT_PATH_LIST
coding-readiness/modern-canonical-candidate.v5sigfix/modern-capability-semantic-bindings.v1.json,REFERENCE_ONLY,TEMP_OR_CANDIDATE,,,0,0,0,0,,,1,,,PREEXTRACTED_COMMAND_OUTPUT_PATH_LIST
coding-readiness/modern-canonical-candidate.v5sigfix/sys-listening-stream-authority-successor.v2.json,REFERENCE_ONLY,TEMP_OR_CANDIDATE,,,0,0,0,0,,,1,,,PREEXTRACTED_COMMAND_OUTPUT_PATH_LIST
coding-readiness/modern-capability-causal-state-contracts.v2.json,REFERENCE_ONLY,BLUEPRINT_ARTIFACT,,,0,0,0,0,,,1,,,PREEXTRACTED_COMMAND_OUTPUT_PATH_LIST
coding-readiness/modern-capability-closed-set-manifest.v3.json,REFERENCE_ONLY,BLUEPRINT_ARTIFACT,,,0,0,0,0,,,1,,,PREEXTRACTED_COMMAND_OUTPUT_PATH_LIST
coding-readiness/modern-capability-event-successor-lineage.v2.json,REFERENCE_ONLY,BLUEPRINT_ARTIFACT,,,0,0,0,0,,,1,,,PREEXTRACTED_COMMAND_OUTPUT_PATH_LIST
coding-readiness/modern-capability-operation-causal-contract-ssot.v2.json,REFERENCE_ONLY,BLUEPRINT_ARTIFACT,,,42,0,42,42,,update,1,,,PREEXTRACTED_COMMAND_OUTPUT_PATH_LIST
coding-readiness/modern-capability-public-identity-registry.v1.json,REFERENCE_ONLY,BLUEPRINT_ARTIFACT,,,0,0,0,0,,,1,,,PREEXTRACTED_COMMAND_OUTPUT_PATH_LIST
coding-readiness/modern-capability-semantic-bindings.v1.json,REFERENCE_ONLY,BLUEPRINT_ARTIFACT,,,0,0,0,0,,,1,,,PREEXTRACTED_COMMAND_OUTPUT_PATH_LIST
coding-readiness/modern-causal-independent-oracle.v1.json,REFERENCE_ONLY,BLUEPRINT_ARTIFACT,,,0,0,0,0,,,1,,,PREEXTRACTED_COMMAND_OUTPUT_PATH_LIST
coding-readiness/modern-causal-independent-pg-fixtures.v1.json,REFERENCE_ONLY,BLUEPRINT_ARTIFACT,,,0,0,0,0,,,1,,,PREEXTRACTED_COMMAND_OUTPUT_PATH_LIST
coding-readiness/modern-causal-independent-review-inventory.v1.json,REFERENCE_ONLY,BLUEPRINT_ARTIFACT,,,0,0,0,0,,,1,,,PREEXTRACTED_COMMAND_OUTPUT_PATH_LIST
coding-readiness/modern-causal-independent-reviewed-finalization.v1.json,REFERENCE_ONLY,BLUEPRINT_ARTIFACT,,,2,0,2,2,,update,1,,,PREEXTRACTED_COMMAND_OUTPUT_PATH_LIST
coding-readiness/modern-independent-successor/global-hcm-table-expansion-acceptance-policy.v2.json,REFERENCE_ONLY,BLUEPRINT_ARTIFACT,,,6,0,6,6,,update,1,,,PREEXTRACTED_COMMAND_OUTPUT_PATH_LIST
coding-readiness/modern-independent-successor/reports/global-hcm-live-acceptance-latest.v1.json,REFERENCE_ONLY,REPORT_OR_RECEIPT,,,0,0,0,0,,,1,,,PREEXTRACTED_COMMAND_OUTPUT_PATH_LIST
coding-readiness/modern-independent-successor/reports/global-hcm-v3-validator-hostile-audit-latest.v1.json,REFERENCE_ONLY,REPORT_OR_RECEIPT,,,0,0,0,0,,,1,,,PREEXTRACTED_COMMAND_OUTPUT_PATH_LIST
coding-readiness/modern-independent-successor/reports/global-hcm-v4-validator-hostile-audit-latest.v1.json,REFERENCE_ONLY,REPORT_OR_RECEIPT,,,0,0,0,0,,,1,,,PREEXTRACTED_COMMAND_OUTPUT_PATH_LIST
coding-readiness/modern-independent-successor/reports/modern-132-owner-stream-boundary-q0mnjg-latest.v1.json,REFERENCE_ONLY,REPORT_OR_RECEIPT,,,0,0,0,0,,,1,,,PREEXTRACTED_COMMAND_OUTPUT_PATH_LIST
coding-readiness/modern-independent-successor/reports/modern-132-owner-stream-boundary-q0mnjg.v1.json,REFERENCE_ONLY,REPORT_OR_RECEIPT,,,0,0,0,0,,,1,,,PREEXTRACTED_COMMAND_OUTPUT_PATH_LIST
coding-readiness/modern-independent-successor/reports/modern-independent-successor-selftest-latest.v1.json,REFERENCE_ONLY,REPORT_OR_RECEIPT,,,0,0,0,0,,,1,,,PREEXTRACTED_COMMAND_OUTPUT_PATH_LIST
coding-readiness/modern-independent-successor/reports/modern-independent-successor-static-latest.v1.json,REFERENCE_ONLY,REPORT_OR_RECEIPT,,,0,0,0,0,,,1,,,PREEXTRACTED_COMMAND_OUTPUT_PATH_LIST
coding-readiness/modern-independent-successor/reports/modern-independent-successor-static-transient.v1.json,REFERENCE_ONLY,TEMP_OR_CANDIDATE,,,0,0,0,0,,,1,,,PREEXTRACTED_COMMAND_OUTPUT_PATH_LIST
coding-readiness/modern-independent-successor/reports/modern-operation-semantics-independent-latest.v1.json,REFERENCE_ONLY,REPORT_OR_RECEIPT,,,0,0,0,0,,,1,,,PREEXTRACTED_COMMAND_OUTPUT_PATH_LIST
coding-readiness/modern-independent-successor/reports/modern-operation-semantics-independent-selftest-latest.v1.json,REFERENCE_ONLY,REPORT_OR_RECEIPT,,,0,0,0,0,,,1,,,PREEXTRACTED_COMMAND_OUTPUT_PATH_LIST
coding-readiness/modern-independent-successor/reports/modern-owner-stream-dual-profile-q0-regression-2026-09-16.v1.json,REFERENCE_ONLY,REPORT_OR_RECEIPT,,,0,0,0,0,,,1,,,PREEXTRACTED_COMMAND_OUTPUT_PATH_LIST
coding-readiness/modern-independent-successor/reports/modern-owner-stream-v4-131-ZorhI5-rejected-regression-2026-09-16.v1.json,REFERENCE_ONLY,REPORT_OR_RECEIPT,,,0,0,0,0,,,1,,,PREEXTRACTED_COMMAND_OUTPUT_PATH_LIST
coding-readiness/modern-independent-successor/reports/modern-route-taxonomy-independent-latest.v1.json,REFERENCE_ONLY,REPORT_OR_RECEIPT,,,0,0,0,0,,,1,,,PREEXTRACTED_COMMAND_OUTPUT_PATH_LIST
coding-readiness/modern-independent-successor/reports/modern-successor-dependency-dag-latest.v1.json,REFERENCE_ONLY,REPORT_OR_RECEIPT,,,0,0,0,0,,,1,,,PREEXTRACTED_COMMAND_OUTPUT_PATH_LIST
coding-readiness/modern-physical-candidate.A7K8Kj/hrm-modern-forward-ddl.v4.sql,REFERENCE_ONLY,TEMP_OR_CANDIDATE,,,0,0,0,0,,,1,,,PREEXTRACTED_COMMAND_OUTPUT_PATH_LIST
coding-readiness/modern-physical-candidate.A7K8Kj/modern-owner-handler-physical-contracts.v4.json,REFERENCE_ONLY,TEMP_OR_CANDIDATE,,,0,0,0,0,,,1,,,PREEXTRACTED_COMMAND_OUTPUT_PATH_LIST
coding-readiness/modern-physical-candidate.A7K8Kj/modern-query-projection-physical-contracts.v4.json,REFERENCE_ONLY,TEMP_OR_CANDIDATE,,,0,0,0,0,,,1,,,PREEXTRACTED_COMMAND_OUTPUT_PATH_LIST
coding-readiness/modern-physical-candidate.A7K8Kj/per-modern-forward-ddl.v4.sql,REFERENCE_ONLY,TEMP_OR_CANDIDATE,,,0,0,0,0,,,1,,,PREEXTRACTED_COMMAND_OUTPUT_PATH_LIST
coding-readiness/modern-physical-candidate.A7K8Kj/physical-candidate-generation-report.v4.json,REFERENCE_ONLY,TEMP_OR_CANDIDATE,,,0,0,0,0,,,1,,,PREEXTRACTED_COMMAND_OUTPUT_PATH_LIST
coding-readiness/modern-physical-candidate.A7K8Kj/sys-auth-modern-forward-ddl.v4.sql,REFERENCE_ONLY,TEMP_OR_CANDIDATE,,,0,0,0,0,,,1,,,PREEXTRACTED_COMMAND_OUTPUT_PATH_LIST
coding-readiness/modern-physical-candidate.A7K8Kj/sys-platform-modern-forward-ddl.v4.sql,REFERENCE_ONLY,TEMP_OR_CANDIDATE,,,0,0,0,0,,,1,,,PREEXTRACTED_COMMAND_OUTPUT_PATH_LIST
coding-readiness/modern-physical-candidate.A7K8Kj/tim-modern-forward-ddl.v4.sql,REFERENCE_ONLY,TEMP_OR_CANDIDATE,,,0,0,0,0,,,1,,,PREEXTRACTED_COMMAND_OUTPUT_PATH_LIST
coding-readiness/modern-physical-candidate.v5p1363-final/hrm-modern-forward-ddl.v4.sql,REFERENCE_ONLY,TEMP_OR_CANDIDATE,,,0,0,0,0,,,1,,,PREEXTRACTED_COMMAND_OUTPUT_PATH_LIST
coding-readiness/modern-physical-candidate.v5p1363-final/modern-owner-handler-physical-contracts.v4.json,REFERENCE_ONLY,TEMP_OR_CANDIDATE,,,0,0,0,0,,,1,,,PREEXTRACTED_COMMAND_OUTPUT_PATH_LIST
coding-readiness/modern-physical-candidate.v5p1363-final/modern-query-projection-physical-contracts.v4.json,REFERENCE_ONLY,TEMP_OR_CANDIDATE,,,0,0,0,0,,,1,,,PREEXTRACTED_COMMAND_OUTPUT_PATH_LIST
coding-readiness/modern-physical-candidate.v5p1363-final/per-modern-forward-ddl.v4.sql,REFERENCE_ONLY,TEMP_OR_CANDIDATE,,,0,0,0,0,,,1,,,PREEXTRACTED_COMMAND_OUTPUT_PATH_LIST
coding-readiness/modern-physical-candidate.v5p1363-final/physical-candidate-generation-report.v4.json,REFERENCE_ONLY,TEMP_OR_CANDIDATE,,,0,0,0,0,,,1,,,PREEXTRACTED_COMMAND_OUTPUT_PATH_LIST
coding-readiness/modern-physical-candidate.v5p1363-final/sys-auth-modern-forward-ddl.v4.sql,REFERENCE_ONLY,TEMP_OR_CANDIDATE,,,0,0,0,0,,,1,,,PREEXTRACTED_COMMAND_OUTPUT_PATH_LIST
coding-readiness/modern-physical-candidate.v5p1363-final/sys-platform-modern-forward-ddl.v4.sql,REFERENCE_ONLY,TEMP_OR_CANDIDATE,,,0,0,0,0,,,1,,,PREEXTRACTED_COMMAND_OUTPUT_PATH_LIST
coding-readiness/modern-physical-candidate.v5p1363-final/tim-modern-forward-ddl.v4.sql,REFERENCE_ONLY,TEMP_OR_CANDIDATE,,,0,0,0,0,,,1,,,PREEXTRACTED_COMMAND_OUTPUT_PATH_LIST
coding-readiness/modern-physical-candidate.v5sigfix/hrm-modern-forward-ddl.v4.sql,REFERENCE_ONLY,TEMP_OR_CANDIDATE,,,0,0,0,0,,,1,,,PREEXTRACTED_COMMAND_OUTPUT_PATH_LIST
coding-readiness/modern-physical-candidate.v5sigfix/modern-owner-handler-physical-contracts.v4.json,REFERENCE_ONLY,TEMP_OR_CANDIDATE,,,0,0,0,0,,,1,,,PREEXTRACTED_COMMAND_OUTPUT_PATH_LIST
coding-readiness/modern-physical-candidate.v5sigfix/modern-query-projection-physical-contracts.v4.json,REFERENCE_ONLY,TEMP_OR_CANDIDATE,,,0,0,0,0,,,1,,,PREEXTRACTED_COMMAND_OUTPUT_PATH_LIST
coding-readiness/modern-physical-candidate.v5sigfix/per-modern-forward-ddl.v4.sql,REFERENCE_ONLY,TEMP_OR_CANDIDATE,,,0,0,0,0,,,1,,,PREEXTRACTED_COMMAND_OUTPUT_PATH_LIST
coding-readiness/modern-physical-candidate.v5sigfix/physical-candidate-generation-report.v4.json,REFERENCE_ONLY,TEMP_OR_CANDIDATE,,,0,0,0,0,,,1,,,PREEXTRACTED_COMMAND_OUTPUT_PATH_LIST
coding-readiness/modern-physical-candidate.v5sigfix/sys-auth-modern-forward-ddl.v4.sql,REFERENCE_ONLY,TEMP_OR_CANDIDATE,,,0,0,0,0,,,1,,,PREEXTRACTED_COMMAND_OUTPUT_PATH_LIST
coding-readiness/modern-physical-candidate.v5sigfix/sys-platform-modern-forward-ddl.v4.sql,REFERENCE_ONLY,TEMP_OR_CANDIDATE,,,0,0,0,0,,,1,,,PREEXTRACTED_COMMAND_OUTPUT_PATH_LIST
coding-readiness/modern-physical-candidate.v5sigfix/tim-modern-forward-ddl.v4.sql,REFERENCE_ONLY,TEMP_OR_CANDIDATE,,,0,0,0,0,,,1,,,PREEXTRACTED_COMMAND_OUTPUT_PATH_LIST
coding-readiness/optional-capability-admission-contract.v1.json,REFERENCE_ONLY,BLUEPRINT_ARTIFACT,,,1,0,1,1,,update,1,,,PREEXTRACTED_COMMAND_OUTPUT_PATH_LIST
coding-readiness/reports/common-native-metadata-policy-root-lossless-readback-2026-09-14.json,REFERENCE_ONLY,REPORT_OR_RECEIPT,,,0,0,0,0,,,1,,,PREEXTRACTED_COMMAND_OUTPUT_PATH_LIST
coding-readiness/reports/common-native-metadata-policy-root-lossless-replay-2026-09-14.json,REFERENCE_ONLY,REPORT_OR_RECEIPT,,,0,0,0,0,,,1,,,PREEXTRACTED_COMMAND_OUTPUT_PATH_LIST
coding-readiness/reports/common-native-metadata-policy-root-lossless-replay-2026-09-14.md,REFERENCE_ONLY,REPORT_OR_RECEIPT,,,0,0,0,0,,,1,,,PREEXTRACTED_COMMAND_OUTPUT_PATH_LIST
coding-readiness/reports/common-preparation-root-independent-lossless-final-2026-09-14.json,REFERENCE_ONLY,REPORT_OR_RECEIPT,,,0,0,0,0,,,1,,,PREEXTRACTED_COMMAND_OUTPUT_PATH_LIST
coding-readiness/reports/common-preparation-root-independent-lossless-final-2026-09-14.md,REFERENCE_ONLY,REPORT_OR_RECEIPT,,,0,0,0,0,,,1,,,PREEXTRACTED_COMMAND_OUTPUT_PATH_LIST
coding-readiness/reports/frontend-api-sor-layer-path-successor-2026-09-14.json,REFERENCE_ONLY,REPORT_OR_RECEIPT,,,0,0,0,0,,,1,,,PREEXTRACTED_COMMAND_OUTPUT_PATH_LIST
coding-readiness/reports/frontend-api-sor-layer-path-successor-2026-09-14.md,REFERENCE_ONLY,REPORT_OR_RECEIPT,,,0,0,0,0,,,1,,,PREEXTRACTED_COMMAND_OUTPUT_PATH_LIST
coding-readiness/reports/frontend-civil-date-whole-shared-i18n-root-replay-2026-09-14.json,REFERENCE_ONLY,REPORT_OR_RECEIPT,,,0,0,0,0,,,1,,,PREEXTRACTED_COMMAND_OUTPUT_PATH_LIST
coding-readiness/reports/frontend-current-civil-date-whole-type-quality-root-readback-2026-09-14.json,REFERENCE_ONLY,REPORT_OR_RECEIPT,,,0,0,0,0,,,1,,,PREEXTRACTED_COMMAND_OUTPUT_PATH_LIST
coding-readiness/reports/frontend-current-civil-date-whole-type-quality-root-replay-2026-09-14.json,REFERENCE_ONLY,REPORT_OR_RECEIPT,,,0,0,0,0,,,1,,,PREEXTRACTED_COMMAND_OUTPUT_PATH_LIST
coding-readiness/reports/frontend-current-civil-date-whole-type-quality-root-replay-2026-09-14.md,REFERENCE_ONLY,REPORT_OR_RECEIPT,,,0,0,0,0,,,1,,,PREEXTRACTED_COMMAND_OUTPUT_PATH_LIST
coding-readiness/reports/frontend-http-body-lifecycle-actual-fail-before-2026-09-14.json,REFERENCE_ONLY,REPORT_OR_RECEIPT,,,0,0,0,0,,,1,,,PREEXTRACTED_COMMAND_OUTPUT_PATH_LIST
coding-readiness/reports/frontend-http-body-lifecycle-root-remediation-pass-2026-09-14.json,REFERENCE_ONLY,REPORT_OR_RECEIPT,,,0,0,0,0,,,1,,,PREEXTRACTED_COMMAND_OUTPUT_PATH_LIST
coding-readiness/reports/frontend-http-body-lifecycle-whole-shared-utils-root-replay-2026-09-14.json,REFERENCE_ONLY,REPORT_OR_RECEIPT,,,0,0,0,0,,,1,,,PREEXTRACTED_COMMAND_OUTPUT_PATH_LIST
coding-readiness/reports/frontend-http-current-whole-shared-utils-root-lossless-readback-2026-09-14.json,REFERENCE_ONLY,REPORT_OR_RECEIPT,,,0,0,0,0,,,1,,,PREEXTRACTED_COMMAND_OUTPUT_PATH_LIST
coding-readiness/reports/frontend-http-current-whole-shared-utils-root-lossless-replay-2026-09-14.json,REFERENCE_ONLY,REPORT_OR_RECEIPT,,,0,0,0,0,,,1,,,PREEXTRACTED_COMMAND_OUTPUT_PATH_LIST
coding-readiness/reports/frontend-http-current-whole-shared-utils-root-lossless-replay-2026-09-14.md,REFERENCE_ONLY,REPORT_OR_RECEIPT,,,0,0,0,0,,,1,,,PREEXTRACTED_COMMAND_OUTPUT_PATH_LIST
coding-readiness/reports/frontend-layer-verification-root-independent-replay-2026-09-14.json,REFERENCE_ONLY,REPORT_OR_RECEIPT,,,0,0,0,0,,,1,,,PREEXTRACTED_COMMAND_OUTPUT_PATH_LIST
coding-readiness/reports/frontend-layer-verification-root-independent-replay-2026-09-14.md,REFERENCE_ONLY,REPORT_OR_RECEIPT,,,0,0,0,0,,,1,,,PREEXTRACTED_COMMAND_OUTPUT_PATH_LIST
coding-readiness/reports/frontend-payroll-browser-six-variants-author-2026-09-14.json,REFERENCE_ONLY,REPORT_OR_RECEIPT,,,0,0,0,0,,,1,,,PREEXTRACTED_COMMAND_OUTPUT_PATH_LIST
coding-readiness/reports/frontend-payroll-browser-six-variants-author-2026-09-14.md,REFERENCE_ONLY,REPORT_OR_RECEIPT,,,0,0,0,0,,,1,,,PREEXTRACTED_COMMAND_OUTPUT_PATH_LIST
coding-readiness/reports/frontend-payroll-browser-smoke-author-2026-09-14.json,REFERENCE_ONLY,REPORT_OR_RECEIPT,,,0,0,0,0,,,1,,,PREEXTRACTED_COMMAND_OUTPUT_PATH_LIST
coding-readiness/reports/frontend-payroll-civil-date-root-actual-fail-before-2026-09-14.json,REFERENCE_ONLY,REPORT_OR_RECEIPT,,,0,0,0,0,,,1,,,PREEXTRACTED_COMMAND_OUTPUT_PATH_LIST
coding-readiness/reports/frontend-payroll-civil-date-root-remediation-pass-2026-09-14.json,REFERENCE_ONLY,REPORT_OR_RECEIPT,,,0,0,0,0,,,1,,,PREEXTRACTED_COMMAND_OUTPUT_PATH_LIST
coding-readiness/reports/frontend-payroll-layer-baseline-lock-timeout-2026-09-14.json,REFERENCE_ONLY,REPORT_OR_RECEIPT,,,0,0,0,0,,,1,,,PREEXTRACTED_COMMAND_OUTPUT_PATH_LIST
coding-readiness/reports/frontend-payroll-layer-existing-baseline-2026-09-14.json,REFERENCE_ONLY,REPORT_OR_RECEIPT,,,0,0,0,0,,,1,,,PREEXTRACTED_COMMAND_OUTPUT_PATH_LIST
coding-readiness/reports/frontend-payroll-real-layer-author-replay-2026-09-14.json,REFERENCE_ONLY,REPORT_OR_RECEIPT,,,0,0,0,0,,,1,,,PREEXTRACTED_COMMAND_OUTPUT_PATH_LIST
coding-readiness/reports/frontend-payroll-real-layer-current-ast-scan-2026-09-14.json,REFERENCE_ONLY,REPORT_OR_RECEIPT,,,0,0,0,0,,,1,,,PREEXTRACTED_COMMAND_OUTPUT_PATH_LIST
coding-readiness/reports/frontend-payroll-real-layer-quality-author-replay-2026-09-14.json,REFERENCE_ONLY,REPORT_OR_RECEIPT,,,0,0,0,0,,,1,,,PREEXTRACTED_COMMAND_OUTPUT_PATH_LIST
coding-readiness/reports/frontend-people-actual-flat-baseline-root-lossless-2026-09-14.json,REFERENCE_ONLY,REPORT_OR_RECEIPT,,,0,0,0,0,,,1,,,PREEXTRACTED_COMMAND_OUTPUT_PATH_LIST
coding-readiness/reports/frontend-people-baseline-performance-provenance-root-readback-2026-09-14.json,REFERENCE_ONLY,REPORT_OR_RECEIPT,,,0,0,0,0,,,1,,,PREEXTRACTED_COMMAND_OUTPUT_PATH_LIST
coding-readiness/reports/frontend-people-layer-root-actual-first-fail-after-2026-09-14.json,REFERENCE_ONLY,REPORT_OR_RECEIPT,,,0,0,0,0,,,1,,,PREEXTRACTED_COMMAND_OUTPUT_PATH_LIST
coding-readiness/reports/frontend-people-layer-root-actual-second-fail-after-2026-09-14.json,REFERENCE_ONLY,REPORT_OR_RECEIPT,,,0,0,0,0,,,1,,,PREEXTRACTED_COMMAND_OUTPUT_PATH_LIST
coding-readiness/reports/frontend-people-layer-root-final-readback-2026-09-14.json,REFERENCE_ONLY,REPORT_OR_RECEIPT,,,0,0,0,0,,,1,,,PREEXTRACTED_COMMAND_OUTPUT_PATH_LIST
coding-readiness/reports/frontend-people-layer-root-remediation-2026-09-14.md,REFERENCE_ONLY,REPORT_OR_RECEIPT,,,0,0,0,0,,,1,,,PREEXTRACTED_COMMAND_OUTPUT_PATH_LIST
coding-readiness/reports/frontend-people-layer-root-remediation-pass-2026-09-14.json,REFERENCE_ONLY,REPORT_OR_RECEIPT,,,0,0,0,0,,,1,,,PREEXTRACTED_COMMAND_OUTPUT_PATH_LIST
coding-readiness/reports/frontend-people-layer-root-remediation-pass-2026-09-14.json.gz.b64,REFERENCE_ONLY,REPORT_OR_RECEIPT,,,0,0,0,0,,,1,,,PREEXTRACTED_COMMAND_OUTPUT_PATH_LIST
coding-readiness/reports/frontend-people-layer-root-remediation-pass-lossless-2026-09-14.json,REFERENCE_ONLY,REPORT_OR_RECEIPT,,,0,0,0,0,,,1,,,PREEXTRACTED_COMMAND_OUTPUT_PATH_LIST
coding-readiness/reports/frontend-people-performance-delivery-loss-2026-09-14.md,REFERENCE_ONLY,REPORT_OR_RECEIPT,,,0,0,0,0,,,1,,,PREEXTRACTED_COMMAND_OUTPUT_PATH_LIST
coding-readiness/reports/frontend-people-privacy-root-actual-fail-before-2026-09-14.json,REFERENCE_ONLY,REPORT_OR_RECEIPT,,,0,0,0,0,,,1,,,PREEXTRACTED_COMMAND_OUTPUT_PATH_LIST
coding-readiness/reports/frontend-performance-actual-flat-baseline-root-lossless-2026-09-14.json,REFERENCE_ONLY,REPORT_OR_RECEIPT,,,0,0,0,0,,,1,,,PREEXTRACTED_COMMAND_OUTPUT_PATH_LIST
coding-readiness/reports/frontend-performance-actual-layer-author-lossless-2026-09-14.json,REFERENCE_ONLY,REPORT_OR_RECEIPT,,,0,0,0,0,,,1,,,PREEXTRACTED_COMMAND_OUTPUT_PATH_LIST
coding-readiness/reports/frontend-performance-actual-layer-author-readback-2026-09-14.json,REFERENCE_ONLY,REPORT_OR_RECEIPT,,,0,0,0,0,,,1,,,PREEXTRACTED_COMMAND_OUTPUT_PATH_LIST
coding-readiness/reports/frontend-performance-actual-layer-author-replay-2026-09-14.md,REFERENCE_ONLY,REPORT_OR_RECEIPT,,,0,0,0,0,,,1,,,PREEXTRACTED_COMMAND_OUTPUT_PATH_LIST
coding-readiness/reports/frontend-performance-privacy-root-actual-fail-before-2026-09-14.json,REFERENCE_ONLY,REPORT_OR_RECEIPT,,,0,0,0,0,,,1,,,PREEXTRACTED_COMMAND_OUTPUT_PATH_LIST
coding-readiness/reports/frontend-performance-privacy-root-readback-2026-09-14.json,REFERENCE_ONLY,REPORT_OR_RECEIPT,,,0,0,0,0,,,1,,,PREEXTRACTED_COMMAND_OUTPUT_PATH_LIST
coding-readiness/reports/frontend-performance-privacy-root-remediation-pass-2026-09-14.json,REFERENCE_ONLY,REPORT_OR_RECEIPT,,,0,0,0,0,,,1,,,PREEXTRACTED_COMMAND_OUTPUT_PATH_LIST
coding-readiness/reports/frontend-performance-provenance-root-actual-fail-before-2026-09-14.json,REFERENCE_ONLY,REPORT_OR_RECEIPT,,,0,0,0,0,,,1,,,PREEXTRACTED_COMMAND_OUTPUT_PATH_LIST
coding-readiness/reports/frontend-performance-provenance-root-remediation-pass-2026-09-14.json,REFERENCE_ONLY,REPORT_OR_RECEIPT,,,0,0,0,0,,,1,,,PREEXTRACTED_COMMAND_OUTPUT_PATH_LIST
coding-readiness/reports/frontend-time-final-readback-2026-09-14.json,REFERENCE_ONLY,REPORT_OR_RECEIPT,,,0,0,0,0,,,1,,,PREEXTRACTED_COMMAND_OUTPUT_PATH_LIST
coding-readiness/reports/frontend-time-layer-privacy-race-state-final-pass-2026-09-14.json,REFERENCE_ONLY,REPORT_OR_RECEIPT,,,0,0,0,0,,,1,,,PREEXTRACTED_COMMAND_OUTPUT_PATH_LIST
coding-readiness/reports/frontend-time-layer-privacy-race-state-final-receipt-2026-09-14.json,REFERENCE_ONLY,REPORT_OR_RECEIPT,,,0,0,0,0,,,1,,,PREEXTRACTED_COMMAND_OUTPUT_PATH_LIST
coding-readiness/reports/frontend-time-scoped-quality-final-2026-09-14.json,REFERENCE_ONLY,REPORT_OR_RECEIPT,,,0,0,0,0,,,1,,,PREEXTRACTED_COMMAND_OUTPUT_PATH_LIST
coding-readiness/reports/frontend-time-scoped-quality-final-receipt-2026-09-14.json,REFERENCE_ONLY,REPORT_OR_RECEIPT,,,0,0,0,0,,,1,,,PREEXTRACTED_COMMAND_OUTPUT_PATH_LIST
coding-readiness/reports/full-coding-readiness-latest.json,REFERENCE_ONLY,REPORT_OR_RECEIPT,,,0,0,0,0,,,1,,,PREEXTRACTED_COMMAND_OUTPUT_PATH_LIST
coding-readiness/reports/full-coding-readiness-static-latest.json,REFERENCE_ONLY,REPORT_OR_RECEIPT,,,0,0,0,0,,,1,,,PREEXTRACTED_COMMAND_OUTPUT_PATH_LIST
coding-readiness/reports/hris-payroll-browser-20260914-BBW4qQ/test-results/hris-payroll-layer-prepara-dbbd2-ort-and-preference-variants-pay-1440-en-light/pay-source-projection.png,REFERENCE_ONLY,REPORT_OR_RECEIPT,,,0,0,0,0,,,1,,,PREEXTRACTED_COMMAND_OUTPUT_PATH_LIST
coding-readiness/reports/hris-payroll-browser-20260914-wMumGu/test-results/hris-payroll-layer-prepara-c2f70-ng-empty-or-successful-data-pay-1280-en-text200/pay-source-permission-denied.png,REFERENCE_ONLY,REPORT_OR_RECEIPT,,,0,0,0,0,,,1,,,PREEXTRACTED_COMMAND_OUTPUT_PATH_LIST
coding-readiness/reports/hris-payroll-browser-20260914-wMumGu/test-results/hris-payroll-layer-prepara-c2f70-ng-empty-or-successful-data-pay-1280-ko-dark/pay-source-permission-denied.png,REFERENCE_ONLY,REPORT_OR_RECEIPT,,,0,0,0,0,,,1,,,PREEXTRACTED_COMMAND_OUTPUT_PATH_LIST
coding-readiness/reports/hris-payroll-browser-20260914-wMumGu/test-results/hris-payroll-layer-prepara-c2f70-ng-empty-or-successful-data-pay-1280-ko-highcontrast/pay-source-permission-denied.png,REFERENCE_ONLY,REPORT_OR_RECEIPT,,,0,0,0,0,,,1,,,PREEXTRACTED_COMMAND_OUTPUT_PATH_LIST
coding-readiness/reports/hris-payroll-browser-20260914-wMumGu/test-results/hris-payroll-layer-prepara-c2f70-ng-empty-or-successful-data-pay-1440-en-light/pay-source-permission-denied.png,REFERENCE_ONLY,REPORT_OR_RECEIPT,,,0,0,0,0,,,1,,,PREEXTRACTED_COMMAND_OUTPUT_PATH_LIST
coding-readiness/reports/hris-payroll-browser-20260914-wMumGu/test-results/hris-payroll-layer-prepara-c2f70-ng-empty-or-successful-data-pay-320-ko-light/pay-source-permission-denied.png,REFERENCE_ONLY,REPORT_OR_RECEIPT,,,0,0,0,0,,,1,,,PREEXTRACTED_COMMAND_OUTPUT_PATH_LIST
coding-readiness/reports/hris-payroll-browser-20260914-wMumGu/test-results/hris-payroll-layer-prepara-c2f70-ng-empty-or-successful-data-pay-390-en-dark/pay-source-permission-denied.png,REFERENCE_ONLY,REPORT_OR_RECEIPT,,,0,0,0,0,,,1,,,PREEXTRACTED_COMMAND_OUTPUT_PATH_LIST
coding-readiness/reports/hris-payroll-browser-20260914-wMumGu/test-results/hris-payroll-layer-prepara-dbbd2-ort-and-preference-variants-pay-1280-en-text200/pay-source-projection.png,REFERENCE_ONLY,REPORT_OR_RECEIPT,,,0,0,0,0,,,1,,,PREEXTRACTED_COMMAND_OUTPUT_PATH_LIST
coding-readiness/reports/hris-payroll-browser-20260914-wMumGu/test-results/hris-payroll-layer-prepara-dbbd2-ort-and-preference-variants-pay-1280-ko-dark/pay-source-projection.png,REFERENCE_ONLY,REPORT_OR_RECEIPT,,,0,0,0,0,,,1,,,PREEXTRACTED_COMMAND_OUTPUT_PATH_LIST
coding-readiness/reports/hris-payroll-browser-20260914-wMumGu/test-results/hris-payroll-layer-prepara-dbbd2-ort-and-preference-variants-pay-1280-ko-highcontrast/pay-source-projection.png,REFERENCE_ONLY,REPORT_OR_RECEIPT,,,0,0,0,0,,,1,,,PREEXTRACTED_COMMAND_OUTPUT_PATH_LIST
coding-readiness/reports/hris-payroll-browser-20260914-wMumGu/test-results/hris-payroll-layer-prepara-dbbd2-ort-and-preference-variants-pay-1440-en-light/pay-source-projection.png,REFERENCE_ONLY,REPORT_OR_RECEIPT,,,0,0,0,0,,,1,,,PREEXTRACTED_COMMAND_OUTPUT_PATH_LIST
coding-readiness/reports/hris-payroll-browser-20260914-wMumGu/test-results/hris-payroll-layer-prepara-dbbd2-ort-and-preference-variants-pay-320-ko-light/pay-source-projection.png,REFERENCE_ONLY,REPORT_OR_RECEIPT,,,0,0,0,0,,,1,,,PREEXTRACTED_COMMAND_OUTPUT_PATH_LIST
coding-readiness/reports/hris-payroll-browser-20260914-wMumGu/test-results/hris-payroll-layer-prepara-dbbd2-ort-and-preference-variants-pay-390-en-dark/pay-source-projection.png,REFERENCE_ONLY,REPORT_OR_RECEIPT,,,0,0,0,0,,,1,,,PREEXTRACTED_COMMAND_OUTPUT_PATH_LIST
coding-readiness/reports/hrm-modern-native-identity-v2-root-independent-replay-2026-09-14.json,REFERENCE_ONLY,REPORT_OR_RECEIPT,,,0,0,0,0,,,1,,,PREEXTRACTED_COMMAND_OUTPUT_PATH_LIST
coding-readiness/reports/hrm-modern-native-identity-v2-root-independent-replay-2026-09-14.md,REFERENCE_ONLY,REPORT_OR_RECEIPT,,,0,0,0,0,,,1,,,PREEXTRACTED_COMMAND_OUTPUT_PATH_LIST
coding-readiness/reports/hrm-per-base-successor-root-independent-replay-2026-09-14.json,REFERENCE_ONLY,REPORT_OR_RECEIPT,,,0,0,0,0,,,1,,,PREEXTRACTED_COMMAND_OUTPUT_PATH_LIST
coding-readiness/reports/hrm-per-base-successor-root-independent-replay-2026-09-14.md,REFERENCE_ONLY,REPORT_OR_RECEIPT,,,0,0,0,0,,,1,,,PREEXTRACTED_COMMAND_OUTPUT_PATH_LIST
coding-readiness/reports/identity-current-dwp-authorization-v2-root-independent-replay-2026-09-14.json,REFERENCE_ONLY,REPORT_OR_RECEIPT,,,0,0,0,0,,,1,,,PREEXTRACTED_COMMAND_OUTPUT_PATH_LIST
coding-readiness/reports/identity-current-dwp-authorization-v2-root-independent-replay-2026-09-14.md,REFERENCE_ONLY,REPORT_OR_RECEIPT,,,0,0,0,0,,,1,,,PREEXTRACTED_COMMAND_OUTPUT_PATH_LIST
coding-readiness/reports/identity-owner-abi-root-independent-review-2026-09-14.json,REFERENCE_ONLY,REPORT_OR_RECEIPT,,,0,0,0,0,,,1,,,PREEXTRACTED_COMMAND_OUTPUT_PATH_LIST
coding-readiness/reports/identity-self-person-abi-root-independent-replay-2026-09-14.json,REFERENCE_ONLY,REPORT_OR_RECEIPT,,,0,0,0,0,,,1,,,PREEXTRACTED_COMMAND_OUTPUT_PATH_LIST
coding-readiness/reports/identity-self-person-abi-root-independent-replay-2026-09-14.md,REFERENCE_ONLY,REPORT_OR_RECEIPT,,,0,0,0,0,,,1,,,PREEXTRACTED_COMMAND_OUTPUT_PATH_LIST
coding-readiness/reports/modern-causal-independent-design-findings.v1.json,REFERENCE_ONLY,REPORT_OR_RECEIPT,,,0,0,0,0,,,1,,,PREEXTRACTED_COMMAND_OUTPUT_PATH_LIST
coding-readiness/reports/modern-causal-independent-historical-fail.v1.json,REFERENCE_ONLY,REPORT_OR_RECEIPT,,,0,0,0,0,,,1,,,PREEXTRACTED_COMMAND_OUTPUT_PATH_LIST
coding-readiness/reports/modern-causal-independent-historical-fail.v1.md,REFERENCE_ONLY,REPORT_OR_RECEIPT,,,0,0,0,0,,,1,,,PREEXTRACTED_COMMAND_OUTPUT_PATH_LIST
coding-readiness/reports/modern-causal-independent-pg-evidence.v1.json,REFERENCE_ONLY,REPORT_OR_RECEIPT,,,0,0,0,0,,,1,,,PREEXTRACTED_COMMAND_OUTPUT_PATH_LIST
coding-readiness/reports/modern-physical-q0mnJg-rejected-preflight-2026-09-16.v4.json,REFERENCE_ONLY,REPORT_OR_RECEIPT,,,0,0,0,0,,,1,,,PREEXTRACTED_COMMAND_OUTPUT_PATH_LIST
coding-readiness/reports/modern-physical-q0mnJg-rejected-preflight-2026-09-16.v5.json,REFERENCE_ONLY,REPORT_OR_RECEIPT,,,0,0,0,0,,,1,,,PREEXTRACTED_COMMAND_OUTPUT_PATH_LIST
coding-readiness/reports/modern-physical-v5-a7k8kj-pg-author-verification-2026-09-16.v1.json,REFERENCE_ONLY,REPORT_OR_RECEIPT,,,0,0,0,0,,,1,,,PREEXTRACTED_COMMAND_OUTPUT_PATH_LIST
coding-readiness/reports/modern-physical-v5-a7k8kj-preflight-author-verification-2026-09-16.v1.json,REFERENCE_ONLY,REPORT_OR_RECEIPT,,,0,0,0,0,,,1,,,PREEXTRACTED_COMMAND_OUTPUT_PATH_LIST
coding-readiness/reports/modern-physical-v5-a7k8kj-static-author-verification-2026-09-16.v1.json,REFERENCE_ONLY,REPORT_OR_RECEIPT,,,0,0,0,0,,,1,,,PREEXTRACTED_COMMAND_OUTPUT_PATH_LIST
coding-readiness/reports/pay-base-v2-root-independent-bounded-review-2026-09-14.json,REFERENCE_ONLY,REPORT_OR_RECEIPT,,,0,0,0,0,,,1,,,PREEXTRACTED_COMMAND_OUTPUT_PATH_LIST
coding-readiness/reports/pay-base-v2-root-independent-bounded-review-2026-09-14.md,REFERENCE_ONLY,REPORT_OR_RECEIPT,,,0,0,0,0,,,1,,,PREEXTRACTED_COMMAND_OUTPUT_PATH_LIST
coding-readiness/reports/pay-source-v3-root-additional-model-probes-2026-09-14.json,REFERENCE_ONLY,REPORT_OR_RECEIPT,,,0,0,0,0,,,1,,,PREEXTRACTED_COMMAND_OUTPUT_PATH_LIST
coding-readiness/reports/pay-source-v3-root-independent-replay-2026-09-14.json,REFERENCE_ONLY,REPORT_OR_RECEIPT,,,0,0,0,0,,,1,,,PREEXTRACTED_COMMAND_OUTPUT_PATH_LIST
coding-readiness/reports/pay-source-v3-root-independent-replay-2026-09-14.md,REFERENCE_ONLY,REPORT_OR_RECEIPT,,,0,0,0,0,,,1,,,PREEXTRACTED_COMMAND_OUTPUT_PATH_LIST
coding-readiness/reports/pay-v2-draft-native-root-final-compact-replay-2026-09-14.json,REFERENCE_ONLY,REPORT_OR_RECEIPT,,,0,0,0,0,,,1,,,PREEXTRACTED_COMMAND_OUTPUT_PATH_LIST
coding-readiness/reports/pay-v2-draft-native-root-final-compact-replay-2026-09-14.md,REFERENCE_ONLY,REPORT_OR_RECEIPT,,,0,0,0,0,,,1,,,PREEXTRACTED_COMMAND_OUTPUT_PATH_LIST
coding-readiness/reports/pay-v2-draft-native-root-initial-repro-2026-09-14.json,REFERENCE_ONLY,REPORT_OR_RECEIPT,,,0,0,0,0,,,1,,,PREEXTRACTED_COMMAND_OUTPUT_PATH_LIST
coding-readiness/reports/pay-v2-draft-native-root-type-rls-pass-2026-09-14.json,REFERENCE_ONLY,REPORT_OR_RECEIPT,,,0,0,0,0,,,1,,,PREEXTRACTED_COMMAND_OUTPUT_PATH_LIST
coding-readiness/reports/pay-v2-draft-native-root-type-rls-pass-2026-09-14.md,REFERENCE_ONLY,REPORT_OR_RECEIPT,,,0,0,0,0,,,1,,,PREEXTRACTED_COMMAND_OUTPUT_PATH_LIST
coding-readiness/reports/pay-v2-native-cleanup-lock-root-replay-2026-09-14.json,REFERENCE_ONLY,REPORT_OR_RECEIPT,,,0,0,0,0,,,1,,,PREEXTRACTED_COMMAND_OUTPUT_PATH_LIST
coding-readiness/reports/pay-v2-native-cleanup-lock-root-replay-2026-09-14.md,REFERENCE_ONLY,REPORT_OR_RECEIPT,,,0,0,0,0,,,1,,,PREEXTRACTED_COMMAND_OUTPUT_PATH_LIST
coding-readiness/reports/readback_frontend_current_date_quality_2026_09_14.py,REFERENCE_ONLY,REPORT_OR_RECEIPT,,,0,0,0,0,,,1,,,PREEXTRACTED_COMMAND_OUTPUT_PATH_LIST
coding-readiness/reports/readback_people_baseline_performance_provenance_before_2026_09_14.py,REFERENCE_ONLY,REPORT_OR_RECEIPT,,,0,0,0,0,,,1,,,PREEXTRACTED_COMMAND_OUTPUT_PATH_LIST
coding-readiness/reports/readback_people_layer_remediation_2026_09_14.py,REFERENCE_ONLY,REPORT_OR_RECEIPT,,,0,0,0,0,,,1,,,PREEXTRACTED_COMMAND_OUTPUT_PATH_LIST
coding-readiness/reports/readback_people_privacy_before_performance_provenance_after_2026_09_14.py,REFERENCE_ONLY,REPORT_OR_RECEIPT,,,0,0,0,0,,,1,,,PREEXTRACTED_COMMAND_OUTPUT_PATH_LIST
coding-readiness/reports/readback_performance_actual_layer_2026_09_14.py,REFERENCE_ONLY,REPORT_OR_RECEIPT,,,0,0,0,0,,,1,,,PREEXTRACTED_COMMAND_OUTPUT_PATH_LIST
coding-readiness/reports/readback_performance_flat_baseline_2026_09_14.py,REFERENCE_ONLY,REPORT_OR_RECEIPT,,,0,0,0,0,,,1,,,PREEXTRACTED_COMMAND_OUTPUT_PATH_LIST
coding-readiness/reports/readback_performance_privacy_2026_09_14.py,REFERENCE_ONLY,REPORT_OR_RECEIPT,,,0,0,0,0,,,1,,,PREEXTRACTED_COMMAND_OUTPUT_PATH_LIST
coding-readiness/reports/root-focused-common-first-capture-truncated-2026-09-14.json,REFERENCE_ONLY,REPORT_OR_RECEIPT,,,0,0,0,0,,,1,,,PREEXTRACTED_COMMAND_OUTPUT_PATH_LIST
coding-readiness/reports/root-focused-common-second-capture-incomplete-2026-09-14.json,REFERENCE_ONLY,REPORT_OR_RECEIPT,,,0,0,0,0,,,1,,,PREEXTRACTED_COMMAND_OUTPUT_PATH_LIST
coding-readiness/reports/run_current_shared_http_whole_ack_2026_09_14.py,REFERENCE_ONLY,REPORT_OR_RECEIPT,,,0,0,0,0,,,1,,,PREEXTRACTED_COMMAND_OUTPUT_PATH_LIST
coding-readiness/reports/run_frontend_current_date_quality_2026_09_14.py,REFERENCE_ONLY,REPORT_OR_RECEIPT,,,0,0,0,0,,,1,,,PREEXTRACTED_COMMAND_OUTPUT_PATH_LIST
coding-readiness/reports/run_people_layer_ack_2026_09_14.py,REFERENCE_ONLY,REPORT_OR_RECEIPT,,,0,0,0,0,,,1,,,PREEXTRACTED_COMMAND_OUTPUT_PATH_LIST
coding-readiness/reports/run_performance_layer_ack_2026_09_14.py,REFERENCE_ONLY,REPORT_OR_RECEIPT,,,0,0,0,0,,,1,,,PREEXTRACTED_COMMAND_OUTPUT_PATH_LIST
coding-readiness/reports/runtime-startup-clock-entry-root-initial-repro-2026-09-14.json,REFERENCE_ONLY,REPORT_OR_RECEIPT,,,0,0,0,0,,,1,,,PREEXTRACTED_COMMAND_OUTPUT_PATH_LIST
coding-readiness/reports/runtime-startup-clock-entry-root-initial-repro-2026-09-14.md,REFERENCE_ONLY,REPORT_OR_RECEIPT,,,0,0,0,0,,,1,,,PREEXTRACTED_COMMAND_OUTPUT_PATH_LIST
coding-readiness/reports/runtime-startup-clock-entry-root-remediation-pass-2026-09-14.json,REFERENCE_ONLY,REPORT_OR_RECEIPT,,,0,0,0,0,,,1,,,PREEXTRACTED_COMMAND_OUTPUT_PATH_LIST
coding-readiness/reports/runtime-startup-clock-entry-root-remediation-pass-2026-09-14.md,REFERENCE_ONLY,REPORT_OR_RECEIPT,,,0,0,0,0,,,1,,,PREEXTRACTED_COMMAND_OUTPUT_PATH_LIST
coding-readiness/reports/runtime-startup-native-inspection-root-independent-replay-2026-09-14.json,REFERENCE_ONLY,REPORT_OR_RECEIPT,,,0,0,0,0,,,1,,,PREEXTRACTED_COMMAND_OUTPUT_PATH_LIST
coding-readiness/reports/runtime-startup-native-inspection-root-independent-replay-2026-09-14.md,REFERENCE_ONLY,REPORT_OR_RECEIPT,,,0,0,0,0,,,1,,,PREEXTRACTED_COMMAND_OUTPUT_PATH_LIST
coding-readiness/reports/tim-base-v2-root-independent-execution-2026-09-14.json,REFERENCE_ONLY,REPORT_OR_RECEIPT,,,0,0,0,0,,,1,,,PREEXTRACTED_COMMAND_OUTPUT_PATH_LIST
coding-readiness/reports/tim-cross-context-boundary-v3-author-candidate-2026-09-14.json,REFERENCE_ONLY,REPORT_OR_RECEIPT,,,0,0,0,0,,,1,,,PREEXTRACTED_COMMAND_OUTPUT_PATH_LIST
coding-readiness/reports/tim-cross-context-v3-initial-author-probe-2026-09-14.md,REFERENCE_ONLY,REPORT_OR_RECEIPT,,,0,0,0,0,,,1,,,PREEXTRACTED_COMMAND_OUTPUT_PATH_LIST
coding-readiness/semantic-remediation/__pycache__/validate_pay_v2_draft_native.cpython-312.pyc,REFERENCE_ONLY,CACHE_OR_OS_METADATA,,,0,0,0,0,,,1,,,PREEXTRACTED_COMMAND_OUTPUT_PATH_LIST
coding-readiness/semantic-remediation/__pycache__/validate_tim_base_review_remediation.cpython-312.pyc,REFERENCE_ONLY,CACHE_OR_OS_METADATA,,,0,0,0,0,,,1,,,PREEXTRACTED_COMMAND_OUTPUT_PATH_LIST
coding-readiness/semantic-remediation/module-start-stage-boundary-successor.v1.json,REFERENCE_ONLY,BLUEPRINT_ARTIFACT,,,0,0,0,0,,,1,,,PREEXTRACTED_COMMAND_OUTPUT_PATH_LIST
coding-readiness/semantic-remediation/remediation-integration-plan.md,REFERENCE_ONLY,BLUEPRINT_ARTIFACT,,,0,0,0,0,,,1,,,PREEXTRACTED_COMMAND_OUTPUT_PATH_LIST
coding-readiness/semantic-remediation/sys-listening-admission-exact.proposal.v1.json,REFERENCE_ONLY,BLUEPRINT_ARTIFACT,,,0,0,0,0,,,1,,,PREEXTRACTED_COMMAND_OUTPUT_PATH_LIST
coding-readiness/semantic-remediation/sys-tim-modern-redesign.md,REFERENCE_ONLY,BLUEPRINT_ARTIFACT,,,0,0,0,0,,,1,,,PREEXTRACTED_COMMAND_OUTPUT_PATH_LIST
coding-readiness/semantic-remediation/sys-tim-modern-remediation.v1.json,REFERENCE_ONLY,BLUEPRINT_ARTIFACT,,,0,0,0,0,,,1,,,PREEXTRACTED_COMMAND_OUTPUT_PATH_LIST
coding-readiness/semantic-remediation/sys-tim-synthetic-acceptance.v1.json,REFERENCE_ONLY,BLUEPRINT_ARTIFACT,,,0,0,0,0,,,1,,,PREEXTRACTED_COMMAND_OUTPUT_PATH_LIST
coding-readiness/semantic-remediation/test_pay_v2_draft_native_lock.py,REFERENCE_ONLY,BLUEPRINT_ARTIFACT,,,0,0,0,0,,,1,,,PREEXTRACTED_COMMAND_OUTPUT_PATH_LIST
coding-readiness/semantic-remediation/test_tim_cross_context_successor_v3.py,REFERENCE_ONLY,BLUEPRINT_ARTIFACT,,,0,0,0,0,,,1,,,PREEXTRACTED_COMMAND_OUTPUT_PATH_LIST
coding-readiness/semantic-remediation/tim-cross-context-boundary-successor.v3.md,REFERENCE_ONLY,BLUEPRINT_ARTIFACT,,,0,0,0,0,,,1,,,PREEXTRACTED_COMMAND_OUTPUT_PATH_LIST
coding-readiness/semantic-remediation/tim-wfm-exact.proposal.v1.json,REFERENCE_ONLY,BLUEPRINT_ARTIFACT,,,0,0,0,0,,,1,,,PREEXTRACTED_COMMAND_OUTPUT_PATH_LIST
coding-readiness/semantic-remediation/tim_cross_context_successor_v3.py,REFERENCE_ONLY,BLUEPRINT_ARTIFACT,,,0,0,0,0,,,1,,,PREEXTRACTED_COMMAND_OUTPUT_PATH_LIST
coding-readiness/semantic-remediation/validate_module_start_stage_boundary.py,REFERENCE_ONLY,BLUEPRINT_ARTIFACT,,,0,0,0,0,,,1,,,PREEXTRACTED_COMMAND_OUTPUT_PATH_LIST
coding-readiness/semantic-remediation/validate_pay_v2_draft_native.py,REFERENCE_ONLY,BLUEPRINT_ARTIFACT,,,0,0,0,0,,,1,,,PREEXTRACTED_COMMAND_OUTPUT_PATH_LIST
coding-readiness/semantic-remediation/validate_per_population_freeze_schema.cjs,REFERENCE_ONLY,BLUEPRINT_ARTIFACT,,,0,0,0,0,,,1,,,PREEXTRACTED_COMMAND_OUTPUT_PATH_LIST
coding-readiness/semantic-remediation/validate_sys_tim_fixture_expectations.py,REFERENCE_ONLY,BLUEPRINT_ARTIFACT,,,0,0,0,0,,,1,,,PREEXTRACTED_COMMAND_OUTPUT_PATH_LIST
coding-readiness/semantic-remediation/validate_tim_wfm_record_projection.cjs,REFERENCE_ONLY,BLUEPRINT_ARTIFACT,,,0,0,0,0,,,1,,,PREEXTRACTED_COMMAND_OUTPUT_PATH_LIST
coding-readiness/sys-listening-stream-authority-successor.v1.json,REFERENCE_ONLY,BLUEPRINT_ARTIFACT,,,0,0,0,0,,,1,,,PREEXTRACTED_COMMAND_OUTPUT_PATH_LIST
coding-readiness/validate_g3_slice_code_go.py,REFERENCE_ONLY,BLUEPRINT_ARTIFACT,,,77,0,77,77,,update,1,,,PREEXTRACTED_COMMAND_OUTPUT_PATH_LIST
coding-readiness/validate_g4_functional_gate.py,REFERENCE_ONLY,BLUEPRINT_ARTIFACT,,,14,0,14,14,,update,1,,,PREEXTRACTED_COMMAND_OUTPUT_PATH_LIST
five-session-source-coverage-register.csv,REFERENCE_ONLY,BLUEPRINT_ARTIFACT,,,0,0,0,0,,,1,,,PREEXTRACTED_COMMAND_OUTPUT_PATH_LIST
g0/.source-security-evidence-bmnrlnhj,REFERENCE_ONLY,BLUEPRINT_ARTIFACT,,,0,0,0,0,,,1,,,PREEXTRACTED_COMMAND_OUTPUT_PATH_LIST
g0/.source-security-evidence-w_2mvezb,REFERENCE_ONLY,BLUEPRINT_ARTIFACT,,,0,0,0,0,,,1,,,PREEXTRACTED_COMMAND_OUTPUT_PATH_LIST
g0/__pycache__/host_semaphore.cpython-312.pyc,REFERENCE_ONLY,CACHE_OR_OS_METADATA,,,0,0,0,0,,,1,,,PREEXTRACTED_COMMAND_OUTPUT_PATH_LIST
g0/__pycache__/prepare_g3_checkpoint.cpython-312.pyc,REFERENCE_ONLY,CACHE_OR_OS_METADATA,,,0,0,0,0,,,1,,,PREEXTRACTED_COMMAND_OUTPUT_PATH_LIST
g0/__pycache__/validate_blueprint_workspace_boundaries.cpython-312.pyc,REFERENCE_ONLY,CACHE_OR_OS_METADATA,,,0,0,0,0,,,1,,,PREEXTRACTED_COMMAND_OUTPUT_PATH_LIST
g0/__pycache__/validate_central_artifact_delivery.cpython-312.pyc,REFERENCE_ONLY,CACHE_OR_OS_METADATA,,,0,0,0,0,,,1,,,PREEXTRACTED_COMMAND_OUTPUT_PATH_LIST
g0/__pycache__/validate_code_checkpoint.cpython-312.pyc,REFERENCE_ONLY,CACHE_OR_OS_METADATA,,,0,0,0,0,,,1,,,PREEXTRACTED_COMMAND_OUTPUT_PATH_LIST
g0/blueprint-central-snapshot-manifest.v1.json,REFERENCE_ONLY,BLUEPRINT_ARTIFACT,,,0,0,0,0,,,1,,,PREEXTRACTED_COMMAND_OUTPUT_PATH_LIST
g0/control-evidence-intake/pre-g3-common-foundation-postgres-16.junit.xml,REFERENCE_ONLY,BLUEPRINT_ARTIFACT,,,0,0,0,0,,,1,,,PREEXTRACTED_COMMAND_OUTPUT_PATH_LIST
g0/control-evidence-intake/pre-g3-common-foundation-postgres-16.notification-observations.v1.json,REFERENCE_ONLY,BLUEPRINT_ARTIFACT,,,0,0,0,0,,,1,,,PREEXTRACTED_COMMAND_OUTPUT_PATH_LIST
g0/control-evidence-intake/pre-g3-common-foundation-postgres-16.notification.junit.xml,REFERENCE_ONLY,BLUEPRINT_ARTIFACT,,,0,0,0,0,,,1,,,PREEXTRACTED_COMMAND_OUTPUT_PATH_LIST
g0/control-evidence-intake/pre-g3-common-foundation-postgres-16.observations.v1.json,REFERENCE_ONLY,BLUEPRINT_ARTIFACT,,,0,0,0,0,,,1,,,PREEXTRACTED_COMMAND_OUTPUT_PATH_LIST
g0/control-evidence-intake/pre-g3-common-foundation-postgres-16.v1.json,REFERENCE_ONLY,BLUEPRINT_ARTIFACT,,,0,0,0,0,,,1,,,PREEXTRACTED_COMMAND_OUTPUT_PATH_LIST
g0/control-evidence-intake/pre-g3-common-foundation-postgres-18.junit.xml,REFERENCE_ONLY,BLUEPRINT_ARTIFACT,,,0,0,0,0,,,1,,,PREEXTRACTED_COMMAND_OUTPUT_PATH_LIST
g0/control-evidence-intake/pre-g3-common-foundation-postgres-18.notification-observations.v1.json,REFERENCE_ONLY,BLUEPRINT_ARTIFACT,,,0,0,0,0,,,1,,,PREEXTRACTED_COMMAND_OUTPUT_PATH_LIST
g0/control-evidence-intake/pre-g3-common-foundation-postgres-18.notification.junit.xml,REFERENCE_ONLY,BLUEPRINT_ARTIFACT,,,0,0,0,0,,,1,,,PREEXTRACTED_COMMAND_OUTPUT_PATH_LIST
g0/control-evidence-intake/pre-g3-common-foundation-postgres-18.observations.v1.json,REFERENCE_ONLY,BLUEPRINT_ARTIFACT,,,0,0,0,0,,,1,,,PREEXTRACTED_COMMAND_OUTPUT_PATH_LIST
g0/control-evidence-intake/pre-g3-common-foundation-postgres-18.v1.json,REFERENCE_ONLY,BLUEPRINT_ARTIFACT,,,0,0,0,0,,,1,,,PREEXTRACTED_COMMAND_OUTPUT_PATH_LIST
g0/control-evidence-quarantine/pg16-pre-final-runner-20260916T004234KST/pre-g3-common-foundation-postgres-16.junit.xml,REFERENCE_ONLY,BLUEPRINT_ARTIFACT,,,0,0,0,0,,,1,,,PREEXTRACTED_COMMAND_OUTPUT_PATH_LIST
g0/control-evidence-quarantine/pg16-pre-final-runner-20260916T004234KST/pre-g3-common-foundation-postgres-16.notification-observations.v1.json,REFERENCE_ONLY,BLUEPRINT_ARTIFACT,,,0,0,0,0,,,1,,,PREEXTRACTED_COMMAND_OUTPUT_PATH_LIST
g0/control-evidence-quarantine/pg16-pre-final-runner-20260916T004234KST/pre-g3-common-foundation-postgres-16.notification.junit.xml,REFERENCE_ONLY,BLUEPRINT_ARTIFACT,,,0,0,0,0,,,1,,,PREEXTRACTED_COMMAND_OUTPUT_PATH_LIST
g0/control-evidence-quarantine/pg16-pre-final-runner-20260916T004234KST/pre-g3-common-foundation-postgres-16.observations.v1.json,REFERENCE_ONLY,BLUEPRINT_ARTIFACT,,,0,0,0,0,,,1,,,PREEXTRACTED_COMMAND_OUTPUT_PATH_LIST
g0/control-evidence-quarantine/pg16-pre-final-runner-20260916T004234KST/pre-g3-common-foundation-postgres-16.v1.json,REFERENCE_ONLY,BLUEPRINT_ARTIFACT,,,0,0,0,0,,,1,,,PREEXTRACTED_COMMAND_OUTPUT_PATH_LIST
g0/g3-gate-transition-register.csv,REFERENCE_ONLY,BLUEPRINT_ARTIFACT,,,0,0,0,0,,,1,,,PREEXTRACTED_COMMAND_OUTPUT_PATH_LIST
g0/g4-functional-gate-register.csv,REFERENCE_ONLY,BLUEPRINT_ARTIFACT,,,0,0,0,0,,,1,,,PREEXTRACTED_COMMAND_OUTPUT_PATH_LIST
g0/pre-g3-common-foundation-migration-allocation.v1.json,REFERENCE_ONLY,BLUEPRINT_ARTIFACT,,,0,0,0,0,,,1,,,PREEXTRACTED_COMMAND_OUTPUT_PATH_LIST
g0/pre-g3-common-foundation-migration-technical-review.v1.json,REFERENCE_ONLY,BLUEPRINT_ARTIFACT,,,0,0,0,0,,,1,,,PREEXTRACTED_COMMAND_OUTPUT_PATH_LIST
g0/source-security-evidence/EVIDENCE_DIGEST.sha256,REFERENCE_ONLY,BLUEPRINT_ARTIFACT,,,0,0,0,0,,,1,,,PREEXTRACTED_COMMAND_OUTPUT_PATH_LIST
g0/source-security-evidence/coverage-sanitized-access-register.csv,REFERENCE_ONLY,BLUEPRINT_ARTIFACT,,,0,0,0,0,,,1,,,PREEXTRACTED_COMMAND_OUTPUT_PATH_LIST
g0/source-security-evidence/current-findings.csv,REFERENCE_ONLY,BLUEPRINT_ARTIFACT,,,0,0,0,0,,,1,,,PREEXTRACTED_COMMAND_OUTPUT_PATH_LIST
g0/source-security-evidence/dependency-inventory.csv,REFERENCE_ONLY,BLUEPRINT_ARTIFACT,,,0,0,0,0,,,1,,,PREEXTRACTED_COMMAND_OUTPUT_PATH_LIST
g0/source-security-evidence/evidence-file-digests.csv,REFERENCE_ONLY,BLUEPRINT_ARTIFACT,,,0,0,0,0,,,1,,,PREEXTRACTED_COMMAND_OUTPUT_PATH_LIST
g0/source-security-evidence/history-pattern-changes.csv,REFERENCE_ONLY,BLUEPRINT_ARTIFACT,,,0,0,0,0,,,1,,,PREEXTRACTED_COMMAND_OUTPUT_PATH_LIST
g0/source-security-evidence/history-scan-summary.csv,REFERENCE_ONLY,BLUEPRINT_ARTIFACT,,,0,0,0,0,,,1,,,PREEXTRACTED_COMMAND_OUTPUT_PATH_LIST
g0/source-security-evidence/license-notice-inventory.csv,REFERENCE_ONLY,BLUEPRINT_ARTIFACT,,,0,0,0,0,,,1,,,PREEXTRACTED_COMMAND_OUTPUT_PATH_LIST
g0/source-security-evidence/manifest-inventory.csv,REFERENCE_ONLY,BLUEPRINT_ARTIFACT,,,0,0,0,0,,,1,,,PREEXTRACTED_COMMAND_OUTPUT_PATH_LIST
g0/source-security-evidence/reference-only-sbom.cdx.json,REFERENCE_ONLY,BLUEPRINT_ARTIFACT,,,0,0,0,0,,,1,,,PREEXTRACTED_COMMAND_OUTPUT_PATH_LIST
g0/source-security-evidence/sanitized-view-register.csv,REFERENCE_ONLY,BLUEPRINT_ARTIFACT,,,0,0,0,0,,,1,,,PREEXTRACTED_COMMAND_OUTPUT_PATH_LIST
g0/source-security-evidence/scan-metadata.json,REFERENCE_ONLY,BLUEPRINT_ARTIFACT,,,0,0,0,0,,,1,,,PREEXTRACTED_COMMAND_OUTPUT_PATH_LIST
g0/source-security-evidence/scan-rule-register.csv,REFERENCE_ONLY,BLUEPRINT_ARTIFACT,,,0,0,0,0,,,1,,,PREEXTRACTED_COMMAND_OUTPUT_PATH_LIST
g0/source-security-evidence/sensitive-path-denylist.csv,REFERENCE_ONLY,BLUEPRINT_ARTIFACT,,,0,0,0,0,,,1,,,PREEXTRACTED_COMMAND_OUTPUT_PATH_LIST
g0/source-security-evidence/source-tree-register.csv,REFERENCE_ONLY,BLUEPRINT_ARTIFACT,,,0,0,0,0,,,1,,,PREEXTRACTED_COMMAND_OUTPUT_PATH_LIST
g0/source-security-evidence/vendored-binary-inventory.csv,REFERENCE_ONLY,BLUEPRINT_ARTIFACT,,,0,0,0,0,,,1,,,PREEXTRACTED_COMMAND_OUTPUT_PATH_LIST
g0/target-command-evidence-backend.json,REFERENCE_ONLY,BLUEPRINT_ARTIFACT,,,0,0,0,0,,,1,,,PREEXTRACTED_COMMAND_OUTPUT_PATH_LIST
g0/validate_code_checkpoint.py,REFERENCE_ONLY,BLUEPRINT_ARTIFACT,,,266,0,266,266,,update,1,,,PREEXTRACTED_COMMAND_OUTPUT_PATH_LIST
readiness-tools/__pycache__/trace_semantics.cpython-312.pyc,REFERENCE_ONLY,CACHE_OR_OS_METADATA,,,0,0,0,0,,,1,,,PREEXTRACTED_COMMAND_OUTPUT_PATH_LIST
readiness-tools/generate_sys_g1.py,REFERENCE_ONLY,BLUEPRINT_ARTIFACT,,,2,0,2,2,,update,1,,,PREEXTRACTED_COMMAND_OUTPUT_PATH_LIST
readiness-tools/merge_module_coverage.py,REFERENCE_ONLY,BLUEPRINT_ARTIFACT,,,0,0,0,0,,,1,,,PREEXTRACTED_COMMAND_OUTPUT_PATH_LIST
session-evidence/hrm/g1-child-trace.csv,REFERENCE_ONLY,BLUEPRINT_ARTIFACT,,,0,0,0,0,,,1,,,PREEXTRACTED_COMMAND_OUTPUT_PATH_LIST
session-evidence/hrm/g4/.shard-contract.json,REFERENCE_ONLY,BLUEPRINT_ARTIFACT,,,0,0,0,0,,,1,,,PREEXTRACTED_COMMAND_OUTPUT_PATH_LIST
session-evidence/hrm/g4/.shard-manifest.json,REFERENCE_ONLY,BLUEPRINT_ARTIFACT,,,0,0,0,0,,,1,,,PREEXTRACTED_COMMAND_OUTPUT_PATH_LIST
session-evidence/pay/g1-child-trace.csv,REFERENCE_ONLY,BLUEPRINT_ARTIFACT,,,0,0,0,0,,,1,,,PREEXTRACTED_COMMAND_OUTPUT_PATH_LIST
session-evidence/pay/g4/.shard-contract.json,REFERENCE_ONLY,BLUEPRINT_ARTIFACT,,,0,0,0,0,,,1,,,PREEXTRACTED_COMMAND_OUTPUT_PATH_LIST
session-evidence/pay/g4/.shard-manifest.json,REFERENCE_ONLY,BLUEPRINT_ARTIFACT,,,0,0,0,0,,,1,,,PREEXTRACTED_COMMAND_OUTPUT_PATH_LIST
session-evidence/per/g1-child-trace.csv,REFERENCE_ONLY,BLUEPRINT_ARTIFACT,,,0,0,0,0,,,1,,,PREEXTRACTED_COMMAND_OUTPUT_PATH_LIST
session-evidence/per/g4/.shard-contract.json,REFERENCE_ONLY,BLUEPRINT_ARTIFACT,,,0,0,0,0,,,1,,,PREEXTRACTED_COMMAND_OUTPUT_PATH_LIST
session-evidence/per/g4/.shard-manifest.json,REFERENCE_ONLY,BLUEPRINT_ARTIFACT,,,0,0,0,0,,,1,,,PREEXTRACTED_COMMAND_OUTPUT_PATH_LIST
session-evidence/sys/__pycache__/validate_sys_service_local_migrations.cpython-312.pyc,REFERENCE_ONLY,CACHE_OR_OS_METADATA,,,0,0,0,0,,,1,,,PREEXTRACTED_COMMAND_OUTPUT_PATH_LIST
session-evidence/sys/g1-child-trace.csv,REFERENCE_ONLY,BLUEPRINT_ARTIFACT,,,0,0,0,0,,,1,,,PREEXTRACTED_COMMAND_OUTPUT_PATH_LIST
session-evidence/sys/g2-physical-schema.sql,REFERENCE_ONLY,BLUEPRINT_ARTIFACT,,,20,0,20,20,,update,1,,,PREEXTRACTED_COMMAND_OUTPUT_PATH_LIST
session-evidence/sys/g4/.shard-contract.json,REFERENCE_ONLY,BLUEPRINT_ARTIFACT,,,0,0,0,0,,,1,,,PREEXTRACTED_COMMAND_OUTPUT_PATH_LIST
session-evidence/sys/g4/.shard-manifest.json,REFERENCE_ONLY,BLUEPRINT_ARTIFACT,,,0,0,0,0,,,1,,,PREEXTRACTED_COMMAND_OUTPUT_PATH_LIST
session-evidence/tim/g1-child-trace.csv,REFERENCE_ONLY,BLUEPRINT_ARTIFACT,,,0,0,0,0,,,1,,,PREEXTRACTED_COMMAND_OUTPUT_PATH_LIST
session-evidence/tim/g4/.shard-contract.json,REFERENCE_ONLY,BLUEPRINT_ARTIFACT,,,0,0,0,0,,,1,,,PREEXTRACTED_COMMAND_OUTPUT_PATH_LIST
session-evidence/tim/g4/.shard-manifest.json,REFERENCE_ONLY,BLUEPRINT_ARTIFACT,,,0,0,0,0,,,1,,,PREEXTRACTED_COMMAND_OUTPUT_PATH_LIST
session-registers/hris-hrm-source-coverage.csv,REFERENCE_ONLY,BLUEPRINT_ARTIFACT,,,0,0,0,0,,,1,,,PREEXTRACTED_COMMAND_OUTPUT_PATH_LIST
session-registers/hris-pay-source-coverage.csv,REFERENCE_ONLY,BLUEPRINT_ARTIFACT,,,0,0,0,0,,,1,,,PREEXTRACTED_COMMAND_OUTPUT_PATH_LIST
session-registers/hris-per-source-coverage.csv,REFERENCE_ONLY,BLUEPRINT_ARTIFACT,,,0,0,0,0,,,1,,,PREEXTRACTED_COMMAND_OUTPUT_PATH_LIST
session-registers/hris-tim-source-coverage.csv,REFERENCE_ONLY,BLUEPRINT_ARTIFACT,,,0,0,0,0,,,1,,,PREEXTRACTED_COMMAND_OUTPUT_PATH_LIST
skkf-backend-controller-inventory.csv,REFERENCE_ONLY,BLUEPRINT_ARTIFACT,,,0,0,0,0,,,1,,,PREEXTRACTED_COMMAND_OUTPUT_PATH_LIST
skkf-entity-table-inventory.csv,REFERENCE_ONLY,BLUEPRINT_ARTIFACT,,,0,0,0,0,,,1,,,PREEXTRACTED_COMMAND_OUTPUT_PATH_LIST
skkf-route-inventory.csv,REFERENCE_ONLY,BLUEPRINT_ARTIFACT,,,0,0,0,0,,,1,,,PREEXTRACTED_COMMAND_OUTPUT_PATH_LIST
trace-semantic-risk-review-register.csv,REFERENCE_ONLY,BLUEPRINT_ARTIFACT,,,0,0,0,0,,,1,,,PREEXTRACTED_COMMAND_OUTPUT_PATH_LIST
