path,reference_count,first_reference_ms,last_reference_ms,last_reference_item_id
coding-readiness,1,,,PREEXTRACTED_COMMAND_OUTPUT_PATH_LIST
coding-readiness/__pycache__,1,,,PREEXTRACTED_COMMAND_OUTPUT_PATH_LIST
coding-readiness/modern-canonical-candidate.2eZCXW,1,,,PREEXTRACTED_COMMAND_OUTPUT_PATH_LIST
coding-readiness/modern-canonical-candidate.A7K8Kj,1,,,PREEXTRACTED_COMMAND_OUTPUT_PATH_LIST
coding-readiness/modern-canonical-candidate.Qs4ngh,1,,,PREEXTRACTED_COMMAND_OUTPUT_PATH_LIST
coding-readiness/modern-canonical-candidate.ZorhI5,1,,,PREEXTRACTED_COMMAND_OUTPUT_PATH_LIST
coding-readiness/modern-canonical-candidate.q0mnJg,1,,,PREEXTRACTED_COMMAND_OUTPUT_PATH_LIST
coding-readiness/modern-canonical-candidate.uaHfXj,1,,,PREEXTRACTED_COMMAND_OUTPUT_PATH_LIST
coding-readiness/modern-canonical-candidate.v5p1363-final,1,,,PREEXTRACTED_COMMAND_OUTPUT_PATH_LIST
coding-readiness/modern-canonical-candidate.v5sigfix,1,,,PREEXTRACTED_COMMAND_OUTPUT_PATH_LIST
coding-readiness/modern-physical-candidate-tools,1,,,PREEXTRACTED_COMMAND_OUTPUT_PATH_LIST
coding-readiness/modern-physical-candidate.A7K8Kj,1,,,PREEXTRACTED_COMMAND_OUTPUT_PATH_LIST
coding-readiness/modern-physical-candidate.v5p1363-final,1,,,PREEXTRACTED_COMMAND_OUTPUT_PATH_LIST
coding-readiness/modern-physical-candidate.v5sigfix,1,,,PREEXTRACTED_COMMAND_OUTPUT_PATH_LIST
coding-readiness/modern-physical-successor,1,,,PREEXTRACTED_COMMAND_OUTPUT_PATH_LIST
coding-readiness/reports,1,,,PREEXTRACTED_COMMAND_OUTPUT_PATH_LIST
coding-readiness/reports/hris-payroll-browser-20260914-BBW4qQ,1,,,PREEXTRACTED_COMMAND_OUTPUT_PATH_LIST
coding-readiness/reports/hris-payroll-browser-20260914-BBW4qQ/test-results/hris-payroll-layer-prepara-dbbd2-ort-and-preference-variants-pay-1440-en-light,1,,,PREEXTRACTED_COMMAND_OUTPUT_PATH_LIST
coding-readiness/reports/hris-payroll-browser-20260914-wMumGu,1,,,PREEXTRACTED_COMMAND_OUTPUT_PATH_LIST
coding-readiness/reports/hris-payroll-browser-20260914-wMumGu/test-results/hris-payroll-layer-prepara-c2f70-ng-empty-or-successful-data-pay-1280-en-text200,1,,,PREEXTRACTED_COMMAND_OUTPUT_PATH_LIST
coding-readiness/reports/hris-payroll-browser-20260914-wMumGu/test-results/hris-payroll-layer-prepara-c2f70-ng-empty-or-successful-data-pay-1280-ko-dark,1,,,PREEXTRACTED_COMMAND_OUTPUT_PATH_LIST
coding-readiness/reports/hris-payroll-browser-20260914-wMumGu/test-results/hris-payroll-layer-prepara-c2f70-ng-empty-or-successful-data-pay-1280-ko-highcontrast,1,,,PREEXTRACTED_COMMAND_OUTPUT_PATH_LIST
coding-readiness/reports/hris-payroll-browser-20260914-wMumGu/test-results/hris-payroll-layer-prepara-c2f70-ng-empty-or-successful-data-pay-1440-en-light,1,,,PREEXTRACTED_COMMAND_OUTPUT_PATH_LIST
coding-readiness/reports/hris-payroll-browser-20260914-wMumGu/test-results/hris-payroll-layer-prepara-c2f70-ng-empty-or-successful-data-pay-320-ko-light,1,,,PREEXTRACTED_COMMAND_OUTPUT_PATH_LIST
coding-readiness/reports/hris-payroll-browser-20260914-wMumGu/test-results/hris-payroll-layer-prepara-c2f70-ng-empty-or-successful-data-pay-390-en-dark,1,,,PREEXTRACTED_COMMAND_OUTPUT_PATH_LIST
coding-readiness/reports/hris-payroll-browser-20260914-wMumGu/test-results/hris-payroll-layer-prepara-dbbd2-ort-and-preference-variants-pay-1280-en-text200,1,,,PREEXTRACTED_COMMAND_OUTPUT_PATH_LIST
coding-readiness/reports/hris-payroll-browser-20260914-wMumGu/test-results/hris-payroll-layer-prepara-dbbd2-ort-and-preference-variants-pay-1280-ko-dark,1,,,PREEXTRACTED_COMMAND_OUTPUT_PATH_LIST
coding-readiness/reports/hris-payroll-browser-20260914-wMumGu/test-results/hris-payroll-layer-prepara-dbbd2-ort-and-preference-variants-pay-1280-ko-highcontrast,1,,,PREEXTRACTED_COMMAND_OUTPUT_PATH_LIST
coding-readiness/reports/hris-payroll-browser-20260914-wMumGu/test-results/hris-payroll-layer-prepara-dbbd2-ort-and-preference-variants-pay-1440-en-light,1,,,PREEXTRACTED_COMMAND_OUTPUT_PATH_LIST
coding-readiness/reports/hris-payroll-browser-20260914-wMumGu/test-results/hris-payroll-layer-prepara-dbbd2-ort-and-preference-variants-pay-320-ko-light,1,,,PREEXTRACTED_COMMAND_OUTPUT_PATH_LIST
coding-readiness/reports/hris-payroll-browser-20260914-wMumGu/test-results/hris-payroll-layer-prepara-dbbd2-ort-and-preference-variants-pay-390-en-dark,1,,,PREEXTRACTED_COMMAND_OUTPUT_PATH_LIST
coding-readiness/semantic-remediation/__pycache__,1,,,PREEXTRACTED_COMMAND_OUTPUT_PATH_LIST
g0,1,,,PREEXTRACTED_COMMAND_OUTPUT_PATH_LIST
g0/source-security-evidence,1,,,PREEXTRACTED_COMMAND_OUTPUT_PATH_LIST
readiness-tools,1,,,PREEXTRACTED_COMMAND_OUTPUT_PATH_LIST
session-evidence,1,,,PREEXTRACTED_COMMAND_OUTPUT_PATH_LIST
session-evidence/hrm,1,,,PREEXTRACTED_COMMAND_OUTPUT_PATH_LIST
session-evidence/hrm/g2-readiness,1,,,PREEXTRACTED_COMMAND_OUTPUT_PATH_LIST
session-evidence/hrm/g3/module-evidence,1,,,PREEXTRACTED_COMMAND_OUTPUT_PATH_LIST
session-evidence/pay,1,,,PREEXTRACTED_COMMAND_OUTPUT_PATH_LIST
session-evidence/pay/g3,1,,,PREEXTRACTED_COMMAND_OUTPUT_PATH_LIST
session-evidence/pay/g3/module-evidence,1,,,PREEXTRACTED_COMMAND_OUTPUT_PATH_LIST
session-evidence/pay/g4,1,,,PREEXTRACTED_COMMAND_OUTPUT_PATH_LIST
session-evidence/per,1,,,PREEXTRACTED_COMMAND_OUTPUT_PATH_LIST
session-evidence/per/g2-readiness,1,,,PREEXTRACTED_COMMAND_OUTPUT_PATH_LIST
session-evidence/per/g3/module-evidence,1,,,PREEXTRACTED_COMMAND_OUTPUT_PATH_LIST
session-evidence/sys,1,,,PREEXTRACTED_COMMAND_OUTPUT_PATH_LIST
session-evidence/sys/g3/module-evidence,1,,,PREEXTRACTED_COMMAND_OUTPUT_PATH_LIST
session-evidence/tim,1,,,PREEXTRACTED_COMMAND_OUTPUT_PATH_LIST
session-evidence/tim/g3/module-evidence,1,,,PREEXTRACTED_COMMAND_OUTPUT_PATH_LIST
session-prompts,1,,,PREEXTRACTED_COMMAND_OUTPUT_PATH_LIST
session-registers,1,,,PREEXTRACTED_COMMAND_OUTPUT_PATH_LIST
