resolution_id,module,source_family_sha256,source_capability_ids,source_row_count,resolution_refs,primary_resolution_refs,related_resolution_refs,resolution_state,consolidation_rationale,source_register,current_slice_id,current_owner_session,current_implementation_state,source_origin_commit,integration_result_commit,current_source_blob_refs,contract_successor_refs,remaining_blocker,production_state
TFR-HRM-001,HRM,32a61311affd13c7dcde712fd1bf793c77a5ee3c2b35dd0619476f35854c285d,settings-workflow,34,PLAT-003,,PLAT-003,RESOLVED_G2_CONTRACT,Source-shaped workflow screens consolidate into the shared versioned Approval policy and decision contract with owner-side state guards.,../session-registers/hris-hrm-source-coverage.csv,BASE-TFR-HRM-001,HRIS-HRM,NOT_STARTED_EXACT_FAMILY,NONE,NONE,NONE,hrm-api-event-contract-successor.v1.json#/historicalOperationDispositions,EXACT_IMPLEMENTATION_AND_G3_CANONICAL_CONTRACTS_REQUIRED,NOT_AUTHORIZED_G6
TFR-HRM-002,HRM,ccb4d0f8c3ae4e7af17aaf892453d05ee089df060d3e204ed89f3430c36bfeb6,dwp-experience,10,PEP-HRM-014|SYS-API-026|SYS-API-027|PLAT-003|PLAT-004|SYS-API-033,PEP-HRM-014,PLAT-003|PLAT-004|SYS-API-026|SYS-API-027|SYS-API-033,RESOLVED_G2_CONTRACT,Shell tasks notifications and object references resolve through the composed home explorer approval notification and controlled-transfer contracts.,../session-registers/hris-hrm-source-coverage.csv,BASE-TFR-HRM-002,HRIS-HRM,NOT_STARTED_EXACT_FAMILY,NONE,NONE,NONE,hrm-api-event-contract-successor.v1.json#/historicalOperationDispositions,SHARED_PLATFORM_BINDINGS_AND_G3_CANONICAL_CONTRACTS_REQUIRED,NOT_AUTHORIZED_G6
TFR-HRM-003,HRM,21b12d43ec49c0e7658f25477d258b4d76a910e770c8cca93bcd616cc27b1e51,hr-operations-home,19,PEP-HRM-016|SVC-PEP-HRM-006|XCON-013|EVT-HRM:HrisHomeContributionChanged.v1,EVT-HRM:HrisHomeContributionChanged.v1|PEP-HRM-016|SVC-PEP-HRM-006|XCON-013,,RESOLVED_G2_CONTRACT,Workforce home data is a scoped owner projection plus signed materialization ref and change event rather than a route catalog.,../session-registers/hris-hrm-source-coverage.csv,BASE-TFR-HRM-003,HRIS-HRM,NOT_STARTED_EXACT_FAMILY,NONE,NONE,NONE,hrm-api-event-contract-successor.v1.json#/historicalOperationDispositions/getWorkforceHomeWidgets,OWNER_PROJECTION_EVENT_AND_G3_CANONICAL_CONTRACTS_REQUIRED,NOT_AUTHORIZED_G6
TFR-HRM-004,HRM,fe867c1109d54c6e02d1486c5bd2f4aa83282695391dacef7bf410684d514a96,hr-people,133,PEP-HRM-001|PEP-HRM-002|SVC-PEP-HRM-002|EVT-HRM:PersonChanged.v1,EVT-HRM:PersonChanged.v1|PEP-HRM-001|PEP-HRM-002|SVC-PEP-HRM-002,,RESOLVED_G2_CONTRACT,Repeated person pages consolidate into scoped search and as-of People 360 with a minimized invalidation event.,../session-registers/hris-hrm-source-coverage.csv,BASE-TFR-HRM-004,HRIS-HRM,INTEGRATED_CODE_PRESENT_DEFAULT_OFF,0731f6df2d55cdeb4784a09ae6e28d4ae4b0c294,ea630a5f2dec9b1f044f11dd5eb66ffb6f87941a,dwp-people-server/src/main/java/com/dwp/services/people/workforce/People360Service.java@447bc97561032e3ec8c9d749abceb65d1cdebb11|dwp-people-server/src/main/java/com/dwp/services/people/workforce/WorkforcePeopleController.java@bcccb098693d8d54169b8c4c15dbbb97e4bb3dc3|dwp-people-server/src/main/java/com/dwp/services/people/hr/HrController.java@8f5b02334c2d141cfbc291261fdb6e6834f15037|dwp-people-server/src/main/java/com/dwp/services/people/hris/people/HrisWorkforceSnapshotProvider.java@cddc74cc2b8a5c35f8119f903579f9d42071a66b,hrm-api-event-contract-successor.v1.json#/httpOperations/searchPeople360|hrm-api-event-contract-successor.v1.json#/inProcessContracts/WorkforceSnapshotQueryPort.v1,PERSON_CHANGED_PRODUCER_AND_G3_CANONICAL_CONTRACTS_REQUIRED,NOT_AUTHORIZED_G6
TFR-HRM-005,HRM,aff33d64feb7769426e17e372962e09ff34f27f37b021a5daa22079a7f2a70b2,hr-organization-positions,43,PEP-HRM-006|PEP-HRM-007|PEP-HRM-008|PEP-HRM-009|PEP-HRM-010|XCON-006|EVT-HRM:OrganizationChanged.v1,EVT-HRM:OrganizationChanged.v1|PEP-HRM-010|XCON-006,PEP-HRM-006|PEP-HRM-007|PEP-HRM-008|PEP-HRM-009,RESOLVED_G2_CONTRACT,Organization graph query and effective-dated assignment-event workflow replace direct organization mutation screens.,../session-registers/hris-hrm-source-coverage.csv,BASE-TFR-HRM-005,HRIS-HRM,NOT_STARTED_EXACT_FAMILY,NONE,NONE,NONE,hrm-api-event-contract-successor.v1.json#/historicalOperationDispositions/queryOrganizationGraph,ORGANIZATION_GRAPH_EVENT_AND_G3_CANONICAL_CONTRACTS_REQUIRED,NOT_AUTHORIZED_G6
TFR-HRM-006,HRM,c627c09c14e58e44bc51622dac392958ec88244e414b508020634f53cfcd1e69,OUT_OF_SCOPE.BENSK|OUT_OF_SCOPE.TECHNICAL_DUPLICATE,23,DECISION:HRM-DEC-008|DECISION:HRM-DEC-009,,DECISION:HRM-DEC-008|DECISION:HRM-DEC-009,RETIRED_DECIDED,Governed excluded customer code and technical duplicates have no target endpoint and remain closed by explicit decisions.,../session-registers/hris-hrm-source-coverage.csv,BASE-TFR-HRM-006,HRIS-HRM,RETIRED,NONE,NONE,NONE,NONE,NONE,NOT_AUTHORIZED_G6
TFR-HRM-007,HRM,9d2373936772c7f15ba4fde19d4d480235e7bcc1e18db24adf312cb6f6ee2066,hr-appointments,31,PEP-HRM-006|PEP-HRM-007|PEP-HRM-008|PEP-HRM-009|EVT-HRM:AssignmentChanged.v1,,EVT-HRM:AssignmentChanged.v1|PEP-HRM-006|PEP-HRM-007|PEP-HRM-008|PEP-HRM-009,RESOLVED_G2_CONTRACT,Appointment variants consolidate into one validated submitted and published effective-dated assignment event lifecycle.,../session-registers/hris-hrm-source-coverage.csv,BASE-TFR-HRM-007,HRIS-HRM,NOT_STARTED_EXACT_FAMILY,NONE,NONE,NONE,hrm-api-event-contract-successor.v1.json#/historicalOperationDispositions/createAssignmentEvent,ASSIGNMENT_LEDGER_PUBLICATION_AND_G3_CANONICAL_CONTRACTS_REQUIRED,NOT_AUTHORIZED_G6
TFR-HRM-008,HRM,83ca1a8dd958a525eb9f19432a728c8355a64d45106373b96544eeda8dc4489f,hr-employment-assignments,18,PEP-HRM-006|PEP-HRM-007|PEP-HRM-008|PEP-HRM-009|SVC-PEP-HRM-004|XCON-001|XCON-003|XCON-004|XCON-005|XCON-016|EVT-HRM:AssignmentChanged.v1|EVT-HRM:WorkerHired.v1|EVT-HRM:WorkerChanged.v1|EVT-HRM:EmploymentChanged.v1|EVT-HRM:WorkplaceChanged.v1,EVT-HRM:AssignmentChanged.v1|EVT-HRM:EmploymentChanged.v1|EVT-HRM:WorkerChanged.v1|EVT-HRM:WorkerHired.v1|EVT-HRM:WorkplaceChanged.v1|PEP-HRM-006|PEP-HRM-007|PEP-HRM-008|PEP-HRM-009|SVC-PEP-HRM-004|XCON-001|XCON-003|XCON-004|XCON-005|XCON-016,,RESOLVED_G2_CONTRACT,Employment assignment mutations consolidate into the same effective-dated assignment event command and publication lifecycle.,../session-registers/hris-hrm-source-coverage.csv,BASE-TFR-HRM-008,HRIS-HRM,INTEGRATED_PARTIAL_OVERLAP_PROPOSAL_ONLY,5612cc1a0b4a21a4d0b9107739579f23d165790f,ea630a5f2dec9b1f044f11dd5eb66ffb6f87941a,dwp-people-server/src/main/java/com/dwp/services/people/hr/assignment/AssignmentProposalService.java@9f9578e40fa5e7b7e0ea2d51fe310a9f9adc6b3b|dwp-people-server/src/main/java/com/dwp/services/people/hr/assignment/AssignmentProposalRepository.java@3e4289d655a1213aa4fa7d743b82448545571f2c|dwp-people-server/src/main/java/com/dwp/services/people/hr/assignment/AssignmentProposalController.java@94600ae0e8423dc71d26a689acd6acb33e764235|dwp-people-server/src/main/resources/db/migration/V53__create_assignment_change_proposals.sql@abbc787c8aa32dfb907a73f606da6b1fe5d180c2,hrm-api-event-contract-successor.v1.json#/assignmentProposalBoundary,ASSIGNMENT_LEDGER_PUBLICATION_ASSIGNMENT_CHANGED_V1_AND_G3_CANONICAL_CONTRACTS_REQUIRED,NOT_AUTHORIZED_G6
TFR-HRM-009,HRM,23593695008480f8100a3040dd21cc7011c3078b113902dc6b9e2e357084352a,hr-certificates-documents,21,PEP-HRM-012|EVT-HRM:CertificateIssued.v1,EVT-HRM:CertificateIssued.v1|PEP-HRM-012,,RESOLVED_G2_CONTRACT,Certificate variants consolidate into one governed request with object reference and a data-minimized issuance event.,../session-registers/hris-hrm-source-coverage.csv,BASE-TFR-HRM-009,HRIS-HRM,NOT_STARTED_EXACT_FAMILY,NONE,NONE,NONE,hrm-api-event-contract-successor.v1.json#/historicalOperationDispositions/requestCertificate,CERTIFICATE_COMMAND_EVENT_AND_G3_CANONICAL_CONTRACTS_REQUIRED,NOT_AUTHORIZED_G6
TFR-HRM-010,HRM,3800c0ebee1b35406e2f3c4fdbaf678b0b50a159ff8821543776728d8b26c5b1,hr-employee-change-requests,73,PEP-HRM-003|PEP-HRM-004|PEP-HRM-005|SVC-PEP-HRM-001|EVT-HRM:EmployeeChangeApplied.v1,EVT-HRM:EmployeeChangeApplied.v1|PEP-HRM-003|PEP-HRM-004|PEP-HRM-005|SVC-PEP-HRM-001,,RESOLVED_G2_CONTRACT,Employee changes use create submit approval callback and guarded apply with immutable receipts instead of direct table mutation.,../session-registers/hris-hrm-source-coverage.csv,BASE-TFR-HRM-010,HRIS-HRM,NOT_STARTED_EXACT_FAMILY,NONE,NONE,NONE,hrm-api-event-contract-successor.v1.json#/historicalOperationDispositions/createEmployeeChangeRequest,EMPLOYEE_CHANGE_LIFECYCLE_AND_G3_CANONICAL_CONTRACTS_REQUIRED,NOT_AUTHORIZED_G6
TFR-HRM-011,HRM,48c146cb90d7b21db80b1a0e24ab032d7ed50904b722bd01ac424b553c033c97,hr-contracts-compensation-basis,30,PEP-HRM-011|SVC-PEP-HRM-003|SVC-PEP-HRM-005|XCON-002|XCON-007|XCON-017|XCON-018|XCON-019|EVT-HRM:EmploymentContractIssued.v1|EVT-HRM:CompensationBasisChanged.v1|EVT-HRM:WorkerDependentEligibilityChanged.v1|EVT-HRM:WorkerTaxIdentityChanged.v1|EVT-HRM:WorkerBankAccountTokenChanged.v1,EVT-HRM:CompensationBasisChanged.v1|EVT-HRM:EmploymentContractIssued.v1|EVT-HRM:WorkerBankAccountTokenChanged.v1|EVT-HRM:WorkerDependentEligibilityChanged.v1|EVT-HRM:WorkerTaxIdentityChanged.v1|PEP-HRM-011|SVC-PEP-HRM-003|SVC-PEP-HRM-005|XCON-002|XCON-007|XCON-017|XCON-018|XCON-019,,RESOLVED_G2_CONTRACT,Contract issuance and compensation basis use owner commands plus field-projected snapshots and minimized change events.,../session-registers/hris-hrm-source-coverage.csv,BASE-TFR-HRM-011,HRIS-HRM,NOT_STARTED_EXACT_FAMILY,NONE,NONE,NONE,hrm-api-event-contract-successor.v1.json#/historicalOperationDispositions/issueEmploymentContract,CONTRACT_COMPENSATION_EVENTS_AND_G3_CANONICAL_CONTRACTS_REQUIRED,NOT_AUTHORIZED_G6
TFR-HRM-012,HRM,045228002731f170aa64cc37b82e02ff85a49873efaed9998486dcfbe8e99739,hr-data-quality,49,PEP-HRM-015|EVT-HRM:WorkforceIngestionReconciled.v1,EVT-HRM:WorkforceIngestionReconciled.v1|PEP-HRM-015,,RESOLVED_G2_CONTRACT,Data-quality screens consolidate into governed workforce ingestion with reconciliation counts digest and quarantine outcome.,../session-registers/hris-hrm-source-coverage.csv,BASE-TFR-HRM-012,HRIS-HRM,NOT_STARTED_EXACT_FAMILY,NONE,NONE,NONE,hrm-api-event-contract-successor.v1.json#/historicalOperationDispositions/initiateWorkforceIngestion,WORKFORCE_INGESTION_EVENT_AND_G3_CANONICAL_CONTRACTS_REQUIRED,NOT_AUTHORIZED_G6
TFR-HRM-013,HRM,93814fefff93603210a584bcf442cf7b05b7e9524e35074ae0789498a9947db0,hr-exit-return,23,PEP-HRM-013|EVT-HRM:WorkerSeparated.v1,EVT-HRM:WorkerSeparated.v1|PEP-HRM-013,,RESOLVED_G2_CONTRACT,Exit and return variants resolve through governed separation cases and corrective lifecycle commands without destructive edits.,../session-registers/hris-hrm-source-coverage.csv,BASE-TFR-HRM-013,HRIS-HRM,NOT_STARTED_EXACT_FAMILY,NONE,NONE,NONE,hrm-api-event-contract-successor.v1.json#/historicalOperationDispositions/createSeparationCase,SEPARATION_LIFECYCLE_EVENT_AND_G3_CANONICAL_CONTRACTS_REQUIRED,NOT_AUTHORIZED_G6
TFR-HRM-014,HRM,f83412aed61970f2a9fd7843aba10ea6226b1a8aba754a0e36762d7bec8979d6,settings-documents-communications,12,SYS-API-011|SYS-API-012|SYS-API-013|SYS-API-014|SYS-API-015|SYS-API-016|SYS-API-033|PLAT-004,,PLAT-004|SYS-API-011|SYS-API-012|SYS-API-013|SYS-API-014|SYS-API-015|SYS-API-016|SYS-API-033,RESOLVED_G2_CONTRACT,Document templates become typed immutable configurations with controlled object transfer and minimal notification intent.,../session-registers/hris-hrm-source-coverage.csv,BASE-TFR-HRM-014,HRIS-HRM,NOT_STARTED_EXACT_FAMILY,NONE,NONE,NONE,NONE,SHARED_CONFIGURATION_CONTRACT_AND_G3_CANONICAL_CONTRACTS_REQUIRED,NOT_AUTHORIZED_G6
TFR-HRM-015,HRM,51ab756e1c54caa3310e888ef454d37446d9e277b4832090f8600ff7bd1e2e1d,dwp-extensibility,6,SYS-API-028|SYS-API-029|SYS-API-030|SYS-API-069|SYS-API-070|SYS-API-071|SYS-API-072|SYS-API-073|SYS-API-074|SYS-API-075|SYS-EVT-006,SYS-API-028|SYS-API-029|SYS-API-030|SYS-API-069|SYS-API-070|SYS-API-071|SYS-API-072|SYS-API-073|SYS-API-074|SYS-API-075|SYS-EVT-006,,RESOLVED_G2_CONTRACT,Extensions use verified pack catalog install-disabled and explicit enable lifecycle rather than embedded customer branches.,../session-registers/hris-hrm-source-coverage.csv,BASE-TFR-HRM-015,HRIS-SYS,NOT_STARTED_SHARED_SYS_OWNER,NONE,NONE,NONE,NONE,SYS_OWNER_IMPLEMENTATION_JIT_MIGRATION_LEASE_AND_G3_CANONICAL_CONTRACTS_REQUIRED,NOT_AUTHORIZED_G6
TFR-HRM-016,HRM,a8cf0d9ccc78c5829ef86d11212046a8899b022aef5ea6cc57d16a27d294c6b5,settings-reference,52,SYS-API-011|SYS-API-012|SYS-API-013|SYS-API-014|SYS-API-015|SYS-API-016|SYS-EVT-003,,SYS-API-011|SYS-API-012|SYS-API-013|SYS-API-014|SYS-API-015|SYS-API-016|SYS-EVT-003,RESOLVED_G2_CONTRACT,Reference variants consolidate into typed configuration versions with validate simulate approve publish and change event.,../session-registers/hris-hrm-source-coverage.csv,BASE-TFR-HRM-016,HRIS-HRM,NOT_STARTED_EXACT_FAMILY,NONE,NONE,NONE,NONE,SHARED_REFERENCE_CONFIGURATION_AND_G3_CANONICAL_CONTRACTS_REQUIRED,NOT_AUTHORIZED_G6
TFR-HRM-017,HRM,9d1d9b4bcb855d83286affb19020fb7cf6c10d6dc60d610407ea577dd3599989,settings-operations,6,SYS-API-011|SYS-API-012|SYS-API-013|SYS-API-014|SYS-API-015|SYS-API-016|PLAT-005,,PLAT-005|SYS-API-011|SYS-API-012|SYS-API-013|SYS-API-014|SYS-API-015|SYS-API-016,RESOLVED_G2_CONTRACT,Retention and operating policies become immutable typed configurations with audit evidence and no executable source values.,../session-registers/hris-hrm-source-coverage.csv,BASE-TFR-HRM-017,HRIS-HRM,NOT_STARTED_EXACT_FAMILY,NONE,NONE,NONE,NONE,RETENTION_CONFIGURATION_AND_G3_CANONICAL_CONTRACTS_REQUIRED,NOT_AUTHORIZED_G6
