boundary_id,session_id,boundary_kind,path_prefix,allowed_operations,writer_role,control_intake_prefix,canonical_snapshot_required,state
BP-SHARD-HRM,HRIS-HRM,MODULE_EVIDENCE_SHARD,session-evidence/hrm/g3/module-evidence,CREATE_NEW_ONLY,ROLE.HRIS_HRM_ENGINEERING,g0/control-evidence-intake/hrm,YES,ACTIVE_UNTRUSTED_SUBMISSION_FAIL_CLOSED
BP-SHARD-PER,HRIS-PER,MODULE_EVIDENCE_SHARD,session-evidence/per/g3/module-evidence,CREATE_NEW_ONLY,ROLE.HRIS_PER_ENGINEERING,g0/control-evidence-intake/per,YES,ACTIVE_UNTRUSTED_SUBMISSION_FAIL_CLOSED
BP-SHARD-PAY,HRIS-PAY,MODULE_EVIDENCE_SHARD,session-evidence/pay/g3/module-evidence,CREATE_NEW_ONLY,ROLE.HRIS_PAY_ENGINEERING,g0/control-evidence-intake/pay,YES,ACTIVE_UNTRUSTED_SUBMISSION_FAIL_CLOSED
BP-SHARD-TIM,HRIS-TIM,MODULE_EVIDENCE_SHARD,session-evidence/tim/g3/module-evidence,CREATE_NEW_ONLY,ROLE.HRIS_TIM_ENGINEERING,g0/control-evidence-intake/tim,YES,ACTIVE_UNTRUSTED_SUBMISSION_FAIL_CLOSED
BP-SHARD-SYS,HRIS-SYS,MODULE_EVIDENCE_SHARD,session-evidence/sys/g3/module-evidence,CREATE_NEW_ONLY,ROLE.HRIS_SYS_ENGINEERING,g0/control-evidence-intake/sys,YES,ACTIVE_UNTRUSTED_SUBMISSION_FAIL_CLOSED
BP-G4-SHARD-HRM,HRIS-HRM,MODULE_G4_EVIDENCE_SHARD,session-evidence/hrm/g4,CREATE_NEW_ONLY,ROLE.HRIS_HRM_ENGINEERING,g0/control-evidence-intake/hrm/g4,YES,ACTIVE_UNTRUSTED_SUBMISSION_FAIL_CLOSED
BP-G4-SHARD-PER,HRIS-PER,MODULE_G4_EVIDENCE_SHARD,session-evidence/per/g4,CREATE_NEW_ONLY,ROLE.HRIS_PER_ENGINEERING,g0/control-evidence-intake/per/g4,YES,ACTIVE_UNTRUSTED_SUBMISSION_FAIL_CLOSED
BP-G4-SHARD-PAY,HRIS-PAY,MODULE_G4_EVIDENCE_SHARD,session-evidence/pay/g4,CREATE_NEW_ONLY,ROLE.HRIS_PAY_ENGINEERING,g0/control-evidence-intake/pay/g4,YES,ACTIVE_UNTRUSTED_SUBMISSION_FAIL_CLOSED
BP-G4-SHARD-TIM,HRIS-TIM,MODULE_G4_EVIDENCE_SHARD,session-evidence/tim/g4,CREATE_NEW_ONLY,ROLE.HRIS_TIM_ENGINEERING,g0/control-evidence-intake/tim/g4,YES,ACTIVE_UNTRUSTED_SUBMISSION_FAIL_CLOSED
BP-G4-SHARD-SYS,HRIS-SYS,MODULE_G4_EVIDENCE_SHARD,session-evidence/sys/g4,CREATE_NEW_ONLY,ROLE.HRIS_SYS_ENGINEERING,g0/control-evidence-intake/sys/g4,YES,ACTIVE_UNTRUSTED_SUBMISSION_FAIL_CLOSED
BP-INTAKE-CONTROL,CONTROL,CONTROL_EVIDENCE_INTAKE,g0/control-evidence-intake,VERIFY_AND_PROMOTE_ONLY,ROLE.INTEGRATION_CONTROL,NONE,YES,ACTIVE_FAIL_CLOSED
