check_id,repository,trigger,working_directory,runtime,command,required_before,scope,owner_role,required_for_g0_close,result_status,evidence_reference,failure_effect
CHK-G0-STATIC,BLUEPRINT,EVERY_CHANGE,/Users/a10697/Work/DWP/output/hris-porting-blueprint-2026-09-09/g0,PYTHON3,python3 validate_code_checkpoint.py --static,SESSION_CREATE,FULL_CODE_REGISTRY_AND_MODULE_CONTRACTS,ROLE.INTEGRATION_CONTROL,YES,PASS,validate_code_checkpoint.py:STATIC:PASS,BLOCK_SESSION_CREATE
CHK-G0-LIVE,BLUEPRINT,BEFORE_SESSION_CREATE,/Users/a10697/Work/DWP/output/hris-porting-blueprint-2026-09-09/g0,PYTHON3,python3 validate_code_checkpoint.py --check-live,SESSION_CREATE,LIVE_GIT_BASELINE_WORKTREE_AND_SUPPORT_EVIDENCE,ROLE.INTEGRATION_CONTROL,YES,PASS,validate_code_checkpoint.py:LIVE:PASS,BLOCK_SESSION_CREATE
CHK-BE-FULL,DWP_BACKEND,NIGHTLY_AND_BASELINE,/Users/a10697/Work/DWP/.codex-worktrees/hris/integration/backend,GRADLE8_11_1_CORRETTO_JDK23_0_2,./gradlew check --no-daemon,SESSION_CREATE,ALL_BACKEND_SERVICES,ROLE.INTEGRATION_CONTROL,YES,PASS,backend:787f25753a72dc5f0fbbb06783205c0bff6635a5:full-check:PASS,BLOCK_SESSION_CREATE
CHK-BE-SBOM,DWP_BACKEND,BASELINE_AND_DEPENDENCY_CHANGE,/Users/a10697/Work/DWP/.codex-worktrees/hris/integration/backend,GRADLE8_11_1_CORRETTO_JDK23_0_2,./gradlew cyclonedxBom --no-daemon,SESSION_CREATE,CYCLONEDX_SBOM,ROLE.OSS_COMPLIANCE,YES,PASS,path-build/reports/cyclonedx/bom.json:cyclonedx-1.6:components-357:dependencies-358:canonical-graph-sha256-9c8efc9f395c856c99e3435f5deefb841512d35f272528ab53abef62c23c07e4:baseline-tree-00cf32bf78a46ad17f9482414806b8ffddf4e1d2,BLOCK_SESSION_CREATE
CHK-BE-PEOPLE,DWP_BACKEND,HRM_PER_CHECKPOINT,/Users/a10697/Work/DWP/.codex-worktrees/hris/integration/backend,GRADLE8_11_1_CORRETTO_JDK23_0_2,./gradlew :dwp-people-server:test,G3_NAMED_SLICE_CHECKPOINT,HRM_PER_BACKEND,ROLE.HRIS_HRM_ENGINEERING|ROLE.HRIS_PER_ENGINEERING,NO,DEFINED_NOT_RUN,,BLOCK_AFFECTED_SLICE
CHK-BE-AUTH-PLATFORM,DWP_BACKEND,SYS_CHECKPOINT,/Users/a10697/Work/DWP/.codex-worktrees/hris/integration/backend,GRADLE8_11_1_CORRETTO_JDK23_0_2,./gradlew :dwp-auth-server:test :dwp-platform-server:test,G3_NAMED_SLICE_CHECKPOINT,SYS_BACKEND,ROLE.HRIS_SYS_ENGINEERING,NO,DEFINED_NOT_RUN,,BLOCK_AFFECTED_SLICE
CHK-BE-PAY,DWP_BACKEND,PAY_CHECKPOINT,/Users/a10697/Work/DWP/.codex-worktrees/hris/integration/backend,GRADLE8_11_1_CORRETTO_JDK23_0_2,./gradlew :dwp-payroll-server:bootJar :dwp-payroll-server:test --no-daemon,G3_START,PAY_BACKEND,ROLE.HRIS_PAY_ENGINEERING,YES,PASS,payroll-service:bootJar:test:application-context-smoke:PASS,BLOCK_SESSION_CREATE
CHK-BE-TIM,DWP_BACKEND,TIM_CHECKPOINT,/Users/a10697/Work/DWP/.codex-worktrees/hris/integration/backend,GRADLE8_11_1_CORRETTO_JDK23_0_2,./gradlew :dwp-time-server:bootJar :dwp-time-server:test --no-daemon,G3_START,TIM_BACKEND,ROLE.HRIS_TIM_ENGINEERING,YES,PASS,time-service:bootJar:test:application-context-smoke:PASS,BLOCK_SESSION_CREATE
CHK-FE-INSTALL,DWP_FRONTEND,BASELINE_AND_LOCK_CHANGE,/Users/a10697/Work/DWP/.codex-worktrees/hris/integration/frontend,NODE24_19_YARN4,/Users/a10697/.cache/codex-runtimes/codex-primary-runtime/dependencies/node/bin/node /opt/homebrew/opt/node@20/bin/yarn install --immutable,SESSION_CREATE,DEPENDENCY_GRAPH,ROLE.INTEGRATION_CONTROL,YES,PASS,frontend:c658679ef377f43ec4f9fec7e7433eb98f46970e:immutable-install,BLOCK_SESSION_CREATE
CHK-FE-PACKAGE-MANAGER,DWP_FRONTEND,EVERY_PUSH,/Users/a10697/Work/DWP/.codex-worktrees/hris/integration/frontend,NODE24_19_YARN4,/Users/a10697/.cache/codex-runtimes/codex-primary-runtime/dependencies/node/bin/node /opt/homebrew/opt/node@20/bin/yarn package-manager:check,SESSION_CREATE,TOOLCHAIN,ROLE.INTEGRATION_CONTROL,YES,PASS,frontend:node-24.19.0:yarn-4.17.1,BLOCK_SESSION_CREATE
CHK-FE-ARCH,DWP_FRONTEND,EVERY_PUSH,/Users/a10697/Work/DWP/.codex-worktrees/hris/integration/frontend,NODE24_19_YARN4,/Users/a10697/.cache/codex-runtimes/codex-primary-runtime/dependencies/node/bin/node /opt/homebrew/opt/node@20/bin/yarn architecture:check,SESSION_CREATE,ARCHITECTURE_AND_AUTH_CONTRACT,ROLE.INTEGRATION_CONTROL,YES,PASS,frontend:c658679ef377f43ec4f9fec7e7433eb98f46970e:architecture-check,BLOCK_SESSION_CREATE
CHK-FE-TYPE,DWP_FRONTEND,EVERY_PUSH,/Users/a10697/Work/DWP/.codex-worktrees/hris/integration/frontend,NODE24_19_YARN4,/Users/a10697/.cache/codex-runtimes/codex-primary-runtime/dependencies/node/bin/node /opt/homebrew/opt/node@20/bin/yarn typecheck,SESSION_CREATE,TYPESCRIPT,ROLE.INTEGRATION_CONTROL,YES,PASS,frontend:c658679ef377f43ec4f9fec7e7433eb98f46970e:typecheck,BLOCK_SESSION_CREATE
CHK-FE-TEST,DWP_FRONTEND,CHECKPOINT_AND_NIGHTLY_SERIAL_CONTROL,/Users/a10697/Work/DWP/.codex-worktrees/hris/integration/frontend,NODE24_19_YARN4,/Users/a10697/.cache/codex-runtimes/codex-primary-runtime/dependencies/node/bin/node /opt/homebrew/opt/node@20/bin/yarn test --maxWorkers=4 --maxConcurrency=2,SESSION_CREATE,UNIT_INTEGRATION,ROLE.INTEGRATION_CONTROL,YES,PASS,frontend:692-files:6256-tests:PASS:maxWorkers-4:maxConcurrency-2:single-host-control-semaphore,BLOCK_SESSION_CREATE
CHK-FE-BUILD,DWP_FRONTEND,NIGHTLY_AND_BASELINE,/Users/a10697/Work/DWP/.codex-worktrees/hris/integration/frontend,NODE24_19_YARN4,env DWP_AGENT_OPENAPI=/Users/a10697/Work/DWP/.codex-worktrees/hris/integration/dwp_agent_contract/contracts/openapi/agent-public.json /Users/a10697/.cache/codex-runtimes/codex-primary-runtime/dependencies/node/bin/node /opt/homebrew/opt/node@20/bin/yarn build,SESSION_CREATE,FULL_FRONTEND_BUILD,ROLE.INTEGRATION_CONTROL,YES,PASS,frontend:c658679ef377f43ec4f9fec7e7433eb98f46970e:PASS,BLOCK_SESSION_CREATE
CHK-FE-LICENSE,DWP_FRONTEND,LOCK_CHANGE_AND_NIGHTLY,/Users/a10697/Work/DWP/.codex-worktrees/hris/integration/frontend,NODE24_19_YARN4,/Users/a10697/.cache/codex-runtimes/codex-primary-runtime/dependencies/node/bin/node /opt/homebrew/opt/node@20/bin/yarn license:check,SESSION_CREATE,DWP_FRONTEND_DEPENDENCIES,ROLE.OSS_COMPLIANCE,YES,PASS,frontend:161-production-packages:PASS,BLOCK_SESSION_CREATE
CHK-FE-CONTRACT,DWP_FRONTEND,CONTRACT_CHANGE,/Users/a10697/Work/DWP/.codex-worktrees/hris/integration/frontend,NODE24_19_YARN4,env DWP_OFFICIAL_BACKEND_CONTRACTS_DIR=/Users/a10697/Work/DWP/.codex-worktrees/hris/integration/backend/contracts DWP_BACKEND_CHECKOUT=/Users/a10697/Work/DWP/.codex-worktrees/hris/integration/backend DWP_BACKEND_REVISION=787f25753a72dc5f0fbbb06783205c0bff6635a5 DWP_AGENT_EVIDENCE_ROOT=/Users/a10697/Work/DWP/.codex-worktrees/hris/integration/dwp_agent /Users/a10697/.cache/codex-runtimes/codex-primary-runtime/dependencies/node/bin/node /opt/homebrew/opt/node@20/bin/yarn release:contracts:check,SESSION_CREATE,OFFICIAL_BACKEND_CONTRACT_SYNC,ROLE.INTEGRATION_CONTROL,YES,PASS,official-backend-contract-and-source-bound-negative-matrix:PASS|support:SUPPORT-DWP-AGENT|frontend:c658679ef377f43ec4f9fec7e7433eb98f46970e,BLOCK_SESSION_CREATE
CHK-FE-CLOSURE-TEST,DWP_FRONTEND,CONTRACT_CHANGE,/Users/a10697/Work/DWP/.codex-worktrees/hris/integration/frontend,NODE24_19_YARN4,/Users/a10697/.cache/codex-runtimes/codex-primary-runtime/dependencies/node/bin/node /opt/homebrew/opt/node@20/bin/yarn product-surfaces:closure:test,SESSION_CREATE,PRODUCT_SURFACE_CLOSURE_REGRESSION,ROLE.INTEGRATION_CONTROL,YES,PASS,tests-5:pass-5:fail-0,BLOCK_SESSION_CREATE
CHK-FE-RELEASE-CONTRACT-TEST,DWP_FRONTEND,CONTRACT_CHANGE,/Users/a10697/Work/DWP/.codex-worktrees/hris/integration/frontend,NODE24_19_YARN4,/Users/a10697/.cache/codex-runtimes/codex-primary-runtime/dependencies/node/bin/node /opt/homebrew/opt/node@20/bin/yarn release:contracts:test,SESSION_CREATE,OFFICIAL_CONTRACT_FAIL_CLOSED_REGRESSION,ROLE.INTEGRATION_CONTROL,YES,PASS,tests-24:pass-24:fail-0,BLOCK_SESSION_CREATE
CHK-FE-READINESS-TEST,DWP_FRONTEND,CONTRACT_CHANGE,/Users/a10697/Work/DWP/.codex-worktrees/hris/integration/frontend,NODE24_19_YARN4,/Users/a10697/.cache/codex-runtimes/codex-primary-runtime/dependencies/node/bin/node /opt/homebrew/opt/node@20/bin/yarn product-surfaces:readiness:test,SESSION_CREATE,PRODUCT_SURFACE_READINESS_REGRESSION,ROLE.INTEGRATION_CONTROL,YES,PASS,tests-37:pass-37:fail-0,BLOCK_SESSION_CREATE
CHK-FE-SECURITY-AUDIT,DWP_FRONTEND,LOCK_CHANGE_AND_NIGHTLY,/Users/a10697/Work/DWP/.codex-worktrees/hris/integration/frontend,HOST_NODE20_YARN4_CA_EXCEPTION,/opt/homebrew/opt/node@20/bin/node /opt/homebrew/opt/node@20/bin/yarn security:audit,SESSION_CREATE,HIGH_SEVERITY_DEPENDENCY_AUDIT,ROLE.SECURITY_AUTHORITY,YES,PASS,same-lockfile:host-node20:corporate-ca-exception:no-suggestions,BLOCK_SESSION_CREATE
CHK-FE-SBOM,DWP_FRONTEND,LOCK_CHANGE_AND_RELEASE,/Users/a10697/Work/DWP/.codex-worktrees/hris/integration/frontend,NODE24_19_YARN4,/Users/a10697/.cache/codex-runtimes/codex-primary-runtime/dependencies/node/bin/node /opt/homebrew/opt/node@20/bin/yarn sbom:generate,SESSION_CREATE,CYCLONEDX_SBOM,ROLE.OSS_COMPLIANCE,YES,PASS,cyclonedx-1.6:components-167:dependencies-168:canonical-graph-sha256-a8ef675cc1485f461eaa663f18d1fb04746f72722de21ccdeebad02fa3c79a6c,BLOCK_SESSION_CREATE
