session_id,relative_path,phase
HRIS-HRM,g1-characterization.md,G1
HRIS-HRM,g1-child-trace.csv,G1
HRIS-HRM,g1-decision-log.csv,G1
HRIS-HRM,g2-readiness/README.md,G2_CODE_GO_INPUT
HRIS-HRM,g2-readiness/adr-001-people-sor-effective-dating.md,G2_CODE_GO_INPUT
HRIS-HRM,g2-readiness/api-event-contracts.v1.json,G2_CODE_GO_INPUT
HRIS-HRM,g2-readiness/authorization-field-policy.csv,G2_CODE_GO_INPUT
HRIS-HRM,g2-readiness/build_hrm_g1_evidence.py,G2_CODE_GO_INPUT
HRIS-HRM,g2-readiness/physical-schema-blueprint.sql,G2_CODE_GO_INPUT
HRIS-HRM,g2-readiness/state-guard-idempotency-recovery.md,G2_CODE_GO_INPUT
HRIS-HRM,g2-readiness/synthetic-golden-fixtures.json,G2_CODE_GO_INPUT
HRIS-HRM,g2-readiness/synthetic-golden-spec.md,G2_CODE_GO_INPUT
HRIS-HRM,g2-readiness/validate_hrm_readiness.py,G2_CODE_GO_INPUT
HRIS-HRM,g3-modern-capability-contracts.v1.json,G2_CODE_GO_INPUT
HRIS-PER,g1-characterization.md,G1
HRIS-PER,g1-child-trace.csv,G1
HRIS-PER,g1-decision-log.csv,G1
HRIS-PER,g2-readiness/ADR-001-performance-boundary.md,G2_CODE_GO_INPUT
HRIS-PER,g2-readiness/README.md,G2_CODE_GO_INPUT
HRIS-PER,g2-readiness/adr-002-per-physical-identity-and-schema.md,G2_CODE_GO_INPUT
HRIS-PER,g2-readiness/api-event-contracts.yaml,G2_CODE_GO_INPUT
HRIS-PER,g2-readiness/authorization-field-policy.md,G2_CODE_GO_INPUT
HRIS-PER,g2-readiness/build_g1_evidence.py,G2_CODE_GO_INPUT
HRIS-PER,g2-readiness/g2-code-go-slices.csv,G2_CODE_GO_INPUT
HRIS-PER,g2-readiness/golden/golden-spec.md,G2_CODE_GO_INPUT
HRIS-PER,g2-readiness/golden/performance-golden-fixtures.json,G2_CODE_GO_INPUT
HRIS-PER,g2-readiness/physical-schema.sql,G2_CODE_GO_INPUT
HRIS-PER,g2-readiness/state-guard-idempotency-recovery.md,G2_CODE_GO_INPUT
HRIS-PER,g2-readiness/validate_per_readiness.py,G2_CODE_GO_INPUT
HRIS-PER,g3-modern-capability-contracts.v1.json,G2_CODE_GO_INPUT
HRIS-PAY,g1-characterization.md,G1
HRIS-PAY,g1-child-trace.csv,G1
HRIS-PAY,g1-decision-log.csv,G1
HRIS-PAY,g2-api-event-contracts.json,G2_CODE_GO_INPUT
HRIS-PAY,g2-authorization.md,G2_CODE_GO_INPUT
HRIS-PAY,g2-physical-schema.sql,G2_CODE_GO_INPUT
HRIS-PAY,g2-runtime-controls.md,G2_CODE_GO_INPUT
HRIS-PAY,g2-service-boundary.md,G2_CODE_GO_INPUT
HRIS-PAY,g2-transport-schemas.v1.json,G2_CODE_GO_INPUT
HRIS-PAY,g3-modern-capability-consumer-contracts.v1.json,G2_CODE_GO_INPUT
HRIS-PAY,synthetic-golden-fixtures.json,G2_CODE_GO_INPUT
HRIS-PAY,synthetic-golden-spec.md,G2_CODE_GO_INPUT
HRIS-PAY,validate_readiness.py,G2_CODE_GO_INPUT
HRIS-TIM,g1-characterization.md,G1
HRIS-TIM,g1-child-trace.csv,G1
HRIS-TIM,g1-decision-log.csv,G1
HRIS-TIM,g2-api-event-contracts.json,G2_CODE_GO_INPUT
HRIS-TIM,g2-authorization.md,G2_CODE_GO_INPUT
HRIS-TIM,g2-physical-schema.sql,G2_CODE_GO_INPUT
HRIS-TIM,g2-runtime-controls.md,G2_CODE_GO_INPUT
HRIS-TIM,g2-service-boundary.md,G2_CODE_GO_INPUT
HRIS-TIM,g2-transport-schemas.v1.json,G2_CODE_GO_INPUT
HRIS-TIM,g3-modern-capability-contracts.v1.json,G2_CODE_GO_INPUT
HRIS-TIM,synthetic-golden-fixtures.json,G2_CODE_GO_INPUT
HRIS-TIM,synthetic-golden-spec.md,G2_CODE_GO_INPUT
HRIS-TIM,validate_readiness.py,G2_CODE_GO_INPUT
HRIS-SYS,g1-characterization.md,G1
HRIS-SYS,g1-child-trace.csv,G1
HRIS-SYS,g1-decision-log.csv,G1
HRIS-SYS,g2-auth-physical-schema.sql,G2_CODE_GO_INPUT
HRIS-SYS,g2-contract-catalog.csv,G2_CODE_GO_INPUT
HRIS-SYS,g2-golden-scenarios.csv,G2_CODE_GO_INPUT
HRIS-SYS,g2-implementation-contract.md,G2_CODE_GO_INPUT
HRIS-SYS,g2-physical-schema.sql,G2_CODE_GO_INPUT
HRIS-SYS,g2-platform-physical-schema.sql,G2_CODE_GO_INPUT
HRIS-SYS,g2-state-machines.md,G2_CODE_GO_INPUT
HRIS-SYS,g2-transport-schemas.v1.json,G2_CODE_GO_INPUT
HRIS-SYS,g3-modern-capability-contracts.v1.json,G2_CODE_GO_INPUT
HRIS-SYS,validate_sys_readiness.py,G2_CODE_GO_INPUT
HRIS-SYS,validate_sys_service_local_migrations.py,G2_CODE_GO_INPUT
