policy_id,service,repository,migration_dir,baseline_commit,baseline_high_water,allocation_id,allocated_version,exact_filename,session_id,vertical_slice,create_only,existing_edit_allowed,forward_correction_required,state,code_gate
MIGPOL-PEOPLE,dwp-people-server,DWP_BACKEND,dwp-people-server/src/main/resources/db/migration,787f25753a72dc5f0fbbb06783205c0bff6635a5,50,,,,HRIS-HRM,COMMON_FOUNDATION_V47_V50_THEN_HRM,YES,NO,YES,RANGE_POLICY_ACTIVE,VALIDATOR_CONTROLLED
ALLOC-HRM-PEOPLE-G3,dwp-people-server,DWP_BACKEND,dwp-people-server/src/main/resources/db/migration,787f25753a72dc5f0fbbb06783205c0bff6635a5,50,MIG-HRM-PEOPLE-51-73,51-73,V{51..73}__hrm_<slice>.sql,HRIS-HRM,HRM_DOMAIN_SLICES,YES,NO,YES,RESERVED_G3_RANGE,VALIDATOR_CONTROLLED
ALLOC-PER-PEOPLE-G2-HISTORICAL,dwp-people-server,DWP_BACKEND,dwp-people-server/src/main/resources/db/migration,6f1ed92d2610ace3df75f094297032e8b476ef5d,46,MIG-PER-PEOPLE-70-89,70-89,V{70..89}__per_<slice>.sql,HRIS-PER,PER_G2_ENTRY_PLAN,YES,NO,YES,SUPERSEDED_G2_ENTRY_ALLOCATION,HISTORICAL_G2_ONLY
ALLOC-PER-PERFORMANCE-G3,dwp-people-server,DWP_BACKEND,dwp-people-server/src/main/resources/db/performance-migration,787f25753a72dc5f0fbbb06783205c0bff6635a5,0,MIG-PER-PERFORMANCE-1-63,1-63,V{1..63}__per_<slice>.sql,HRIS-PER,PER_DOMAIN_SLICES,YES,NO,YES,RESERVED_G3_RANGE,VALIDATOR_CONTROLLED
MIGPOL-AUTH,dwp-auth-server,DWP_BACKEND,dwp-auth-server/src/main/resources/db/migration,787f25753a72dc5f0fbbb06783205c0bff6635a5,216,,,,HRIS-SYS,COMMON_FOUNDATION_V215_V216_THEN_SYS,YES,NO,YES,RANGE_POLICY_ACTIVE,VALIDATOR_CONTROLLED
ALLOC-SYS-AUTH-G3,dwp-auth-server,DWP_BACKEND,dwp-auth-server/src/main/resources/db/migration,787f25753a72dc5f0fbbb06783205c0bff6635a5,216,MIG-SYS-AUTH-217-245,217-245,V{217..245}__hris_auth_<slice>.sql,HRIS-SYS,SYS_AUTH_SLICES,YES,NO,YES,RESERVED_G3_RANGE,VALIDATOR_CONTROLLED
MIGPOL-PLATFORM,dwp-platform-server,DWP_BACKEND,dwp-platform-server/src/main/resources/db/migration,787f25753a72dc5f0fbbb06783205c0bff6635a5,261,,,,HRIS-SYS,PRE_G3_COMMON_FOUNDATION_V254_1_V261_THEN_SYS,YES,NO,YES,RANGE_POLICY_ACTIVE,VALIDATOR_CONTROLLED
ALLOC-SYS-PLATFORM-G3,dwp-platform-server,DWP_BACKEND,dwp-platform-server/src/main/resources/db/migration,787f25753a72dc5f0fbbb06783205c0bff6635a5,261,MIG-SYS-PLATFORM-262-290,262-290,V{262..290}__hris_platform_<slice>.sql,HRIS-SYS,SYS_PLATFORM_SLICES,YES,NO,YES,RESERVED_G3_RANGE,VALIDATOR_CONTROLLED
ALLOC-SYS-PLATFORM-HRIS-CONFIGURATION-G3,dwp-platform-server,DWP_BACKEND,dwp-platform-server/src/main/resources/db/hris-configuration/migration,787f25753a72dc5f0fbbb06783205c0bff6635a5,0,MIG-SYS-PLATFORM-HRIS-CONFIGURATION-1-40,1-40,V{1..40}__hris_listening_<slice>.sql,HRIS-SYS,dwp.hris.sys.listening.stream-authority-successor.v1:MOD-SYS-LISTEN_CONFIGURATION,YES,NO,YES,RESERVED_G3_RANGE,VALIDATOR_CONTROLLED
ALLOC-SYS-PLATFORM-HRIS-LISTENING-PROTECTED-G3,dwp-platform-server,DWP_BACKEND,dwp-platform-server/src/main/resources/db/hris-listening-protected/migration,787f25753a72dc5f0fbbb06783205c0bff6635a5,0,MIG-SYS-PLATFORM-HRIS-LISTENING-PROTECTED-1-40,1-40,V{1..40}__hris_listening_<slice>.sql,HRIS-SYS,dwp.hris.sys.listening.stream-authority-successor.v1:MOD-SYS-LISTEN_PROTECTED,YES,NO,YES,RESERVED_G3_RANGE,VALIDATOR_CONTROLLED
ALLOC-SYS-PLATFORM-HRIS-INSIGHTS-G3,dwp-platform-server,DWP_BACKEND,dwp-platform-server/src/main/resources/db/hris-insights/migration,787f25753a72dc5f0fbbb06783205c0bff6635a5,0,MIG-SYS-PLATFORM-HRIS-INSIGHTS-1-40,1-40,V{1..40}__hris_listening_<slice>.sql,HRIS-SYS,dwp.hris.sys.listening.stream-authority-successor.v1:MOD-SYS-LISTEN_INSIGHTS,YES,NO,YES,RESERVED_G3_RANGE,VALIDATOR_CONTROLLED
ALLOC-SYS-AUTH-HRIS-PARTICIPATION-ISSUER-G3,dwp-auth-server,DWP_BACKEND,dwp-auth-server/src/main/resources/db/hris-participation-issuer/migration,787f25753a72dc5f0fbbb06783205c0bff6635a5,0,MIG-SYS-AUTH-HRIS-PARTICIPATION-ISSUER-1-40,1-40,V{1..40}__hris_listening_<slice>.sql,HRIS-SYS,dwp.hris.sys.listening.stream-authority-successor.v1:MOD-SYS-LISTEN_ISSUER,YES,NO,YES,RESERVED_G3_RANGE,VALIDATOR_CONTROLLED
MIGPOL-APPROVAL,dwp-approval-server,DWP_BACKEND,dwp-approval-server/src/main/resources/db/migration,787f25753a72dc5f0fbbb06783205c0bff6635a5,38,,,,HRIS-HRM|HRIS-PER|HRIS-PAY|HRIS-TIM|HRIS-SYS,PRE_G3_COMMON_SECURITY_FOUNDATION_V36_V38_THEN_SHARED_ON_DEMAND,YES,NO,YES,CONTROLLED_SHARED_ON_DEMAND,INTEGRATION_CONTROL_ALLOCATION_REQUIRED
MIGPOL-NOTIFICATION,dwp-notification-server,DWP_BACKEND,dwp-notification-server/src/main/resources/db/migration,787f25753a72dc5f0fbbb06783205c0bff6635a5,32,,,,CONTROL,PRE_G3_COMMON_SECURITY_FOUNDATION_V32_WITH_V31_EXTERNAL_WIP_PROTECTED,YES,NO,YES,COMMON_FOUNDATION_ONLY_EXTERNAL_FUTURE_PROTECTED,INTEGRATION_CONTROL_ALLOCATION_REQUIRED
ALLOC-CONTROL-NOTIFICATION-V32,dwp-notification-server,DWP_BACKEND,dwp-notification-server/src/main/resources/db/migration,787f25753a72dc5f0fbbb06783205c0bff6635a5,30,MIG-CONTROL-NOTIFICATION-V32,32,V32__close_approval_sla_delivery_trigger_execution_boundary.sql,CONTROL,PRE_G3_COMMON_SECURITY_FOUNDATION_V32_EXACT_V31_PROTECTED_ABSENT,YES,NO,YES,EXACT_PRE_G3_COMMON_FOUNDATION_ALLOCATION,PRE_G3_TECHNICAL_RECEIPT_REQUIRED_NO_G3_NO_G6
MIGPOL-MEETING,dwp-meeting-server,DWP_BACKEND,dwp-meeting-server/src/main/resources/db/migration,787f25753a72dc5f0fbbb06783205c0bff6635a5,41,,,,EXTERNAL-WIP,PROTECTED_BASELINE,YES,NO,YES,UNALLOCATED_HRIS_EXTERNAL_WIP_PROTECTED,OUT_OF_SCOPE_PROTECTED
MIGPOL-PAYROLL,dwp-payroll-server,DWP_BACKEND,dwp-payroll-server/src/main/resources/db/migration,787f25753a72dc5f0fbbb06783205c0bff6635a5,NEW_SERVICE_V0,,,,HRIS-PAY,PAYROLL_FOUNDATION,YES,NO,YES,RANGE_POLICY_ACTIVE,VALIDATOR_CONTROLLED
ALLOC-PAY-PAYROLL-G3,dwp-payroll-server,DWP_BACKEND,dwp-payroll-server/src/main/resources/db/migration,787f25753a72dc5f0fbbb06783205c0bff6635a5,NEW_SERVICE_V0,MIG-PAY-PAYROLL-1-49,1-49,V{1..49}__pay_<slice>.sql,HRIS-PAY,PAY_DOMAIN_SLICES,YES,NO,YES,RESERVED_G3_RANGE,VALIDATOR_CONTROLLED
MIGPOL-TIME,dwp-time-server,DWP_BACKEND,dwp-time-server/src/main/resources/db/migration,787f25753a72dc5f0fbbb06783205c0bff6635a5,NEW_SERVICE_V0,,,,HRIS-TIM,TIME_FOUNDATION,YES,NO,YES,RANGE_POLICY_ACTIVE,VALIDATOR_CONTROLLED
ALLOC-TIM-TIME-G3,dwp-time-server,DWP_BACKEND,dwp-time-server/src/main/resources/db/migration,787f25753a72dc5f0fbbb06783205c0bff6635a5,NEW_SERVICE_V0,MIG-TIM-TIME-1-39,1-39,V{1..39}__tim_<slice>.sql,HRIS-TIM,TIM_DOMAIN_SLICES,YES,NO,YES,RESERVED_G3_RANGE,VALIDATOR_CONTROLLED
EXTWIP-PLATFORM-229,dwp-platform-server,DWP_BACKEND,dwp-platform-server/src/main/resources/db/migration,6f1ed92d2610ace3df75f094297032e8b476ef5d,230,EXT-WIP-PLATFORM-V229,229,V229__bind_personal_work_commands_to_activity.sql,EXTERNAL-WIP,NON_HRIS_WORK,YES,NO,YES,INTEGRATED_EXTERNAL_BASELINE,OUT_OF_SCOPE_PROTECTED
EXTWIP-PLATFORM-230,dwp-platform-server,DWP_BACKEND,dwp-platform-server/src/main/resources/db/migration,6f1ed92d2610ace3df75f094297032e8b476ef5d,230,EXT-WIP-PLATFORM-V230,230,V230__publish_governed_agent_catalog_profiles.sql,EXTERNAL-WIP,NON_HRIS_WORK,YES,NO,YES,INTEGRATED_EXTERNAL_BASELINE,OUT_OF_SCOPE_PROTECTED
EXTWIP-NOTIFICATION-24,dwp-notification-server,DWP_BACKEND,dwp-notification-server/src/main/resources/db/migration,6f1ed92d2610ace3df75f094297032e8b476ef5d,26,EXT-WIP-NOTIFICATION-V24,24,V24__register_meetings_notification_contracts.sql,EXTERNAL-WIP,NON_HRIS_WORK,YES,NO,YES,INTEGRATED_EXTERNAL_BASELINE,OUT_OF_SCOPE_PROTECTED
EXTWIP-NOTIFICATION-25,dwp-notification-server,DWP_BACKEND,dwp-notification-server/src/main/resources/db/migration,6f1ed92d2610ace3df75f094297032e8b476ef5d,26,EXT-WIP-NOTIFICATION-V25,25,V25__enrich_notification_contract_catalog_metadata.sql,EXTERNAL-WIP,NON_HRIS_WORK,YES,NO,YES,INTEGRATED_EXTERNAL_BASELINE,OUT_OF_SCOPE_PROTECTED
EXTWIP-NOTIFICATION-26,dwp-notification-server,DWP_BACKEND,dwp-notification-server/src/main/resources/db/migration,6f1ed92d2610ace3df75f094297032e8b476ef5d,26,EXT-WIP-NOTIFICATION-V26,26,V26__add_user_notification_delivery_endpoint_inventory.sql,EXTERNAL-WIP,NON_HRIS_WORK,YES,NO,YES,INTEGRATED_EXTERNAL_BASELINE,OUT_OF_SCOPE_PROTECTED
EXTWIP-MEETING-39,dwp-meeting-server,DWP_BACKEND,dwp-meeting-server/src/main/resources/db/migration,6f1ed92d2610ace3df75f094297032e8b476ef5d,41,EXT-WIP-MEETING-V39,39,V39__govern_meeting_participant_disconnect.sql,EXTERNAL-WIP,NON_HRIS_WORK,YES,NO,YES,INTEGRATED_EXTERNAL_BASELINE,OUT_OF_SCOPE_PROTECTED
EXTWIP-MEETING-40,dwp-meeting-server,DWP_BACKEND,dwp-meeting-server/src/main/resources/db/migration,6f1ed92d2610ace3df75f094297032e8b476ef5d,41,EXT-WIP-MEETING-V40,40,V40__fence_unverified_meeting_entry.sql,EXTERNAL-WIP,NON_HRIS_WORK,YES,NO,YES,INTEGRATED_EXTERNAL_BASELINE,OUT_OF_SCOPE_PROTECTED
EXTWIP-MEETING-41,dwp-meeting-server,DWP_BACKEND,dwp-meeting-server/src/main/resources/db/migration,6f1ed92d2610ace3df75f094297032e8b476ef5d,41,EXT-WIP-MEETING-V41,41,V41__deliver_meeting_invitation_notifications.sql,EXTERNAL-WIP,NON_HRIS_WORK,YES,NO,YES,INTEGRATED_EXTERNAL_BASELINE,OUT_OF_SCOPE_PROTECTED
