allocation_id,session_id,gate,repository,exact_path,operation,vertical_slice,writer_role,approved_by_role,base_reference,status,expires_rule,code_gate_status
ALLOC-HRM-G1-001,HRIS-HRM,G1,BLUEPRINT,session-evidence/hrm/g1-characterization.md,CREATE,SOURCE_CHARACTERIZATION,ROLE.HRIS_HRM_ENGINEERING,ROLE.INTEGRATION_CONTROL,APPROVED_INTEGRATION_BASELINE,RESERVED_G1,UNTIL_G1_MERGE,NOT_CODE
ALLOC-HRM-G1-002,HRIS-HRM,G1,BLUEPRINT,session-evidence/hrm/g1-child-trace.csv,CREATE,SOURCE_CHILD_TRACE,ROLE.HRIS_HRM_ENGINEERING,ROLE.INTEGRATION_CONTROL,APPROVED_INTEGRATION_BASELINE,RESERVED_G1,UNTIL_G1_MERGE,NOT_CODE
ALLOC-HRM-G1-003,HRIS-HRM,G1,BLUEPRINT,session-evidence/hrm/g1-decision-log.csv,CREATE,SOURCE_DECISIONS,ROLE.HRIS_HRM_ENGINEERING,ROLE.INTEGRATION_CONTROL,APPROVED_INTEGRATION_BASELINE,RESERVED_G1,UNTIL_G1_MERGE,NOT_CODE
ALLOC-PER-G1-001,HRIS-PER,G1,BLUEPRINT,session-evidence/per/g1-characterization.md,CREATE,SOURCE_CHARACTERIZATION,ROLE.HRIS_PER_ENGINEERING,ROLE.INTEGRATION_CONTROL,APPROVED_INTEGRATION_BASELINE,RESERVED_G1,UNTIL_G1_MERGE,NOT_CODE
ALLOC-PER-G1-002,HRIS-PER,G1,BLUEPRINT,session-evidence/per/g1-child-trace.csv,CREATE,SOURCE_CHILD_TRACE,ROLE.HRIS_PER_ENGINEERING,ROLE.INTEGRATION_CONTROL,APPROVED_INTEGRATION_BASELINE,RESERVED_G1,UNTIL_G1_MERGE,NOT_CODE
ALLOC-PER-G1-003,HRIS-PER,G1,BLUEPRINT,session-evidence/per/g1-decision-log.csv,CREATE,SOURCE_DECISIONS,ROLE.HRIS_PER_ENGINEERING,ROLE.INTEGRATION_CONTROL,APPROVED_INTEGRATION_BASELINE,RESERVED_G1,UNTIL_G1_MERGE,NOT_CODE
ALLOC-PAY-G1-001,HRIS-PAY,G1,BLUEPRINT,session-evidence/pay/g1-characterization.md,CREATE,SOURCE_CHARACTERIZATION,ROLE.HRIS_PAY_ENGINEERING,ROLE.INTEGRATION_CONTROL,APPROVED_INTEGRATION_BASELINE,RESERVED_G1,UNTIL_G1_MERGE,NOT_CODE
ALLOC-PAY-G1-002,HRIS-PAY,G1,BLUEPRINT,session-evidence/pay/g1-child-trace.csv,CREATE,SOURCE_CHILD_TRACE,ROLE.HRIS_PAY_ENGINEERING,ROLE.INTEGRATION_CONTROL,APPROVED_INTEGRATION_BASELINE,RESERVED_G1,UNTIL_G1_MERGE,NOT_CODE
ALLOC-PAY-G1-003,HRIS-PAY,G1,BLUEPRINT,session-evidence/pay/g1-decision-log.csv,CREATE,SOURCE_DECISIONS,ROLE.HRIS_PAY_ENGINEERING,ROLE.INTEGRATION_CONTROL,APPROVED_INTEGRATION_BASELINE,RESERVED_G1,UNTIL_G1_MERGE,NOT_CODE
ALLOC-TIM-G1-001,HRIS-TIM,G1,BLUEPRINT,session-evidence/tim/g1-characterization.md,CREATE,SOURCE_CHARACTERIZATION,ROLE.HRIS_TIM_ENGINEERING,ROLE.INTEGRATION_CONTROL,APPROVED_INTEGRATION_BASELINE,RESERVED_G1,UNTIL_G1_MERGE,NOT_CODE
ALLOC-TIM-G1-002,HRIS-TIM,G1,BLUEPRINT,session-evidence/tim/g1-child-trace.csv,CREATE,SOURCE_CHILD_TRACE,ROLE.HRIS_TIM_ENGINEERING,ROLE.INTEGRATION_CONTROL,APPROVED_INTEGRATION_BASELINE,RESERVED_G1,UNTIL_G1_MERGE,NOT_CODE
ALLOC-TIM-G1-003,HRIS-TIM,G1,BLUEPRINT,session-evidence/tim/g1-decision-log.csv,CREATE,SOURCE_DECISIONS,ROLE.HRIS_TIM_ENGINEERING,ROLE.INTEGRATION_CONTROL,APPROVED_INTEGRATION_BASELINE,RESERVED_G1,UNTIL_G1_MERGE,NOT_CODE
ALLOC-SYS-G1-001,HRIS-SYS,G1,BLUEPRINT,session-evidence/sys/g1-characterization.md,CREATE,SOURCE_CHARACTERIZATION,ROLE.HRIS_SYS_ENGINEERING,ROLE.INTEGRATION_CONTROL,APPROVED_INTEGRATION_BASELINE,RESERVED_G1,UNTIL_G1_MERGE,NOT_CODE
ALLOC-SYS-G1-002,HRIS-SYS,G1,BLUEPRINT,session-evidence/sys/g1-child-trace.csv,CREATE,SOURCE_CHILD_TRACE,ROLE.HRIS_SYS_ENGINEERING,ROLE.INTEGRATION_CONTROL,APPROVED_INTEGRATION_BASELINE,RESERVED_G1,UNTIL_G1_MERGE,NOT_CODE
ALLOC-SYS-G1-003,HRIS-SYS,G1,BLUEPRINT,session-evidence/sys/g1-decision-log.csv,CREATE,SOURCE_DECISIONS,ROLE.HRIS_SYS_ENGINEERING,ROLE.INTEGRATION_CONTROL,APPROVED_INTEGRATION_BASELINE,RESERVED_G1,UNTIL_G1_MERGE,NOT_CODE
