decision_id,scope,decision_type,responsible_role_ids,accountable_role_id,consulted_role_ids,informed_role_ids,ack_sla_business_hours,decision_sla_business_hours,escalation_role_id,g1_effect,g2_g3_effect,production_effect
DEC-HRM-SCOPE,HRM,SCOPE_DISPOSITION,ROLE.HRIS_HRM_SME|ROLE.HRIS_HRM_ENGINEERING,ROLE.HRIS_HRM_PRODUCT_OWNER,ROLE.ARCHITECTURE_AUTHORITY|ROLE.SECURITY_AUTHORITY|ROLE.PRIVACY_AUTHORITY,ROLE.INTEGRATION_CONTROL,8,24,ROLE.PROGRAM_OWNER,ALLOW_UNKNOWN_IF_UNRESOLVED,ALLOW_G3_GENERIC_CORE_WITH_VALIDATOR_AND_ROLE_ACCOUNTABILITY,BLOCK_RELEASE_UNTIL_SIGNED
DEC-PER-SCOPE,PER,SCOPE_DISPOSITION,ROLE.HRIS_PER_SME|ROLE.HRIS_PER_ENGINEERING,ROLE.HRIS_PER_PRODUCT_OWNER,ROLE.ARCHITECTURE_AUTHORITY|ROLE.SECURITY_AUTHORITY|ROLE.PRIVACY_AUTHORITY,ROLE.INTEGRATION_CONTROL,8,24,ROLE.PROGRAM_OWNER,ALLOW_UNKNOWN_IF_UNRESOLVED,ALLOW_G3_GENERIC_CORE_WITH_VALIDATOR_AND_ROLE_ACCOUNTABILITY,BLOCK_RELEASE_UNTIL_SIGNED
DEC-PAY-SCOPE,PAY,SCOPE_DISPOSITION,ROLE.HRIS_PAY_SME|ROLE.HRIS_PAY_ENGINEERING,ROLE.HRIS_PAY_PRODUCT_OWNER,ROLE.ARCHITECTURE_AUTHORITY|ROLE.SECURITY_AUTHORITY|ROLE.PRIVACY_AUTHORITY|ROLE.KR_PAY_STATUTORY,ROLE.INTEGRATION_CONTROL,8,24,ROLE.PROGRAM_OWNER,ALLOW_UNKNOWN_IF_UNRESOLVED,ALLOW_G3_GENERIC_CORE_WITH_VALIDATOR_AND_ROLE_ACCOUNTABILITY,BLOCK_RELEASE_UNTIL_SIGNED
DEC-TIM-SCOPE,TIM,SCOPE_DISPOSITION,ROLE.HRIS_TIM_SME|ROLE.HRIS_TIM_ENGINEERING,ROLE.HRIS_TIM_PRODUCT_OWNER,ROLE.ARCHITECTURE_AUTHORITY|ROLE.SECURITY_AUTHORITY|ROLE.PRIVACY_AUTHORITY|ROLE.KR_LABOR_STATUTORY,ROLE.INTEGRATION_CONTROL,8,24,ROLE.PROGRAM_OWNER,ALLOW_UNKNOWN_IF_UNRESOLVED,ALLOW_G3_GENERIC_CORE_WITH_VALIDATOR_AND_ROLE_ACCOUNTABILITY,BLOCK_RELEASE_UNTIL_SIGNED
DEC-SYS-SCOPE,SYS,SCOPE_DISPOSITION,ROLE.HRIS_SYS_SME|ROLE.HRIS_SYS_ENGINEERING,ROLE.HRIS_SYS_PRODUCT_OWNER,ROLE.ARCHITECTURE_AUTHORITY|ROLE.SECURITY_AUTHORITY|ROLE.PRIVACY_AUTHORITY|ROLE.AUTH_PLATFORM_OWNER,ROLE.INTEGRATION_CONTROL,8,24,ROLE.PROGRAM_OWNER,ALLOW_UNKNOWN_IF_UNRESOLVED,ALLOW_G3_GENERIC_CORE_WITH_VALIDATOR_AND_ROLE_ACCOUNTABILITY,BLOCK_RELEASE_UNTIL_SIGNED
DEC-HRM-RULE,HRM,BUSINESS_RULE_AND_GOLDEN,ROLE.HRIS_HRM_ENGINEERING|ROLE.QA_EVIDENCE,ROLE.HRIS_HRM_SME,ROLE.HRIS_HRM_PRODUCT_OWNER|ROLE.PRIVACY_AUTHORITY,ROLE.INTEGRATION_CONTROL,8,24,ROLE.HRIS_HRM_PRODUCT_OWNER,ALLOW_CHARACTERIZATION_ONLY,ALLOW_G3_GENERIC_CORE_WITH_VALIDATOR_AND_ROLE_ACCOUNTABILITY,BLOCK_RELEASE_UNTIL_SIGNED
DEC-PER-RULE,PER,BUSINESS_RULE_AND_GOLDEN,ROLE.HRIS_PER_ENGINEERING|ROLE.QA_EVIDENCE,ROLE.HRIS_PER_SME,ROLE.HRIS_PER_PRODUCT_OWNER|ROLE.PRIVACY_AUTHORITY,ROLE.INTEGRATION_CONTROL,8,24,ROLE.HRIS_PER_PRODUCT_OWNER,ALLOW_CHARACTERIZATION_ONLY,ALLOW_G3_GENERIC_CORE_WITH_VALIDATOR_AND_ROLE_ACCOUNTABILITY,BLOCK_RELEASE_UNTIL_SIGNED
DEC-PAY-RULE,PAY,BUSINESS_RULE_AND_GOLDEN,ROLE.HRIS_PAY_ENGINEERING|ROLE.QA_EVIDENCE,ROLE.HRIS_PAY_SME,ROLE.HRIS_PAY_PRODUCT_OWNER|ROLE.KR_PAY_STATUTORY|ROLE.PRIVACY_AUTHORITY,ROLE.INTEGRATION_CONTROL,4,8,ROLE.HRIS_PAY_PRODUCT_OWNER,ALLOW_CHARACTERIZATION_ONLY,ALLOW_G3_GENERIC_CORE_WITH_VALIDATOR_AND_ROLE_ACCOUNTABILITY,BLOCK_RELEASE_UNTIL_SIGNED
DEC-TIM-RULE,TIM,BUSINESS_RULE_AND_GOLDEN,ROLE.HRIS_TIM_ENGINEERING|ROLE.QA_EVIDENCE,ROLE.HRIS_TIM_SME,ROLE.HRIS_TIM_PRODUCT_OWNER|ROLE.KR_LABOR_STATUTORY|ROLE.PRIVACY_AUTHORITY,ROLE.INTEGRATION_CONTROL,4,8,ROLE.HRIS_TIM_PRODUCT_OWNER,ALLOW_CHARACTERIZATION_ONLY,ALLOW_G3_GENERIC_CORE_WITH_VALIDATOR_AND_ROLE_ACCOUNTABILITY,BLOCK_RELEASE_UNTIL_SIGNED
DEC-SYS-RULE,SYS,BUSINESS_RULE_AND_GOLDEN,ROLE.HRIS_SYS_ENGINEERING|ROLE.QA_EVIDENCE,ROLE.HRIS_SYS_SME,ROLE.HRIS_SYS_PRODUCT_OWNER|ROLE.AUTH_PLATFORM_OWNER,ROLE.INTEGRATION_CONTROL,8,24,ROLE.HRIS_SYS_PRODUCT_OWNER,ALLOW_CHARACTERIZATION_ONLY,ALLOW_G3_GENERIC_CORE_WITH_VALIDATOR_AND_ROLE_ACCOUNTABILITY,BLOCK_RELEASE_UNTIL_SIGNED
DEC-ARCH,CROSS_MODULE,SOR_SERVICE_API_EVENT,ROLE.HRIS_HRM_ENGINEERING|ROLE.HRIS_PER_ENGINEERING|ROLE.HRIS_PAY_ENGINEERING|ROLE.HRIS_TIM_ENGINEERING|ROLE.HRIS_SYS_ENGINEERING,ROLE.ARCHITECTURE_AUTHORITY,ROLE.DBA_AUTHORITY|ROLE.SECURITY_AUTHORITY|ROLE.INTEGRATION_CONTROL,ROLE.PROGRAM_OWNER,8,24,ROLE.PROGRAM_OWNER,ALLOW_PROPOSAL_ONLY,ALLOW_G3_GENERIC_CORE_WITH_VALIDATOR_AND_ROLE_ACCOUNTABILITY,BLOCK_RELEASE_UNTIL_SIGNED
DEC-AUTH,CROSS_MODULE,APP_DUTY_SCOPE_FIELD_SOD,ROLE.AUTH_PLATFORM_OWNER|ROLE.HRIS_SYS_ENGINEERING,ROLE.SECURITY_AUTHORITY,ROLE.PRIVACY_AUTHORITY|ROLE.HRIS_HRM_PRODUCT_OWNER|ROLE.HRIS_PER_PRODUCT_OWNER|ROLE.HRIS_PAY_PRODUCT_OWNER|ROLE.HRIS_TIM_PRODUCT_OWNER|ROLE.HRIS_SYS_PRODUCT_OWNER,ROLE.INTEGRATION_CONTROL,4,8,ROLE.PROGRAM_OWNER,ALLOW_PROPOSAL_ONLY,ALLOW_G3_GENERIC_CORE_WITH_VALIDATOR_AND_ROLE_ACCOUNTABILITY,BLOCK_RELEASE_UNTIL_SIGNED
DEC-PRIVACY,CROSS_MODULE,DATA_CLASSIFICATION_RETENTION_EXPORT,ROLE.HRIS_HRM_SME|ROLE.HRIS_PER_SME|ROLE.HRIS_PAY_SME|ROLE.HRIS_TIM_SME|ROLE.HRIS_SYS_SME,ROLE.PRIVACY_AUTHORITY,ROLE.SECURITY_AUTHORITY|ROLE.LEGAL_SOURCE_RIGHTS|ROLE.DBA_AUTHORITY,ROLE.PROGRAM_OWNER,4,8,ROLE.PROGRAM_OWNER,ALLOW_INVENTORY_ONLY,ALLOW_G3_GENERIC_CORE_WITH_VALIDATOR_AND_ROLE_ACCOUNTABILITY,BLOCK_RELEASE_UNTIL_SIGNED
DEC-DB,CROSS_MODULE,PHYSICAL_SCHEMA_CONSTRAINT_MIGRATION,ROLE.HRIS_HRM_ENGINEERING|ROLE.HRIS_PER_ENGINEERING|ROLE.HRIS_PAY_ENGINEERING|ROLE.HRIS_TIM_ENGINEERING|ROLE.HRIS_SYS_ENGINEERING,ROLE.DBA_AUTHORITY,ROLE.ARCHITECTURE_AUTHORITY|ROLE.SECURITY_AUTHORITY|ROLE.PRIVACY_AUTHORITY,ROLE.INTEGRATION_CONTROL,8,24,ROLE.PROGRAM_OWNER,ALLOW_LOGICAL_PROPOSAL_ONLY,ALLOW_G3_GENERIC_CORE_WITH_VALIDATOR_AND_ROLE_ACCOUNTABILITY,BLOCK_RELEASE_UNTIL_SIGNED
DEC-PAY-STATUTORY,PAY,KR_STATUTORY_INTERPRETATION,ROLE.HRIS_PAY_SME|ROLE.QA_EVIDENCE,ROLE.KR_PAY_STATUTORY,ROLE.LEGAL_SOURCE_RIGHTS|ROLE.HRIS_PAY_PRODUCT_OWNER|ROLE.PRIVACY_AUTHORITY,ROLE.INTEGRATION_CONTROL,4,8,ROLE.PROGRAM_OWNER,ALLOW_GAP_INVENTORY_ONLY,ALLOW_G3_GENERIC_CORE_WITH_VALIDATOR_AND_ROLE_ACCOUNTABILITY,BLOCK_ACTIVATION_UNTIL_SIGNED
DEC-TIM-STATUTORY,TIM,KR_STATUTORY_INTERPRETATION,ROLE.HRIS_TIM_SME|ROLE.QA_EVIDENCE,ROLE.KR_LABOR_STATUTORY,ROLE.LEGAL_SOURCE_RIGHTS|ROLE.HRIS_TIM_PRODUCT_OWNER|ROLE.PRIVACY_AUTHORITY,ROLE.INTEGRATION_CONTROL,4,8,ROLE.PROGRAM_OWNER,ALLOW_GAP_INVENTORY_ONLY,ALLOW_G3_GENERIC_CORE_WITH_VALIDATOR_AND_ROLE_ACCOUNTABILITY,BLOCK_ACTIVATION_UNTIL_SIGNED
DEC-SOURCE,CROSS_MODULE,SOURCE_RIGHTS_AND_HANDLING_MODE,ROLE.SOURCE_CUSTODIAN|ROLE.ARCHITECTURE_AUTHORITY,ROLE.LEGAL_SOURCE_RIGHTS,ROLE.SECURITY_AUTHORITY|ROLE.OSS_COMPLIANCE|ROLE.PRIVACY_AUTHORITY,ROLE.PROGRAM_OWNER,4,8,ROLE.STEERING_GROUP,ALLOW_CONSERVATIVE_BEHAVIOR_ANALYSIS_ONLY,ALLOW_G3_GENERIC_CORE_WITH_VALIDATOR_AND_ROLE_ACCOUNTABILITY,BLOCK_RELEASE_UNTIL_SIGNED
DEC-OSS,CROSS_MODULE,SBOM_LICENSE_NOTICE,ROLE.SOURCE_CUSTODIAN,ROLE.OSS_COMPLIANCE,ROLE.LEGAL_SOURCE_RIGHTS|ROLE.SECURITY_AUTHORITY|ROLE.ARCHITECTURE_AUTHORITY,ROLE.INTEGRATION_CONTROL,8,24,ROLE.LEGAL_SOURCE_RIGHTS,ALLOW_INVENTORY_ONLY,ALLOW_G3_GENERIC_CORE_WITH_VALIDATOR_AND_ROLE_ACCOUNTABILITY,BLOCK_RELEASE_UNTIL_SIGNED
DEC-G2-GO,CROSS_MODULE,G2_CODE_GO,ROLE.INTEGRATION_CONTROL,ROLE.ARCHITECTURE_AUTHORITY,ROLE.SECURITY_AUTHORITY|ROLE.PRIVACY_AUTHORITY|ROLE.DBA_AUTHORITY|ROLE.QA_EVIDENCE,ROLE.PROGRAM_OWNER,4,8,ROLE.PROGRAM_OWNER,NOT_APPLICABLE,ALLOW_G3_GENERIC_CORE_WITH_VALIDATOR_AND_ROLE_ACCOUNTABILITY,BLOCK_RELEASE_UNTIL_SIGNED
DEC-MERGE,CROSS_MODULE,CENTRAL_MERGE,ROLE.INTEGRATION_CONTROL,ROLE.PROGRAM_OWNER,ROLE.ARCHITECTURE_AUTHORITY|ROLE.QA_EVIDENCE,ROLE.HRIS_HRM_ENGINEERING|ROLE.HRIS_PER_ENGINEERING|ROLE.HRIS_PAY_ENGINEERING|ROLE.HRIS_TIM_ENGINEERING|ROLE.HRIS_SYS_ENGINEERING,8,24,ROLE.STEERING_GROUP,ALLOW_G1_EVIDENCE_MERGE,ALLOW_G3_GENERIC_CORE_WITH_VALIDATOR_AND_ROLE_ACCOUNTABILITY,BLOCK_RELEASE_UNTIL_SIGNED
