role_id,scope,role_kind,operating_responsibility,operational_binding_ref,named_binding_state,g1_operational_authority,g2_g3_approval_authority,production_approval_authority,delegate_required,ack_required_before_g2,escalation_role_id,status
ROLE.STEERING_GROUP,PROGRAM,GOVERNANCE,Final escalation and risk acceptance,USER_PROGRAM_SPONSOR,ROLE_BOUND_FOR_G3_ENGINEERING_G6_NAMED_PENDING,YES,YES,NO,YES,NO,ROLE.STEERING_GROUP,ACTIVE_ROLE_ID
ROLE.PROGRAM_OWNER,PROGRAM,GOVERNANCE,Program scope funding priority and owner assignment,USER_PROGRAM_SPONSOR,ROLE_BOUND_FOR_G3_ENGINEERING_G6_NAMED_PENDING,YES,YES,NO,YES,NO,ROLE.STEERING_GROUP,ACTIVE_ROLE_ID
ROLE.INTEGRATION_CONTROL,CROSS_MODULE,CONTROL,Integration baseline ownership registries Gate and merge control,CURRENT_ROOT_CONTROL_TASK,ROLE_BOUND_FOR_G3_ENGINEERING_G6_NAMED_PENDING,YES,YES,NO,YES,NO,ROLE.PROGRAM_OWNER,ACTIVE_ROLE_ID
ROLE.ARCHITECTURE_AUTHORITY,CROSS_MODULE,ASSURANCE,SoR service API event and extension architecture,INDEPENDENT_REVIEW_ROLE_ON_G1,ROLE_BOUND_FOR_G3_ENGINEERING_G6_NAMED_PENDING,YES,YES,NO,YES,NO,ROLE.PROGRAM_OWNER,ACTIVE_ROLE_ID
ROLE.SECURITY_AUTHORITY,CROSS_MODULE,ASSURANCE,Entitlement duty scope field SoD and secret security,INDEPENDENT_REVIEW_ROLE_ON_G1,ROLE_BOUND_FOR_G3_ENGINEERING_G6_NAMED_PENDING,YES,YES,NO,YES,NO,ROLE.PROGRAM_OWNER,ACTIVE_ROLE_ID
ROLE.PRIVACY_AUTHORITY,CROSS_MODULE,ASSURANCE,Data classification purpose retention export and privacy,INDEPENDENT_REVIEW_ROLE_ON_G1,ROLE_BOUND_FOR_G3_ENGINEERING_G6_NAMED_PENDING,YES,YES,NO,YES,NO,ROLE.PROGRAM_OWNER,ACTIVE_ROLE_ID
ROLE.DBA_AUTHORITY,CROSS_MODULE,ASSURANCE,Physical schema constraint migration and data operations,INDEPENDENT_REVIEW_ROLE_ON_G1,ROLE_BOUND_FOR_G3_ENGINEERING_G6_NAMED_PENDING,YES,YES,NO,YES,NO,ROLE.PROGRAM_OWNER,ACTIVE_ROLE_ID
ROLE.LEGAL_SOURCE_RIGHTS,CROSS_MODULE,ASSURANCE,Source rights derivative use and contractual boundary,INDEPENDENT_REVIEW_ROLE_ON_G1,ROLE_BOUND_FOR_G3_ENGINEERING_G6_NAMED_PENDING,YES,YES,NO,YES,NO,ROLE.STEERING_GROUP,ACTIVE_ROLE_ID
ROLE.OSS_COMPLIANCE,CROSS_MODULE,ASSURANCE,SBOM license notice and dependency disposition,INDEPENDENT_REVIEW_ROLE_ON_G1,ROLE_BOUND_FOR_G3_ENGINEERING_G6_NAMED_PENDING,YES,YES,NO,YES,NO,ROLE.LEGAL_SOURCE_RIGHTS,ACTIVE_ROLE_ID
ROLE.QA_EVIDENCE,CROSS_MODULE,ASSURANCE,Characterization golden contract reconciliation and Gate evidence,INDEPENDENT_REVIEW_ROLE_ON_G1,ROLE_BOUND_FOR_G3_ENGINEERING_G6_NAMED_PENDING,YES,YES,NO,YES,NO,ROLE.INTEGRATION_CONTROL,ACTIVE_ROLE_ID
ROLE.SOURCE_CUSTODIAN,CROSS_MODULE,OPERATIONS,Immutable source snapshot access and provenance custody,CURRENT_ROOT_CONTROL_TASK,ROLE_BOUND_FOR_G3_ENGINEERING_G6_NAMED_PENDING,YES,YES,NO,YES,NO,ROLE.LEGAL_SOURCE_RIGHTS,ACTIVE_ROLE_ID
ROLE.AUTH_PLATFORM_OWNER,SYS,PLATFORM,DWP Auth product access package and API PEP platform,INDEPENDENT_REVIEW_ROLE_ON_G1,ROLE_BOUND_FOR_G3_ENGINEERING_G6_NAMED_PENDING,YES,YES,NO,YES,NO,ROLE.SECURITY_AUTHORITY,ACTIVE_ROLE_ID
ROLE.HRIS_HRM_PRODUCT_OWNER,HRM,PRODUCT,Core HR product scope journey and acceptance,INDEPENDENT_REVIEW_ROLE_ON_G1,ROLE_BOUND_FOR_G3_ENGINEERING_G6_NAMED_PENDING,YES,YES,NO,YES,NO,ROLE.PROGRAM_OWNER,ACTIVE_ROLE_ID
ROLE.HRIS_HRM_SME,HRM,DOMAIN,Core HR organization employment and employee service rules,INDEPENDENT_REVIEW_ROLE_ON_G1,ROLE_BOUND_FOR_G3_ENGINEERING_G6_NAMED_PENDING,YES,YES,NO,YES,NO,ROLE.HRIS_HRM_PRODUCT_OWNER,ACTIVE_ROLE_ID
ROLE.HRIS_HRM_ENGINEERING,HRM,ENGINEERING,HRM characterization contracts and implementation evidence,TASK.HRIS-HRM_ON_CREATE,ROLE_BOUND_FOR_G3_ENGINEERING_G6_NAMED_PENDING,YES,YES,NO,YES,NO,ROLE.INTEGRATION_CONTROL,ACTIVE_ROLE_ID
ROLE.HRIS_PER_PRODUCT_OWNER,PER,PRODUCT,Performance product scope journey and acceptance,INDEPENDENT_REVIEW_ROLE_ON_G1,ROLE_BOUND_FOR_G3_ENGINEERING_G6_NAMED_PENDING,YES,YES,NO,YES,NO,ROLE.PROGRAM_OWNER,ACTIVE_ROLE_ID
ROLE.HRIS_PER_SME,PER,DOMAIN,Performance cycle goal review calibration and publish rules,INDEPENDENT_REVIEW_ROLE_ON_G1,ROLE_BOUND_FOR_G3_ENGINEERING_G6_NAMED_PENDING,YES,YES,NO,YES,NO,ROLE.HRIS_PER_PRODUCT_OWNER,ACTIVE_ROLE_ID
ROLE.HRIS_PER_ENGINEERING,PER,ENGINEERING,PER characterization contracts and implementation evidence,TASK.HRIS-PER_ON_CREATE,ROLE_BOUND_FOR_G3_ENGINEERING_G6_NAMED_PENDING,YES,YES,NO,YES,NO,ROLE.INTEGRATION_CONTROL,ACTIVE_ROLE_ID
ROLE.HRIS_PAY_PRODUCT_OWNER,PAY,PRODUCT,Payroll product scope journey and acceptance,INDEPENDENT_REVIEW_ROLE_ON_G1,ROLE_BOUND_FOR_G3_ENGINEERING_G6_NAMED_PENDING,YES,YES,NO,YES,NO,ROLE.PROGRAM_OWNER,ACTIVE_ROLE_ID
ROLE.HRIS_PAY_SME,PAY,DOMAIN,Payroll calculation retro payment accounting and reconciliation rules,INDEPENDENT_REVIEW_ROLE_ON_G1,ROLE_BOUND_FOR_G3_ENGINEERING_G6_NAMED_PENDING,YES,YES,NO,YES,NO,ROLE.HRIS_PAY_PRODUCT_OWNER,ACTIVE_ROLE_ID
ROLE.KR_PAY_STATUTORY,PAY,STATUTORY,KR tax insurance retirement and yearend statutory interpretation,INDEPENDENT_REVIEW_ROLE_ON_G1,ROLE_BOUND_FOR_G3_ENGINEERING_G6_NAMED_PENDING,YES,YES,NO,YES,NO,ROLE.LEGAL_SOURCE_RIGHTS,ACTIVE_ROLE_ID
ROLE.HRIS_PAY_ENGINEERING,PAY,ENGINEERING,PAY characterization contracts and implementation evidence,TASK.HRIS-PAY_ON_CREATE,ROLE_BOUND_FOR_G3_ENGINEERING_G6_NAMED_PENDING,YES,YES,NO,YES,NO,ROLE.INTEGRATION_CONTROL,ACTIVE_ROLE_ID
ROLE.HRIS_TIM_PRODUCT_OWNER,TIM,PRODUCT,Time and Leave product scope journey and acceptance,INDEPENDENT_REVIEW_ROLE_ON_G1,ROLE_BOUND_FOR_G3_ENGINEERING_G6_NAMED_PENDING,YES,YES,NO,YES,NO,ROLE.PROGRAM_OWNER,ACTIVE_ROLE_ID
ROLE.HRIS_TIM_SME,TIM,DOMAIN,Schedule punch interpretation close leave and correction rules,INDEPENDENT_REVIEW_ROLE_ON_G1,ROLE_BOUND_FOR_G3_ENGINEERING_G6_NAMED_PENDING,YES,YES,NO,YES,NO,ROLE.HRIS_TIM_PRODUCT_OWNER,ACTIVE_ROLE_ID
ROLE.KR_LABOR_STATUTORY,TIM,STATUTORY,KR work time leave maternity and labor statutory interpretation,INDEPENDENT_REVIEW_ROLE_ON_G1,ROLE_BOUND_FOR_G3_ENGINEERING_G6_NAMED_PENDING,YES,YES,NO,YES,NO,ROLE.LEGAL_SOURCE_RIGHTS,ACTIVE_ROLE_ID
ROLE.HRIS_TIM_ENGINEERING,TIM,ENGINEERING,TIM characterization contracts and implementation evidence,TASK.HRIS-TIM_ON_CREATE,ROLE_BOUND_FOR_G3_ENGINEERING_G6_NAMED_PENDING,YES,YES,NO,YES,NO,ROLE.INTEGRATION_CONTROL,ACTIVE_ROLE_ID
ROLE.HRIS_SYS_PRODUCT_OWNER,SYS,PRODUCT,HRIS shell administration integration and platform product scope,INDEPENDENT_REVIEW_ROLE_ON_G1,ROLE_BOUND_FOR_G3_ENGINEERING_G6_NAMED_PENDING,YES,YES,NO,YES,NO,ROLE.PROGRAM_OWNER,ACTIVE_ROLE_ID
ROLE.HRIS_SYS_SME,SYS,DOMAIN,HRIS admin identity configuration job import export and connector operations,INDEPENDENT_REVIEW_ROLE_ON_G1,ROLE_BOUND_FOR_G3_ENGINEERING_G6_NAMED_PENDING,YES,YES,NO,YES,NO,ROLE.HRIS_SYS_PRODUCT_OWNER,ACTIVE_ROLE_ID
ROLE.HRIS_SYS_ENGINEERING,SYS,ENGINEERING,SYS characterization contracts and implementation evidence,TASK.HRIS-SYS_ON_CREATE,ROLE_BOUND_FOR_G3_ENGINEERING_G6_NAMED_PENDING,YES,YES,NO,YES,NO,ROLE.INTEGRATION_CONTROL,ACTIVE_ROLE_ID
