record_id,session_id,dependency_role,worktree_path,head_sha,tree_sha,access_mode,clean_required,state,captured_at
SUP-CONTROL-AGENT,CONTROL,BACKEND_AGENT_EVIDENCE,/Users/a10697/Work/DWP/.codex-worktrees/hris/integration/dwp_agent,72e991be3d8a2bde2228eb5f52b7c76330686aeb,9667a3732d8685a75fe601409404f625c3b47787,READ_ONLY_PINNED,YES,READY_G3_CODE,2026-09-10T13:48:08Z
SUP-CONTROL-CONTRACT,CONTROL,FRONTEND_OFFICIAL_CONTRACT,/Users/a10697/Work/DWP/.codex-worktrees/hris/integration/dwp_agent_contract,d0550ea67f8af94a70c940ba6eddafb2681b0140,959cfddc0863eb1a91f72f93c8854443d74d321f,READ_ONLY_PINNED,YES,READY_G3_CODE,2026-09-10T13:48:08Z
SUP-CONTROL-OPENAPI,CONTROL,FRONTEND_OPENAPI_COMPAT,/Users/a10697/Work/DWP/.codex-worktrees/hris/integration/dwp_agent_openapi,61e67137dd87b16ba76e889cbd08be8a010f1192,dc38ea78e3e0ecc32302b80bce7a95c3cdf0b8a3,READ_ONLY_PINNED,YES,READY_G3_CODE,2026-09-10T13:48:08Z
SUP-HRM-AGENT,HRIS-HRM,BACKEND_AGENT_EVIDENCE,/Users/a10697/Work/DWP/.codex-worktrees/hris/g1-20260910/hrm/dwp_agent,72e991be3d8a2bde2228eb5f52b7c76330686aeb,9667a3732d8685a75fe601409404f625c3b47787,READ_ONLY_PINNED,YES,READY_G3_CODE,2026-09-10T13:48:08Z
SUP-HRM-CONTRACT,HRIS-HRM,FRONTEND_OFFICIAL_CONTRACT,/Users/a10697/Work/DWP/.codex-worktrees/hris/g1-20260910/hrm/dwp_agent_contract,d0550ea67f8af94a70c940ba6eddafb2681b0140,959cfddc0863eb1a91f72f93c8854443d74d321f,READ_ONLY_PINNED,YES,READY_G3_CODE,2026-09-10T13:48:08Z
SUP-HRM-OPENAPI,HRIS-HRM,FRONTEND_OPENAPI_COMPAT,/Users/a10697/Work/DWP/.codex-worktrees/hris/g1-20260910/hrm/dwp_agent_openapi,61e67137dd87b16ba76e889cbd08be8a010f1192,dc38ea78e3e0ecc32302b80bce7a95c3cdf0b8a3,READ_ONLY_PINNED,YES,READY_G3_CODE,2026-09-10T13:48:08Z
SUP-PER-AGENT,HRIS-PER,BACKEND_AGENT_EVIDENCE,/Users/a10697/Work/DWP/.codex-worktrees/hris/g1-20260910/per/dwp_agent,72e991be3d8a2bde2228eb5f52b7c76330686aeb,9667a3732d8685a75fe601409404f625c3b47787,READ_ONLY_PINNED,YES,READY_G3_CODE,2026-09-10T13:48:08Z
SUP-PER-CONTRACT,HRIS-PER,FRONTEND_OFFICIAL_CONTRACT,/Users/a10697/Work/DWP/.codex-worktrees/hris/g1-20260910/per/dwp_agent_contract,d0550ea67f8af94a70c940ba6eddafb2681b0140,959cfddc0863eb1a91f72f93c8854443d74d321f,READ_ONLY_PINNED,YES,READY_G3_CODE,2026-09-10T13:48:08Z
SUP-PER-OPENAPI,HRIS-PER,FRONTEND_OPENAPI_COMPAT,/Users/a10697/Work/DWP/.codex-worktrees/hris/g1-20260910/per/dwp_agent_openapi,61e67137dd87b16ba76e889cbd08be8a010f1192,dc38ea78e3e0ecc32302b80bce7a95c3cdf0b8a3,READ_ONLY_PINNED,YES,READY_G3_CODE,2026-09-10T13:48:08Z
SUP-PAY-AGENT,HRIS-PAY,BACKEND_AGENT_EVIDENCE,/Users/a10697/Work/DWP/.codex-worktrees/hris/g1-20260910/pay/dwp_agent,72e991be3d8a2bde2228eb5f52b7c76330686aeb,9667a3732d8685a75fe601409404f625c3b47787,READ_ONLY_PINNED,YES,READY_G3_CODE,2026-09-10T13:48:08Z
SUP-PAY-CONTRACT,HRIS-PAY,FRONTEND_OFFICIAL_CONTRACT,/Users/a10697/Work/DWP/.codex-worktrees/hris/g1-20260910/pay/dwp_agent_contract,d0550ea67f8af94a70c940ba6eddafb2681b0140,959cfddc0863eb1a91f72f93c8854443d74d321f,READ_ONLY_PINNED,YES,READY_G3_CODE,2026-09-10T13:48:08Z
SUP-PAY-OPENAPI,HRIS-PAY,FRONTEND_OPENAPI_COMPAT,/Users/a10697/Work/DWP/.codex-worktrees/hris/g1-20260910/pay/dwp_agent_openapi,61e67137dd87b16ba76e889cbd08be8a010f1192,dc38ea78e3e0ecc32302b80bce7a95c3cdf0b8a3,READ_ONLY_PINNED,YES,READY_G3_CODE,2026-09-10T13:48:08Z
SUP-TIM-AGENT,HRIS-TIM,BACKEND_AGENT_EVIDENCE,/Users/a10697/Work/DWP/.codex-worktrees/hris/g1-20260910/tim/dwp_agent,72e991be3d8a2bde2228eb5f52b7c76330686aeb,9667a3732d8685a75fe601409404f625c3b47787,READ_ONLY_PINNED,YES,READY_G3_CODE,2026-09-10T13:48:08Z
SUP-TIM-CONTRACT,HRIS-TIM,FRONTEND_OFFICIAL_CONTRACT,/Users/a10697/Work/DWP/.codex-worktrees/hris/g1-20260910/tim/dwp_agent_contract,d0550ea67f8af94a70c940ba6eddafb2681b0140,959cfddc0863eb1a91f72f93c8854443d74d321f,READ_ONLY_PINNED,YES,READY_G3_CODE,2026-09-10T13:48:08Z
SUP-TIM-OPENAPI,HRIS-TIM,FRONTEND_OPENAPI_COMPAT,/Users/a10697/Work/DWP/.codex-worktrees/hris/g1-20260910/tim/dwp_agent_openapi,61e67137dd87b16ba76e889cbd08be8a010f1192,dc38ea78e3e0ecc32302b80bce7a95c3cdf0b8a3,READ_ONLY_PINNED,YES,READY_G3_CODE,2026-09-10T13:48:08Z
SUP-SYS-AGENT,HRIS-SYS,BACKEND_AGENT_EVIDENCE,/Users/a10697/Work/DWP/.codex-worktrees/hris/g1-20260910/sys/dwp_agent,72e991be3d8a2bde2228eb5f52b7c76330686aeb,9667a3732d8685a75fe601409404f625c3b47787,READ_ONLY_PINNED,YES,READY_G3_CODE,2026-09-10T13:48:08Z
SUP-SYS-CONTRACT,HRIS-SYS,FRONTEND_OFFICIAL_CONTRACT,/Users/a10697/Work/DWP/.codex-worktrees/hris/g1-20260910/sys/dwp_agent_contract,d0550ea67f8af94a70c940ba6eddafb2681b0140,959cfddc0863eb1a91f72f93c8854443d74d321f,READ_ONLY_PINNED,YES,READY_G3_CODE,2026-09-10T13:48:08Z
SUP-SYS-OPENAPI,HRIS-SYS,FRONTEND_OPENAPI_COMPAT,/Users/a10697/Work/DWP/.codex-worktrees/hris/g1-20260910/sys/dwp_agent_openapi,61e67137dd87b16ba76e889cbd08be8a010f1192,dc38ea78e3e0ecc32302b80bce7a95c3cdf0b8a3,READ_ONLY_PINNED,YES,READY_G3_CODE,2026-09-10T13:48:08Z
