decision_id,session_id,scope,decision_type,question,options,proposed_decision,status,owner_role,consulted_role_ids,due_at,blocking_gate,blocking_scope,evidence_refs,resolution,decided_at,notes
HRM-DEC-001,HRIS-HRM,People and organization SoR,ARCHITECTURE,"Which system owns person, worker, assignment and organization?",Reuse DWP canonical stores|Copy SKKF stores|External-only projection,Reuse and strengthen DWP People as canonical SoR,DECIDED,ROLE.ARCHITECTURE_AUTHORITY,ROLE.HRIS_HRM_PRODUCT_OWNER|ROLE.DBA_AUTHORITY,,G2,HRM_FOUNDATION,HRIS-porting-master-plan.md; target-table-catalog.md,"DWP owns canonical public IDs, effective-dated records and owner events; no SKKF table clone.",2026-09-10T09:00:00+09:00,Engineering decision validated for generic core G3; named human approval remains a G6 production activation requirement.
HRM-DEC-002,HRIS-HRM,Employment lifecycle,PROCESS,"How are hire, appointment, change, contract and separation mutations represented?",Direct CRUD|Versioned command and workflow|Legacy screen replication,"Versioned command, validation, approval, publish and corrective event",DECIDED,ROLE.HRIS_HRM_PRODUCT_OWNER,ROLE.HRIS_HRM_SME|ROLE.ARCHITECTURE_AUTHORITY,,G2,HRM_LIFECYCLE,HRIS-porting-master-plan.md; session-prompts/01-cloudhr-hrm-session.md,Replace fragmented CRUD with guarded lifecycle aggregates and immutable history.,2026-09-10T09:00:00+09:00,Engineering decision validated for generic core G3; named human approval remains a G6 production activation requirement.
HRM-DEC-003,HRIS-HRM,People 360 and widgets,UX_ARCHITECTURE,How are numerous profile/detail/statistics screens presented?,One route per source screen|People 360 sections and workbenches|Drop all details,People 360 plus role-aware workbenches and home widgets,DECIDED,ROLE.HRIS_HRM_PRODUCT_OWNER,ROLE.HRIS_HRM_SME|ROLE.HRIS_SYS_PRODUCT_OWNER,,G2,HRM_INFORMATION_ARCHITECTURE,uiux-and-menu-blueprint.md; session-prompts/01-cloudhr-hrm-session.md,Consolidate list/detail/tab aliases while preserving every business behavior in child trace.,2026-09-10T09:00:00+09:00,Engineering decision validated for generic core G3; named human approval remains a G6 production activation requirement.
HRM-DEC-004,HRIS-HRM,Reference and template configuration,CONFIGURATION,"How are codes, metadata, appointment standards and templates customized?",Hardcode|Tenant fork|Versioned typed configuration,"Versioned typed configuration with validate, simulate, approve and publish",DECIDED,ROLE.HRIS_SYS_PRODUCT_OWNER,ROLE.HRIS_HRM_PRODUCT_OWNER|ROLE.SECURITY_AUTHORITY,,G2,HRM_CONFIGURATION,target-table-catalog.md; HRIS-porting-master-plan.md,Use product core defaults plus effective-dated tenant configuration; no company branch.,2026-09-10T09:00:00+09:00,Engineering decision validated for generic core G3; named human approval remains a G6 production activation requirement.
HRM-DEC-005,HRIS-HRM,DWP common platforms,REUSE,"Should HRM own users, approvals, notifications, portal and object delivery?",Build HRM copies|Reuse DWP platforms,"Reuse DWP Identity, Approval, Notification, Audit, Object Storage and shell",DECIDED,ROLE.ARCHITECTURE_AUTHORITY,ROLE.AUTH_PLATFORM_OWNER|ROLE.HRIS_SYS_PRODUCT_OWNER,,G2,SHARED_PLATFORM,session-prompts/00-common-session-contract.md; authorization-blueprint.md,HRM stores business correlation and evidence references only; platform remains system owner.,2026-09-10T09:00:00+09:00,Engineering decision validated for generic core G3; named human approval remains a G6 production activation requirement.
HRM-DEC-006,HRIS-HRM,Workforce integrations,EXTENSIBILITY,"How are KeyFoundry, Workday, ERP and other company interfaces migrated?",Embed provider branches|Generic contract plus adapters|Ignore,Generic ingestion/mapping/reconciliation core with typed provider adapters,DECIDED,ROLE.ARCHITECTURE_AUTHORITY,ROLE.HRIS_HRM_PRODUCT_OWNER|ROLE.SECURITY_AUTHORITY,,G2,HRM_INTEGRATION,HRIS-porting-master-plan.md; target-table-catalog.md,Transport and credentials stay in DWP integration control; HRM owns semantic validation and projection.,2026-09-10T09:00:00+09:00,Engineering decision validated for generic core G3; named human approval remains a G6 production activation requirement.
HRM-DEC-007,HRIS-HRM,HRM jobs,OPERATIONS,Where are HRM batch schedules and runs managed?,Each HRIS app scheduler|Central DWP automation|Copy reflection batch,Central DWP automation control plane with code-owned HRM job manifests,DECIDED,ROLE.HRIS_SYS_PRODUCT_OWNER,ROLE.HRIS_HRM_PRODUCT_OWNER|ROLE.ARCHITECTURE_AUTHORITY,,G2,HRM_JOB_CONTROL,session-prompts/00-common-session-contract.md; full-module-readiness-revalidation-2026-09-10.md,"Scheduler is centralized; execution remains in owner service with receipt, lease, retry and DLQ.",2026-09-10T09:00:00+09:00,Engineering decision validated for generic core G3; named human approval remains a G6 production activation requirement.
HRM-DEC-008,HRIS-HRM,BENSK and ADDSK,SCOPE,Can customer-specific BENSK or ADDSK behavior enter product core?,Include|Exclude or signed extension,Exclude BENSK/ADDSK; only independently justified generic contracts may exist,DECIDED,ROLE.HRIS_HRM_PRODUCT_OWNER,ROLE.SECURITY_AUTHORITY|ROLE.LEGAL_SOURCE_RIGHTS,,G2,CUSTOMER_CONTAMINATION,session-prompts/00-common-session-contract.md; customer-specific-contamination-register.csv,Two BENSK routes are retired and no excluded source is opened or implemented.,2026-09-10T09:00:00+09:00,Engineering decision validated for generic core G3; named human approval remains a G6 production activation requirement.
HRM-DEC-009,HRIS-HRM,Legacy technical surfaces,RETIREMENT,"What happens to samples, publishing demos, duplicate portal/loading and unsafe utility endpoints?",Migrate|Retire|Keep hidden,Retire and prove absence from target runtime,DECIDED,ROLE.HRIS_HRM_PRODUCT_OWNER,ROLE.SECURITY_AUTHORITY|ROLE.QA_EVIDENCE,,G2,LEGACY_RETIREMENT,HRIS-porting-master-plan.md; session-prompts/01-cloudhr-hrm-session.md,Preserve trace only; useful widget meaning is rebuilt through governed home contracts.,2026-09-10T09:00:00+09:00,Engineering decision validated for generic core G3; named human approval remains a G6 production activation requirement.
HRM-DEC-010,HRIS-HRM,Company-specific rewards,EXTENSION,How is non-universal fuel-support behavior handled?,Core table and menu|Tenant config|Signed extension,Signed tenant extension with declared capabilities,DECIDED,ROLE.HRIS_HRM_PRODUCT_OWNER,ROLE.HRIS_SYS_PRODUCT_OWNER|ROLE.SECURITY_AUTHORITY,,G2,TENANT_EXTENSION,HRIS-porting-master-plan.md; modern-hris-capability-roadmap.csv,No customer reward policy is hardcoded into Core HR.,2026-09-10T09:00:00+09:00,Engineering decision validated for generic core G3; named human approval remains a G6 production activation requirement.
HRM-DEC-011,HRIS-HRM,Sensitive fields and retention,PRIVACY,"How are identifiers, bank, family, accessibility and documents protected?",Broad HR role|Purpose-bound field policy|Client hiding,"Purpose-bound owner PEP with VIEW/MASK/OMIT, step-up and retention",DECIDED,ROLE.PRIVACY_AUTHORITY,ROLE.SECURITY_AUTHORITY|ROLE.HRIS_HRM_PRODUCT_OWNER,,G2,HRM_PRIVACY,authorization-blueprint.md; target-table-catalog.md,API and repository enforce population and field decisions; UI projection is not an authorization boundary.,2026-09-10T09:00:00+09:00,Engineering decision validated for generic core G3; named human approval remains a G6 production activation requirement.
HRM-DEC-012,HRIS-HRM,Security-blocked artifacts,SECURITY,How are blocked metadata-export and template assets handled without source access?,Infer behavior|Open raw source|Safe DWP substitute,Safe DWP typed metadata and template contracts without legacy inference,DECIDED,ROLE.SECURITY_AUTHORITY,ROLE.HRIS_HRM_PRODUCT_OWNER|ROLE.LEGAL_SOURCE_RIGHTS,,G2,BLOCKED_SOURCE_SUBSTITUTE,g0/source-security-evidence/coverage-sanitized-access-register.csv; g0/source-governance-decision.md,Blocked bytes remain unopened; exposed artifact identity is mapped to a product-safe substitute.,2026-09-10T09:00:00+09:00,Engineering decision validated for generic core G3; named human approval remains a G6 production activation requirement.
HRM-DEC-013,HRIS-HRM,Downstream contracts,INTEGRATION_CONTRACT,"How do TIM, PAY and PER consume people and organization data?",Database join|Mutable shared table|Versioned snapshot and event,Versioned snapshot/bootstrap plus transactional owner events,DECIDED,ROLE.ARCHITECTURE_AUTHORITY,ROLE.HRIS_HRM_PRODUCT_OWNER|ROLE.HRIS_TIM_PRODUCT_OWNER|ROLE.HRIS_PAY_PRODUCT_OWNER|ROLE.HRIS_PER_PRODUCT_OWNER,,G2,CROSS_MODULE_SNAPSHOT,session-prompts/01-cloudhr-hrm-session.md; target-table-catalog.md,"No cross-context repository access; consumers use public IDs, schema versions, cursor and inbox idempotency.",2026-09-10T09:00:00+09:00,Engineering decision validated for generic core G3; named human approval remains a G6 production activation requirement.
HRM-DEC-014,HRIS-HRM,Physical data design,DATA_ARCHITECTURE,What physical integrity model applies to HRM?,"Legacy tables|Current tables unchanged|Tenant composite keys, half-open ranges and immutable events",Strengthen current DWP tables and add governed HRM aggregates,DECIDED,ROLE.DBA_AUTHORITY,ROLE.ARCHITECTURE_AUTHORITY|ROLE.HRIS_HRM_PRODUCT_OWNER,,G2,HRM_PHYSICAL_SCHEMA,target-table-catalog.md; session-evidence/hrm/g2-readiness/physical-schema-blueprint.sql,"Use tenant-scoped FK/UK, [from,to) exclusion, optimistic version, append-only publish records and forward correction.",2026-09-10T09:00:00+09:00,Engineering decision validated for generic core G3; named human approval remains a G6 production activation requirement.
HRM-DEC-015,HRIS-HRM,Synthetic golden evidence,QUALITY,What proves Core HR correctness without customer production data?,Wait for customer data|Synthetic versioned golden cases|Happy-path manual test,"Synthetic versioned golden cases plus tenant, authorization, replay and invariant tests",DECIDED,ROLE.QA_EVIDENCE,ROLE.HRIS_HRM_SME|ROLE.SECURITY_AUTHORITY|ROLE.PRIVACY_AUTHORITY,,G2,HRM_GOLDEN_TESTS,session-evidence/hrm/g2-readiness/synthetic-golden-spec.md; session-evidence/hrm/g2-readiness/synthetic-golden-fixtures.json,"Customer data is required only for parity/cutover activation, not for core engine readiness.",2026-09-10T09:00:00+09:00,Engineering decision validated for generic core G3; named human approval remains a G6 production activation requirement.
