duty_code,binding_order,duty_name_ko,domain,surface,menu_node_key,route_contract_key,capability_key,resource_type,resource_key,permission_code,owner_service,population_types,field_group_keys,risk_tier,step_up_required,approval_required,dynamic_sod_rule_codes,package_codes,implementation_status,current_source_evidence,api_pep_status,ui_projection_status
HRIS_DUTY_SELF_PROFILE_READER,10,본인 프로필 조회,SELF_SERVICE,personal,hcm.personal.profile,route.hcm.personal.me.page,hcm.personal.profile.view,DATA,DATA.HRIS_SELF_PROFILE,VIEW,dwp-people-server,SELF,SELF_PROFILE,LOW,N,N,,HRIS_EMPLOYEE,TARGET_NEW,hcm-navigation.ts,TARGET_REQUIRED,TARGET_REQUIRED
HRIS_DUTY_SELF_PROFILE_EDITOR,10,본인 프로필 수정,SELF_SERVICE,personal,hcm.personal.profile,route.hcm.personal.profile-update.action,hcm.personal.profile.update,DATA,DATA.HRIS_SELF_PROFILE,UPDATE,dwp-people-server,SELF,SELF_PROFILE,MEDIUM,N,N,,HRIS_EMPLOYEE,TARGET_NEW,hcm-navigation.ts,TARGET_REQUIRED,TARGET_REQUIRED
HRIS_DUTY_SELF_TIME_READER,10,본인 근태 조회,SELF_SERVICE,personal,hcm.personal.time,route.hcm.personal.time.page,hcm.personal.time.view,DATA,DATA.HR_TIME,VIEW,dwp-time-server,SELF,SELF_TIME,LOW,N,N,,HRIS_EMPLOYEE,REUSE_WITH_CHANGE,V50__authorize_hr_domain_operations.sql|hcm-navigation.ts,CURRENT_PARTIAL,CURRENT_PARTIAL
HRIS_DUTY_SELF_TIME_SUBMITTER,10,본인 근태 제출,SELF_SERVICE,personal,hcm.personal.time,route.hcm.personal.time-submit.action,hcm.personal.time.submit,DATA,DATA.HR_TIME,CREATE,dwp-time-server,SELF,SELF_TIME,MEDIUM,N,N,,HRIS_EMPLOYEE,REUSE_WITH_CHANGE,V50__authorize_hr_domain_operations.sql,TARGET_REQUIRED,TARGET_REQUIRED
HRIS_DUTY_SELF_ABSENCE_READER,10,본인 휴가 조회,SELF_SERVICE,personal,hcm.personal.leave,route.hcm.personal.absence.page,hcm.personal.leave.view,DATA,DATA.HR_ABSENCE,VIEW,dwp-time-server,SELF,SELF_LEAVE,LOW,N,N,,HRIS_EMPLOYEE,REUSE_WITH_CHANGE,V50__authorize_hr_domain_operations.sql|hcm-navigation.ts,CURRENT_PARTIAL,CURRENT_PARTIAL
HRIS_DUTY_SELF_ABSENCE_REQUESTER,10,본인 휴가 신청,SELF_SERVICE,personal,hcm.personal.leave,route.hcm.personal.absence-create.action,hcm.personal.leave.request,DATA,DATA.HR_ABSENCE,CREATE,dwp-time-server,SELF,SELF_LEAVE,MEDIUM,N,N,,HRIS_EMPLOYEE,REUSE_WITH_CHANGE,V50__authorize_hr_domain_operations.sql,TARGET_REQUIRED,TARGET_REQUIRED
HRIS_DUTY_SELF_PAY_STATEMENT_READER,10,본인 급여명세 조회,SELF_SERVICE,personal,hcm.personal.pay,route.hcm.personal.pay.page,hcm.personal.pay-statement.view,DATA,DATA.HR_PAY,VIEW,dwp-payroll-server,SELF,SELF_PAY,HIGH,Y,N,,HRIS_EMPLOYEE,REUSE_WITH_CHANGE,V50__authorize_hr_domain_operations.sql|hcm-navigation.ts,CURRENT_PARTIAL,CURRENT_PARTIAL
HRIS_DUTY_SELF_PERFORMANCE_READER,10,본인 성과 조회,SELF_SERVICE,personal,hcm.personal.performance,route.hcm.personal.talent.page,hcm.personal.performance.view,DATA,DATA.HR_TALENT,VIEW,dwp-people-server,SELF,SELF_PERFORMANCE,MEDIUM,N,N,,HRIS_EMPLOYEE,REUSE_WITH_CHANGE,V50__authorize_hr_domain_operations.sql|hcm-navigation.ts,CURRENT_PARTIAL,CURRENT_PARTIAL
HRIS_DUTY_MANAGER_TEAM_READER,10,팀 구성원 조회,MANAGER,team,hcm.team.members,route.hcm.team.home.page,hcm.team.members.view,DATA,DATA.HRIS_WORKFORCE,VIEW,dwp-people-server,DIRECT_REPORTS|APPROVED_DELEGATION,DIRECTORY|LIMITED_EMPLOYMENT,MEDIUM,N,N,,HRIS_LINE_MANAGER,TARGET_NEW,HcmPopulationScopeService.java,TARGET_REQUIRED,TARGET_REQUIRED
HRIS_DUTY_MANAGER_TIME_APPROVER,10,팀 근태 승인,MANAGER,team,hcm.team.time,route.hcm.team.time-decision.action,hcm.team.time.approve,DATA,DATA.HR_TIME,APPROVE,dwp-time-server,DIRECT_REPORTS|APPROVED_DELEGATION,TIME_DETAIL,HIGH,N,Y,NO_SELF_APPROVAL|NO_APPROVE_OWN_CHANGE,HRIS_LINE_MANAGER,REUSE_WITH_CHANGE,V50__authorize_hr_domain_operations.sql|hcm-navigation.ts,CURRENT_PARTIAL,CURRENT_PARTIAL
HRIS_DUTY_MANAGER_ABSENCE_APPROVER,10,팀 휴가 승인,MANAGER,team,hcm.team.leave,route.hcm.team.absence-decision.action,hcm.team.leave.approve,DATA,DATA.HR_ABSENCE,APPROVE,dwp-time-server,DIRECT_REPORTS|APPROVED_DELEGATION,ABSENCE_REQUEST|ABSENCE_REASON_MINIMIZED,HIGH,N,Y,NO_SELF_APPROVAL|NO_APPROVE_OWN_CHANGE,HRIS_LINE_MANAGER,REUSE_WITH_CHANGE,V50__authorize_hr_domain_operations.sql|hcm-navigation.ts,CURRENT_PARTIAL,CURRENT_PARTIAL
HRIS_DUTY_MANAGER_PEOPLE_CHANGE_REQUESTER,10,팀 인사변경 요청,MANAGER,team,hcm.team.people-changes,route.hcm.team.people-change-create.action,hcm.team.people-change.request,ACTION,ACTION.HRIS_PEOPLE_CHANGE_REQUEST,CREATE,dwp-people-server,DIRECT_REPORTS|APPROVED_DELEGATION,LIMITED_EMPLOYMENT,HIGH,N,Y,,HRIS_LINE_MANAGER,TARGET_NEW,hcm-navigation.ts,TARGET_REQUIRED,TARGET_REQUIRED
HRIS_DUTY_MANAGER_PERFORMANCE_REVIEWER,10,팀 성과평가 입력,MANAGER,team,hcm.team.performance,route.hcm.team.performance-review-update.action,hcm.team.performance.review,DATA,DATA.HRIS_PERFORMANCE_REVIEW,UPDATE,dwp-people-server,ASSIGNED_REVIEW_POPULATION,PERFORMANCE_ASSIGNED,HIGH,N,N,NO_REVIEW_OUTSIDE_ASSIGNMENT,HRIS_LINE_MANAGER,TARGET_NEW,hcm-navigation.ts,TARGET_REQUIRED,TARGET_REQUIRED
HRIS_DUTY_CORE_VIEWER,10,인사정보 조회,CORE_HR,operations,hcm.operations.people,route.hcm.operations.people.page,hcm.operations.people.view,DATA,DATA.HRIS_WORKFORCE,VIEW,dwp-people-server,ORG_UNIT|ORG_TREE|LEGAL_ENTITY|NAMED_POPULATION,DIRECTORY|EMPLOYMENT|ORGANIZATION,HIGH,N,N,,HRIS_HR_BUSINESS_PARTNER|HRIS_HR_LIFECYCLE_APPROVER|HRIS_HR_SENSITIVE_DATA_READER|HRIS_WORKFORCE_EXPORT_OPERATOR,TARGET_NEW,V34__add_workforce_access_boundaries.sql,TARGET_REQUIRED,TARGET_REQUIRED
HRIS_DUTY_CORE_EDITOR,10,인사정보 수정,CORE_HR,operations,hcm.operations.people,route.hcm.operations.person-update.action,hcm.operations.people.update,DATA,DATA.HRIS_WORKFORCE,UPDATE,dwp-people-server,ORG_UNIT|ORG_TREE|LEGAL_ENTITY|NAMED_POPULATION,EMPLOYMENT|ORGANIZATION,HIGH,N,N,,HRIS_HR_BUSINESS_PARTNER,TARGET_NEW,V34__add_workforce_access_boundaries.sql,TARGET_REQUIRED,TARGET_REQUIRED
HRIS_DUTY_CORE_APPROVER,10,인사변경 승인,CORE_HR,operations,hcm.operations.people-changes,route.hcm.operations.people-change-approve.action,hcm.operations.people-change.approve,ACTION,ACTION.HRIS_WORKFORCE_CHANGE_APPROVE,APPROVE,dwp-people-server,ORG_UNIT|ORG_TREE|LEGAL_ENTITY|NAMED_POPULATION,EMPLOYMENT|ORGANIZATION,CRITICAL,Y,Y,NO_APPROVE_OWN_CHANGE,HRIS_HR_LIFECYCLE_APPROVER,TARGET_NEW,HcmHighRiskCommandGuard.java,TARGET_REQUIRED,TARGET_REQUIRED
HRIS_DUTY_SENSITIVE_VIEWER,10,민감 인사정보 조회,CORE_HR,operations,hcm.operations.people-sensitive,route.hcm.operations.person-sensitive.data,hcm.operations.people-sensitive.view,DATA,DATA.HRIS_PERSON_SENSITIVE,VIEW,dwp-people-server,NAMED_POPULATION,PERSONAL_IDENTIFIER|CONTACT|DOCUMENT_CONTENT,CRITICAL,Y,Y,PURPOSE_BOUND_ACCESS,HRIS_HR_SENSITIVE_DATA_READER,TARGET_NEW,V34__add_workforce_access_boundaries.sql,TARGET_REQUIRED,TARGET_REQUIRED
HRIS_DUTY_COMPENSATION_VIEWER,10,보상정보 조회,CORE_HR,operations,hcm.operations.compensation,route.hcm.operations.compensation.data,hcm.operations.compensation.view,DATA,DATA.HRIS_COMPENSATION,VIEW,dwp-payroll-server,LEGAL_ENTITY|PAY_GROUP|NAMED_POPULATION,COMPENSATION,CRITICAL,Y,Y,PURPOSE_BOUND_ACCESS,HRIS_HR_COMPENSATION_READER,TARGET_NEW,V50__authorize_hr_domain_operations.sql,TARGET_REQUIRED,TARGET_REQUIRED
HRIS_DUTY_WORKFORCE_EXPORTER,10,인사정보 통제반출,CORE_HR,management,hcm.controlled-export,route.hcm.management.controlled-export-create.action,hcm.controlled-export.create,ACTION,ACTION.WORKFORCE_CONTROLLED_EXPORT,EXPORT,dwp-people-server,NAMED_POPULATION,APPROVED_EXPORT_FIELDS,CRITICAL,Y,Y,PURPOSE_BOUND_EXPORT|NO_EXPORT_OWN_APPROVAL,HRIS_WORKFORCE_EXPORT_OPERATOR,REUSE_WITH_CHANGE,product-surface-authorization.v1.json,CURRENT_PARTIAL,CURRENT_PARTIAL
HRIS_DUTY_TIME_OPERATOR,10,근태 운영·정정,TIME,operations,hcm.operations.time,route.hcm.operations.time-entry-update.action,hcm.operations.time.update,DATA,DATA.HR_TIME,UPDATE,dwp-time-server,ORG_UNIT|ORG_TREE|LEGAL_ENTITY|TIME_GROUP,TIME_DETAIL|LIMITED_PROFILE,HIGH,N,N,,HRIS_TIMEKEEPER,REUSE_WITH_CHANGE,V50__authorize_hr_domain_operations.sql,TARGET_REQUIRED,CURRENT_PARTIAL
HRIS_DUTY_TIME_APPROVER,10,근태 승인,TIME,operations,hcm.operations.time-approval,route.hcm.operations.time-approve.action,hcm.operations.time.approve,DATA,DATA.HR_TIME,APPROVE,dwp-time-server,ORG_UNIT|ORG_TREE|LEGAL_ENTITY|TIME_GROUP,TIME_DETAIL|LIMITED_PROFILE,HIGH,N,Y,NO_SELF_APPROVAL|NO_APPROVE_OWN_CHANGE,HRIS_TIME_APPROVER,REUSE_WITH_CHANGE,V50__authorize_hr_domain_operations.sql,CURRENT_PARTIAL,CURRENT_PARTIAL
HRIS_DUTY_TIME_CLOSE_OPERATOR,10,근태 기간마감,TIME,operations,hcm.operations.time-close,route.hcm.operations.time-close.action,hcm.operations.time.close,ACTION,ACTION.HRIS_TIME_CLOSE,EXECUTE,dwp-time-server,LEGAL_ENTITY|TIME_GROUP,TIME_RESULT|LIMITED_PROFILE,CRITICAL,Y,Y,NO_CLOSE_WITH_UNRESOLVED_EXCEPTION,HRIS_TIME_CONTROLLER,TARGET_NEW,V38__create_hr_domain_operations.sql,TARGET_REQUIRED,TARGET_REQUIRED
HRIS_DUTY_TIME_REOPEN_OPERATOR,10,근태 마감해제,TIME,operations,hcm.operations.time-close,route.hcm.operations.time-reopen.action,hcm.operations.time.reopen,ACTION,ACTION.HRIS_TIME_REOPEN,MANAGE,dwp-time-server,LEGAL_ENTITY|TIME_GROUP,TIME_RESULT|LIMITED_PROFILE,CRITICAL,Y,Y,NO_REOPEN_OWN_CLOSE,HRIS_TIME_CONTROLLER,TARGET_NEW,V38__create_hr_domain_operations.sql,TARGET_REQUIRED,TARGET_REQUIRED
HRIS_DUTY_ABSENCE_OPERATOR,10,휴가 운영,ABSENCE,operations,hcm.operations.leave,route.hcm.operations.absence-update.action,hcm.operations.leave.update,DATA,DATA.HR_ABSENCE,UPDATE,dwp-time-server,ORG_UNIT|ORG_TREE|LEGAL_ENTITY,ABSENCE_BALANCE|ABSENCE_REASON_EVIDENCE|LIMITED_PROFILE,HIGH,N,N,,HRIS_LEAVE_ADMINISTRATOR,REUSE_WITH_CHANGE,V50__authorize_hr_domain_operations.sql,TARGET_REQUIRED,CURRENT_PARTIAL
HRIS_DUTY_ABSENCE_APPROVER,10,휴가 승인,ABSENCE,operations,hcm.operations.leave-approval,route.hcm.operations.absence-approve.action,hcm.operations.leave.approve,DATA,DATA.HR_ABSENCE,APPROVE,dwp-time-server,ORG_UNIT|ORG_TREE|LEGAL_ENTITY,ABSENCE_REQUEST|ABSENCE_REASON_MINIMIZED,HIGH,N,Y,NO_SELF_APPROVAL|NO_APPROVE_OWN_CHANGE,HRIS_LEAVE_APPROVER,REUSE_WITH_CHANGE,V50__authorize_hr_domain_operations.sql,CURRENT_PARTIAL,CURRENT_PARTIAL
HRIS_DUTY_ABSENCE_BALANCE_ADJUSTER,10,휴가잔액 조정,ABSENCE,operations,hcm.operations.leave-balance,route.hcm.operations.absence-balance-adjust.action,hcm.operations.leave-balance.adjust,ACTION,ACTION.HRIS_ABSENCE_BALANCE_ADJUST,EXECUTE,dwp-time-server,ORG_UNIT|ORG_TREE|LEGAL_ENTITY,ABSENCE_BALANCE,CRITICAL,Y,Y,,HRIS_LEAVE_BALANCE_ADJUSTER,TARGET_NEW,V38__create_hr_domain_operations.sql,TARGET_REQUIRED,TARGET_REQUIRED
HRIS_DUTY_ABSENCE_ADJUSTMENT_APPROVER,10,휴가잔액 조정 승인,ABSENCE,operations,hcm.operations.leave-balance,route.hcm.operations.absence-balance-approve.action,hcm.operations.leave-balance.approve,ACTION,ACTION.HRIS_ABSENCE_BALANCE_ADJUST,APPROVE,dwp-time-server,ORG_UNIT|ORG_TREE|LEGAL_ENTITY,ABSENCE_BALANCE,CRITICAL,Y,Y,NO_APPROVE_OWN_ADJUSTMENT,HRIS_LEAVE_ADJUSTMENT_APPROVER,TARGET_NEW,V38__create_hr_domain_operations.sql,TARGET_REQUIRED,TARGET_REQUIRED
HRIS_DUTY_PAYROLL_SUPPORT_VIEWER,10,마스킹 급여상태 조회,PAYROLL,operations,hcm.operations.payroll-support,route.hcm.operations.payroll-support.data,hcm.operations.payroll-support.view,DATA,DATA.HRIS_PAYROLL_STATUS,VIEW,dwp-payroll-server,LEGAL_ENTITY|PAY_GROUP|NAMED_POPULATION,PAY_RESULT_MASKED,HIGH,Y,N,PURPOSE_BOUND_ACCESS,HRIS_PAYROLL_SUPPORT_VIEWER,TARGET_NEW,V50__authorize_hr_domain_operations.sql,TARGET_REQUIRED,TARGET_REQUIRED
HRIS_DUTY_PAYROLL_PREPARER,10,급여입력 준비,PAYROLL,operations,hcm.operations.payroll-inputs,route.hcm.operations.payroll-input-update.action,hcm.operations.payroll-inputs.update,DATA,DATA.HRIS_PAYROLL_INPUT,UPDATE,dwp-payroll-server,LEGAL_ENTITY|PAY_GROUP,COMPENSATION|PAY_INPUT|TAX_LIMITED,CRITICAL,Y,N,,HRIS_PAYROLL_SPECIALIST,TARGET_NEW,V50__authorize_hr_domain_operations.sql,TARGET_REQUIRED,TARGET_REQUIRED
HRIS_DUTY_PAYROLL_RUN_OPERATOR,10,급여계산 실행,PAYROLL,operations,hcm.operations.payroll-run,route.hcm.operations.payroll-run.action,hcm.operations.payroll-run.execute,ACTION,ACTION.HRIS_PAYROLL_RUN,EXECUTE,dwp-payroll-server,LEGAL_ENTITY|PAY_GROUP,PAY_INPUT|PAY_RESULT,CRITICAL,Y,Y,,HRIS_PAYROLL_RUN_OPERATOR,TARGET_NEW,V38__create_hr_domain_operations.sql,TARGET_REQUIRED,TARGET_REQUIRED
HRIS_DUTY_PAYROLL_VALIDATOR,10,급여결과 검증,PAYROLL,operations,hcm.operations.payroll-validate,route.hcm.operations.payroll-validate.action,hcm.operations.payroll-validate.execute,ACTION,ACTION.HRIS_PAYROLL_VALIDATE,EXECUTE,dwp-payroll-server,LEGAL_ENTITY|PAY_GROUP,PAY_RESULT|TAX_LIMITED,CRITICAL,Y,N,INDEPENDENT_RECONCILIATION,HRIS_PAYROLL_VALIDATOR,TARGET_NEW,V38__create_hr_domain_operations.sql,TARGET_REQUIRED,TARGET_REQUIRED
HRIS_DUTY_PAYROLL_APPROVER,10,급여결과 승인,PAYROLL,operations,hcm.operations.payroll-approve,route.hcm.operations.payroll-approve.action,hcm.operations.payroll.approve,ACTION,ACTION.HRIS_PAYROLL_APPROVE,APPROVE,dwp-payroll-server,LEGAL_ENTITY|PAY_GROUP,PAY_RESULT|TAX_LIMITED,CRITICAL,Y,Y,NO_APPROVE_OWN_RUN,HRIS_PAYROLL_CONTROLLER,TARGET_NEW,V50__authorize_hr_domain_operations.sql,TARGET_REQUIRED,TARGET_REQUIRED
HRIS_DUTY_PAYROLL_RELEASER,10,급여 지급·명세 게시,PAYROLL,operations,hcm.operations.payroll-release,route.hcm.operations.payroll-release.action,hcm.operations.payroll.release,ACTION,ACTION.HRIS_PAYROLL_RELEASE,EXECUTE,dwp-payroll-server,LEGAL_ENTITY|PAY_GROUP,PAY_RESULT|PAY_STATEMENT|BANK_PAYMENT,CRITICAL,Y,Y,NO_RELEASE_OWN_PREPARATION|NO_RELEASE_OWN_RUN|NO_RELEASE_OWN_BANK_CHANGE,HRIS_PAYROLL_RELEASE_OFFICER,TARGET_NEW,V38__create_hr_domain_operations.sql,TARGET_REQUIRED,TARGET_REQUIRED
HRIS_DUTY_PAYROLL_ACCOUNTING_POSTER,10,급여 회계전표 게시,PAYROLL,operations,hcm.operations.payroll-accounting,route.hcm.operations.payroll-gl-post.action,hcm.operations.payroll.accounting-post,ACTION,ACTION.HRIS_PAYROLL_GL_POST,EXECUTE,dwp-payroll-server,LEGAL_ENTITY|PAY_GROUP,PAY_RESULT|ACCOUNTING,CRITICAL,Y,Y,NO_POST_UNAPPROVED_RUN,HRIS_PAYROLL_ACCOUNTING,TARGET_NEW,V38__create_hr_domain_operations.sql,TARGET_REQUIRED,TARGET_REQUIRED
HRIS_DUTY_BANK_TAX_MAINTAINER,10,계좌·세무정보 변경,PAYROLL,operations,hcm.operations.bank-tax,route.hcm.operations.bank-tax-update.action,hcm.operations.bank-tax.update,DATA,DATA.HRIS_BANK_TAX,UPDATE,dwp-payroll-server,LEGAL_ENTITY|PAY_GROUP|NAMED_POPULATION,BANK_PAYMENT|TAX_SOCIAL_INSURANCE|PERSONAL_IDENTIFIER,CRITICAL,Y,Y,,HRIS_BANK_TAX_MAINTAINER,TARGET_NEW,V50__authorize_hr_domain_operations.sql,TARGET_REQUIRED,TARGET_REQUIRED
HRIS_DUTY_STATUTORY_OPERATOR,10,법정 신고 실행,STATUTORY,operations,hcm.operations.statutory,route.hcm.operations.statutory-file.action,hcm.operations.statutory.execute,ACTION,ACTION.HRIS_STATUTORY_FILING,EXECUTE,dwp-payroll-server,LEGAL_ENTITY|PAY_GROUP,TAX_SOCIAL_INSURANCE|RETIREMENT|YEAR_END|LIMITED_PROFILE,CRITICAL,Y,Y,NO_FILE_UNAPPROVED_PAYROLL,HRIS_STATUTORY_OPERATOR,TARGET_NEW,V38__create_hr_domain_operations.sql,TARGET_REQUIRED,TARGET_REQUIRED
HRIS_DUTY_PERFORMANCE_OPERATOR,10,성과주기 운영,PERFORMANCE,operations,hcm.operations.performance,route.hcm.operations.performance-update.action,hcm.operations.performance.update,DATA,DATA.HR_TALENT,UPDATE,dwp-people-server,ORG_TREE|NAMED_POPULATION,PERFORMANCE|LIMITED_PROFILE,HIGH,N,N,,HRIS_PERFORMANCE_OPERATOR,REUSE_WITH_CHANGE,V50__authorize_hr_domain_operations.sql,TARGET_REQUIRED,CURRENT_PARTIAL
HRIS_DUTY_PERFORMANCE_CALIBRATOR,10,성과 보정,PERFORMANCE,operations,hcm.operations.performance-calibration,route.hcm.operations.performance-calibrate.action,hcm.operations.performance.calibrate,ACTION,ACTION.HRIS_PERFORMANCE_CALIBRATE,EXECUTE,dwp-people-server,NAMED_POPULATION,PERFORMANCE_PRIVATE,CRITICAL,Y,Y,,HRIS_PERFORMANCE_CALIBRATOR,TARGET_NEW,V38__create_hr_domain_operations.sql,TARGET_REQUIRED,TARGET_REQUIRED
HRIS_DUTY_PERFORMANCE_RESULT_PUBLISHER,10,성과결과 공개,PERFORMANCE,operations,hcm.operations.performance-results,route.hcm.operations.performance-publish.action,hcm.operations.performance.publish,ACTION,ACTION.HRIS_PERFORMANCE_PUBLISH,PUBLISH,dwp-people-server,NAMED_POPULATION,PERFORMANCE_PRIVATE,CRITICAL,Y,Y,NO_PUBLISH_OWN_CALIBRATION,HRIS_PERFORMANCE_RESULT_PUBLISHER,TARGET_NEW,V38__create_hr_domain_operations.sql,TARGET_REQUIRED,TARGET_REQUIRED
HRIS_DUTY_POLICY_AUTHOR,10,HRIS 정책 작성,CONFIGURATION,management,hcm.management.hris-policy,route.hcm.management.hris-policy-update.action,hcm.configuration.policy.update,CONFIG,CONFIG.HRIS_POLICY,UPDATE,dwp-people-server,POLICY_NODE|LEGAL_ENTITY,CONFIGURATION,HIGH,N,N,,HRIS_CONFIG_AUTHOR,TARGET_NEW,V92__govern_app_admin_presets.sql,TARGET_REQUIRED,TARGET_REQUIRED
HRIS_DUTY_POLICY_PUBLISHER,10,HRIS 정책 게시,CONFIGURATION,management,hcm.management.hris-policy,route.hcm.management.hris-policy-publish.action,hcm.configuration.policy.publish,ACTION,ACTION.HRIS_POLICY_PUBLISH,PUBLISH,dwp-people-server,POLICY_NODE|LEGAL_ENTITY,CONFIGURATION|IMPACT_SUMMARY,CRITICAL,Y,Y,NO_PUBLISH_OWN_POLICY,HRIS_CONFIG_PUBLISHER,TARGET_NEW,V92__govern_app_admin_presets.sql,TARGET_REQUIRED,TARGET_REQUIRED
HRIS_DUTY_INTEGRATION_AUTHOR,10,HRIS 연계 작성,INTEGRATION,management,hcm.management.hris-integrations,route.hcm.management.integration-update.action,hcm.integration.definition.update,CONFIG,CONFIG.HRIS_INTEGRATION,UPDATE,dwp-people-server,CONNECTOR_SET|LEGAL_ENTITY,INTEGRATION_METADATA|REDACTED_PAYLOAD,HIGH,N,N,,HRIS_INTEGRATION_AUTHOR,TARGET_NEW,V31__operationalize_hris_connectors.sql,TARGET_REQUIRED,TARGET_REQUIRED
HRIS_DUTY_INTEGRATION_EXECUTOR,10,HRIS 연계 활성화·실행,INTEGRATION,management,hcm.management.hris-integrations,route.hcm.management.integration-execute.action,hcm.integration.execute,ACTION,ACTION.HRIS_INTEGRATION_EXECUTE,EXECUTE,dwp-people-server,CONNECTOR_SET|LEGAL_ENTITY,INTEGRATION_METADATA|REDACTED_PAYLOAD,CRITICAL,Y,Y,NO_EXECUTE_OWN_MAPPING,HRIS_INTEGRATION_EXECUTOR,TARGET_NEW,V31__operationalize_hris_connectors.sql,TARGET_REQUIRED,TARGET_REQUIRED
HRIS_DUTY_AUDITOR,10,HRIS 감사증적 조회,AUDIT,audit,hcm.audit.hris,route.hcm.audit.evidence.page,hcm.audit.evidence.view,AUDIT,AUDIT.HRIS,VIEW,dwp-audit,LEGAL_ENTITY|NAMED_POPULATION,AUDIT_PROJECTION|MASKED_SENSITIVE,HIGH,Y,N,,HRIS_AUDITOR,TARGET_NEW,AuditEvent.java,TARGET_REQUIRED,TARGET_REQUIRED
HRIS_DUTY_ASSIGNMENT_MAKER,20,발령 변경 작성,CORE_HR,operations,hcm.operations.people-changes,route.hcm.operations.assignment-event.action,hcm.operations.assignment.manage,ACTION,ACTION.HRIS_ASSIGNMENT_EVENT,MANAGE,dwp-people-server,LEGAL_ENTITY|NAMED_POPULATION|ORG_TREE|ORG_UNIT,COMPENSATION|EMPLOYMENT|IMPACT_SUMMARY|ORGANIZATION,CRITICAL,Y,Y,NO_APPROVE_OWN_CHANGE,HRIS_HR_BUSINESS_PARTNER,TARGET_NEW,coding-readiness/api-pep-binding-register.csv,TARGET_REQUIRED,TARGET_REQUIRED
HRIS_DUTY_ORGANIZATION_VIEWER,20,조직 그래프 조회,CORE_HR,operations,hcm.operations.organization,route.hcm.operations.organization-graph.data,hcm.operations.organization.view,DATA,DATA.HRIS_ORGANIZATION,VIEW,dwp-people-server,LEGAL_ENTITY|ORG_TREE|ORG_UNIT,ORGANIZATION,HIGH,N,N,,HRIS_HR_BUSINESS_PARTNER,TARGET_NEW,coding-readiness/api-pep-binding-register.csv,TARGET_REQUIRED,TARGET_REQUIRED
HRIS_DUTY_CONTRACT_ISSUER,20,고용계약 발행,CORE_HR,operations,hcm.operations.people-changes,route.hcm.operations.employment-contract-issue.action,hcm.operations.contract.issue,ACTION,ACTION.HRIS_EMPLOYMENT_CONTRACT,ISSUE,dwp-people-server,LEGAL_ENTITY|NAMED_POPULATION|ORG_TREE|ORG_UNIT,COMPENSATION|DOCUMENT_CONTENT|EMPLOYMENT,CRITICAL,Y,Y,NO_ISSUE_OWN_CONTRACT,HRIS_HR_BUSINESS_PARTNER,TARGET_NEW,coding-readiness/api-pep-binding-register.csv,TARGET_REQUIRED,TARGET_REQUIRED
HRIS_DUTY_SELF_CERTIFICATE_REQUESTER,20,본인 증명서 신청,SELF_SERVICE,personal,hcm.personal.services,route.hcm.personal.certificate-request.action,hcm.personal.certificate.request,ACTION,ACTION.HRIS_CERTIFICATE,CREATE,dwp-people-server,SELF,DIRECTORY|DOCUMENT_CONTENT|EMPLOYMENT,MEDIUM,N,N,,HRIS_EMPLOYEE,TARGET_NEW,coding-readiness/api-pep-binding-register.csv,TARGET_REQUIRED,TARGET_REQUIRED
HRIS_DUTY_CERTIFICATE_ISSUER,20,증명서 발급,CORE_HR,operations,hcm.operations.people-services,route.hcm.operations.certificate-issue.action,hcm.operations.certificate.issue,ACTION,ACTION.HRIS_CERTIFICATE,ISSUE,dwp-people-server,LEGAL_ENTITY|NAMED_POPULATION|ORG_TREE|ORG_UNIT,DIRECTORY|DOCUMENT_CONTENT|EMPLOYMENT,HIGH,Y,N,,HRIS_HR_BUSINESS_PARTNER,TARGET_NEW,coding-readiness/api-pep-binding-register.csv,TARGET_REQUIRED,TARGET_REQUIRED
HRIS_DUTY_SEPARATION_MAKER,20,퇴직 케이스 작성,CORE_HR,operations,hcm.operations.people-changes,route.hcm.operations.separation-case.action,hcm.operations.separation.manage,ACTION,ACTION.HRIS_SEPARATION_CASE,MANAGE,dwp-people-server,LEGAL_ENTITY|NAMED_POPULATION|ORG_TREE|ORG_UNIT,COMPENSATION|DOCUMENT_CONTENT|EMPLOYMENT,CRITICAL,Y,Y,NO_APPROVE_OWN_CHANGE,HRIS_HR_BUSINESS_PARTNER,TARGET_NEW,coding-readiness/api-pep-binding-register.csv,TARGET_REQUIRED,TARGET_REQUIRED
HRIS_DUTY_COMMAND_RECEIPT_READER,20,HRIS 명령 처리결과 조회,CORE_HR,operations,hcm.operations.people-changes,route.hcm.command-receipt.data,hcm.command-receipt.view,DATA,DATA.HRIS_COMMAND_RECEIPT,VIEW,dwp-auth-server,ORIGINATING_COMMAND_SCOPE,COMMAND_RECEIPT,MEDIUM,N,N,,HRIS_EMPLOYEE|HRIS_LINE_MANAGER|HRIS_HR_BUSINESS_PARTNER|HRIS_HR_LIFECYCLE_APPROVER|HRIS_TIMEKEEPER|HRIS_TIME_APPROVER|HRIS_TIME_CONTROLLER|HRIS_LEAVE_ADMINISTRATOR|HRIS_LEAVE_APPROVER|HRIS_PAYROLL_SPECIALIST|HRIS_PAYROLL_RUN_OPERATOR|HRIS_PAYROLL_VALIDATOR|HRIS_PAYROLL_CONTROLLER|HRIS_PAYROLL_RELEASE_OFFICER|HRIS_PAYROLL_ACCOUNTING|HRIS_STATUTORY_OPERATOR|HRIS_CONFIG_AUTHOR|HRIS_CONFIG_PUBLISHER|HRIS_INTEGRATION_AUTHOR|HRIS_INTEGRATION_EXECUTOR,TARGET_NEW,coding-readiness/api-pep-binding-register.csv,TARGET_REQUIRED,TARGET_REQUIRED
HRIS_DUTY_PERFORMANCE_CYCLE_READER,20,성과주기 조회,PERFORMANCE,personal,hcm.personal.performance,route.hcm.performance.cycle.data,per.cycle.view,DATA,DATA.HRIS_PERFORMANCE_CYCLE,VIEW,dwp-people-server,ASSIGNED_REVIEW_POPULATION|NAMED_POPULATION|ORG_TREE|SELF,PERFORMANCE_CONFIG,MEDIUM,N,N,,HRIS_EMPLOYEE|HRIS_LINE_MANAGER|HRIS_PERFORMANCE_OPERATOR,TARGET_NEW,coding-readiness/api-pep-binding-register.csv,TARGET_REQUIRED,TARGET_REQUIRED
HRIS_DUTY_SELF_GOAL_AUTHOR,20,본인 목표 작성,PERFORMANCE,personal,hcm.personal.performance,route.hcm.personal.goal-update.action,per.goal.self.write,DATA,DATA.HRIS_PERFORMANCE_GOAL,UPDATE,dwp-people-server,SELF,PERFORMANCE_GOAL,MEDIUM,N,N,,HRIS_EMPLOYEE,TARGET_NEW,coding-readiness/api-pep-binding-register.csv,TARGET_REQUIRED,TARGET_REQUIRED
HRIS_DUTY_SELF_REVIEWER,20,본인 평가 작성,PERFORMANCE,personal,hcm.personal.performance,route.hcm.personal.review-update.action,per.review.self.submit,DATA,DATA.HRIS_PERFORMANCE_REVIEW,UPDATE,dwp-people-server,SELF,PERFORMANCE_REVIEW_PRIVATE,HIGH,N,N,NO_REVIEW_OUTSIDE_ASSIGNMENT,HRIS_EMPLOYEE,TARGET_NEW,coding-readiness/api-pep-binding-register.csv,TARGET_REQUIRED,TARGET_REQUIRED
HRIS_DUTY_FEEDBACK_REQUESTER,20,피드백 요청,PERFORMANCE,personal,hcm.personal.performance,route.hcm.personal.feedback-request.action,per.feedback.request.create,ACTION,ACTION.HRIS_PERFORMANCE_FEEDBACK,CREATE,dwp-people-server,SELF,LIMITED_PROFILE|PERFORMANCE_FEEDBACK_ASSIGNED,MEDIUM,N,N,,HRIS_EMPLOYEE,TARGET_NEW,coding-readiness/api-pep-binding-register.csv,TARGET_REQUIRED,TARGET_REQUIRED
HRIS_DUTY_CHECKIN_PARTICIPANT,20,성과 체크인 참여,PERFORMANCE,personal,hcm.personal.performance,route.hcm.personal.checkin-update.action,per.checkin.manage,DATA,DATA.HRIS_PERFORMANCE_CHECKIN,UPDATE,dwp-people-server,PAIRED_MANAGER|SELF,PERFORMANCE_CHECKIN|PERFORMANCE_CHECKIN_PRIVATE,HIGH,N,N,NO_CHECKIN_OUTSIDE_PAIR,HRIS_EMPLOYEE,TARGET_NEW,coding-readiness/api-pep-binding-register.csv,TARGET_REQUIRED,TARGET_REQUIRED
HRIS_DUTY_SELF_PERFORMANCE_APPELLANT,20,본인 평가결과 이의제기,PERFORMANCE,personal,hcm.personal.performance,route.hcm.personal.performance-appeal.action,per.appeal.self.open,ACTION,ACTION.HRIS_PERFORMANCE_APPEAL,CREATE,dwp-people-server,SELF,PERFORMANCE_APPEAL_SELF,HIGH,N,N,,HRIS_EMPLOYEE,TARGET_NEW,coding-readiness/api-pep-binding-register.csv,TARGET_REQUIRED,TARGET_REQUIRED
HRIS_DUTY_PERFORMANCE_DATA_EXCHANGE_OPERATOR,20,성과 데이터 반입,PERFORMANCE,operations,hcm.operations.performance,route.hcm.operations.performance-import.action,per.data-exchange.execute,ACTION,ACTION.HRIS_PERFORMANCE_DATA_EXCHANGE,EXECUTE,dwp-people-server,NAMED_POPULATION,APPROVED_EXPORT_FIELDS|DOCUMENT_CONTENT,CRITICAL,Y,Y,NO_EXECUTE_OWN_MAPPING,HRIS_PERFORMANCE_OPERATOR,TARGET_NEW,coding-readiness/api-pep-binding-register.csv,TARGET_REQUIRED,TARGET_REQUIRED
HRIS_DUTY_PERFORMANCE_COMMAND_RECEIPT_READER,20,성과 명령 처리결과 조회,PERFORMANCE,operations,hcm.operations.performance,route.hcm.performance.command-receipt.data,per.command-receipt.view,DATA,DATA.HRIS_PERFORMANCE_COMMAND_RECEIPT,VIEW,dwp-people-server,ORIGINATING_COMMAND_SCOPE,COMMAND_RECEIPT,MEDIUM,N,N,,HRIS_CONFIG_PUBLISHER|HRIS_EMPLOYEE|HRIS_LINE_MANAGER|HRIS_PERFORMANCE_CALIBRATOR|HRIS_PERFORMANCE_OPERATOR|HRIS_PERFORMANCE_RESULT_PUBLISHER,TARGET_NEW,coding-readiness/api-pep-binding-register.csv,TARGET_REQUIRED,TARGET_REQUIRED
HRIS_DUTY_TIME_EXPORTER,20,근태 통제반출,TIME,operations,hcm.operations.time,route.hcm.operations.time-export.action,hcm.operations.time.export,ACTION,ACTION.HRIS_TIME_EXPORT,EXPORT,dwp-time-server,LEGAL_ENTITY|TIME_GROUP,APPROVED_EXPORT_FIELDS|TIME_RESULT,CRITICAL,Y,Y,PURPOSE_BOUND_EXPORT|NO_EXPORT_OWN_APPROVAL,HRIS_TIMEKEEPER,TARGET_NEW,coding-readiness/api-pep-binding-register.csv,TARGET_REQUIRED,TARGET_REQUIRED
HRIS_DUTY_SELF_PAY_STATEMENT_DOWNLOADER,20,본인 급여명세 다운로드,SELF_SERVICE,personal,hcm.personal.pay,route.hcm.personal.pay-statement-download.action,hcm.personal.pay-statement.download,ACTION,ACTION.HRIS_PAY_STATEMENT_DOWNLOAD,DOWNLOAD,dwp-payroll-server,SELF,SELF_PAY,HIGH,Y,N,,HRIS_EMPLOYEE,TARGET_NEW,coding-readiness/api-pep-binding-register.csv,TARGET_REQUIRED,TARGET_REQUIRED
HRIS_DUTY_SELF_YEAR_END_CASE_EDITOR,20,본인 연말정산 케이스 작성,SELF_SERVICE,personal,hcm.personal.pay,route.hcm.personal.year-end-case-update.action,hcm.personal.year-end-case.update,DATA,DATA.HRIS_YEAR_END_CASE,UPDATE,dwp-payroll-server,SELF,DOCUMENT_CONTENT|YEAR_END,CRITICAL,Y,N,,HRIS_EMPLOYEE,TARGET_NEW,coding-readiness/api-pep-binding-register.csv,TARGET_REQUIRED,TARGET_REQUIRED
HRIS_DUTY_PAYROLL_EXPORTER,20,급여 통제반출,PAYROLL,operations,hcm.operations.payroll-release,route.hcm.operations.payroll-export.action,hcm.operations.payroll.export,ACTION,ACTION.HRIS_PAYROLL_EXPORT,EXPORT,dwp-payroll-server,LEGAL_ENTITY|PAY_GROUP,APPROVED_EXPORT_FIELDS|PAY_RESULT,CRITICAL,Y,Y,PURPOSE_BOUND_EXPORT|NO_EXPORT_OWN_APPROVAL,HRIS_PAYROLL_RELEASE_OFFICER,TARGET_NEW,coding-readiness/api-pep-binding-register.csv,TARGET_REQUIRED,TARGET_REQUIRED
HRIS_DUTY_APP_SHELL_READER,20,HRIS 앱 홈 탐색,SELF_SERVICE,personal,hcm.personal.home,route.hcm.app-shell.page,hcm.app.shell.view,DATA,DATA.HRIS_APP_SHELL,VIEW,dwp-platform-server,AUTHORIZED_PACKAGE_SCOPE|SELF,NAVIGATION_METADATA|WIDGET_METADATA,LOW,N,N,,HRIS_EMPLOYEE|HRIS_LINE_MANAGER|HRIS_HR_BUSINESS_PARTNER|HRIS_CONFIG_AUTHOR|HRIS_AUDITOR,TARGET_NEW,coding-readiness/api-pep-binding-register.csv,TARGET_REQUIRED,TARGET_REQUIRED
HRIS_DUTY_CONTROLLED_TRANSFER_READER,20,통제 파일전송 조회,INTEGRATION,management,hcm.management.hris-integrations,route.hcm.management.controlled-transfer.data,hcm.integration.transfer.view,DATA,DATA.HRIS_CONTROLLED_TRANSFER,VIEW,dwp-platform-server,CONNECTOR_SET|LEGAL_ENTITY,TRANSFER_METADATA|REDACTED_PAYLOAD|COMMAND_RECEIPT,HIGH,N,N,,HRIS_INTEGRATION_AUTHOR|HRIS_INTEGRATION_EXECUTOR,TARGET_NEW,session-evidence/sys/g2-implementation-contract.md|session-evidence/sys/g2-contract-catalog.csv,TARGET_REQUIRED,TARGET_REQUIRED
HRIS_DUTY_CONTROLLED_TRANSFER_CREATOR,20,통제 파일전송 요청,INTEGRATION,management,hcm.management.hris-integrations,route.hcm.management.controlled-transfer-create.action,hcm.integration.transfer.create,ACTION,ACTION.HRIS_CONTROLLED_TRANSFER,CREATE,dwp-platform-server,CONNECTOR_SET|LEGAL_ENTITY,TRANSFER_REQUEST|OBJECT_REFERENCE|MALWARE_SCAN_RECEIPT|COMMAND_RECEIPT,CRITICAL,Y,Y,NO_EXPORT_OWN_APPROVAL,HRIS_INTEGRATION_EXECUTOR,TARGET_NEW,session-evidence/sys/g2-implementation-contract.md|session-evidence/sys/g2-contract-catalog.csv,TARGET_REQUIRED,TARGET_REQUIRED
HRIS_DUTY_OPERATION_EXCEPTION_READER,20,HRIS 운영예외 조회,OPERATIONS,operations,hcm.operations.hris-exceptions,route.hcm.operations.exception.data,hcm.operations.exception.view,DATA,DATA.HRIS_OPERATION_EXCEPTION,VIEW,dwp-platform-server,AUTHORIZED_PACKAGE_SCOPE,OPERATION_EXCEPTION|OWNER_DEEP_LINK|RECOVERY_METADATA|REDACTED_PAYLOAD,HIGH,N,N,,HRIS_HR_BUSINESS_PARTNER|HRIS_TIMEKEEPER|HRIS_TIME_CONTROLLER|HRIS_LEAVE_ADMINISTRATOR|HRIS_PAYROLL_RUN_OPERATOR|HRIS_PAYROLL_CONTROLLER|HRIS_PERFORMANCE_OPERATOR|HRIS_INTEGRATION_EXECUTOR|HRIS_AUDITOR,TARGET_NEW,session-evidence/sys/g2-implementation-contract.md|session-evidence/sys/g2-contract-catalog.csv,TARGET_REQUIRED,TARGET_REQUIRED
HRIS_DUTY_SKILL_TAXONOMY_READER,10,스킬 분류체계 조회,TALENT,personal,hcm.personal.growth,planned.modop.skills.view,hcm.skills.view,DATA,DATA.HRIS_SKILL_TAXONOMY,VIEW,dwp-people-server,AUTHORIZED_PACKAGE_SCOPE,SKILL_TAXONOMY_PUBLIC,LOW,N,N,,HRIS_EMPLOYEE,PLANNED_G3_NOT_IMPLEMENTED,modern-capability-trace-register.csv#HRIS.MODERN.SKILLS_ONTOLOGY,PLANNED_OPERATION_NO_PUBLIC_API_YET,PLANNED_REQUIRED_NOT_IMPLEMENTED
HRIS_DUTY_SKILL_TAXONOMY_AUTHOR,10,스킬 분류체계 관리,TALENT,management,hcm.settings.skills,planned.modop.skills.manage,hcm.skills.manage,CONFIG,CONFIG.HRIS_SKILL_TAXONOMY,UPDATE,dwp-people-server,POLICY_NODE|LEGAL_ENTITY,SKILL_TAXONOMY_CONFIG,HIGH,Y,N,,HRIS_CONFIG_AUTHOR,PLANNED_G3_NOT_IMPLEMENTED,modern-capability-trace-register.csv#HRIS.MODERN.SKILLS_ONTOLOGY,PLANNED_OPERATION_NO_PUBLIC_API_YET,PLANNED_REQUIRED_NOT_IMPLEMENTED
HRIS_DUTY_SKILL_EVIDENCE_VERIFIER,20,스킬 증빙 검증,TALENT,management,hcm.settings.skills,planned.modop.skills.evidence.verify,hcm.skills.evidence.verify,ACTION,ACTION.HRIS_SKILL_EVIDENCE_VERIFY,APPROVE,dwp-people-server,NAMED_POPULATION,SKILL_EVIDENCE|LIMITED_PROFILE,HIGH,Y,Y,NO_SELF_APPROVAL,HRIS_PERFORMANCE_OPERATOR,PLANNED_G3_NOT_IMPLEMENTED,modern-capability-trace-register.csv#HRIS.MODERN.SKILLS_ONTOLOGY,PLANNED_OPERATION_NO_PUBLIC_API_YET,PLANNED_REQUIRED_NOT_IMPLEMENTED
HRIS_DUTY_GROWTH_PROFILE_SELF_READER,10,본인 성장 프로필 조회,TALENT,personal,hcm.personal.growth,planned.modop.growth.self.view,hcm.growth.self.view,DATA,DATA.HRIS_GROWTH_PROFILE,VIEW,dwp-people-server,SELF,GROWTH_PROFILE_SELF|VERIFIED_EVIDENCE,LOW,N,N,,HRIS_EMPLOYEE,PLANNED_G3_NOT_IMPLEMENTED,modern-capability-trace-register.csv#HRIS.MODERN.GROWTH_PROFILE,PLANNED_OPERATION_NO_PUBLIC_API_YET,PLANNED_REQUIRED_NOT_IMPLEMENTED
HRIS_DUTY_GROWTH_PROFILE_SELF_EDITOR,10,본인 성장 프로필 관리,TALENT,personal,hcm.personal.growth,planned.modop.growth.self.manage,hcm.growth.self.manage,DATA,DATA.HRIS_GROWTH_PROFILE,UPDATE,dwp-people-server,SELF,GROWTH_ASPIRATION_SELF,MEDIUM,N,N,,HRIS_EMPLOYEE,PLANNED_G3_NOT_IMPLEMENTED,modern-capability-trace-register.csv#HRIS.MODERN.GROWTH_PROFILE,PLANNED_OPERATION_NO_PUBLIC_API_YET,PLANNED_REQUIRED_NOT_IMPLEMENTED
HRIS_DUTY_GROWTH_MANAGER_COACH,10,구성원 성장 코칭,TALENT,personal,hcm.personal.growth,planned.modop.growth.manager.coach,hcm.growth.manager.coach,ACTION,ACTION.HRIS_GROWTH_COACHING,CREATE,dwp-people-server,DIRECT_REPORTS|APPROVED_DELEGATION,GROWTH_PROFILE_MANAGER|LIMITED_PROFILE,MEDIUM,N,N,,HRIS_LINE_MANAGER,PLANNED_G3_NOT_IMPLEMENTED,modern-capability-trace-register.csv#HRIS.MODERN.GROWTH_PROFILE,PLANNED_OPERATION_NO_PUBLIC_API_YET,PLANNED_REQUIRED_NOT_IMPLEMENTED
HRIS_DUTY_RECRUITING_VIEWER,10,채용 케이스 조회,RECRUITING,operations,hcm.operations.recruiting,planned.modop.recruiting.view,hcm.recruiting.view,DATA,DATA.HRIS_RECRUITING_CASE,VIEW,dwp-people-server,LEGAL_ENTITY|NAMED_POPULATION,REQUISITION|CANDIDATE_PROFILE_MINIMIZED|INTERVIEW,HIGH,Y,N,PURPOSE_BOUND_ACCESS,HRIS_HR_BUSINESS_PARTNER,PLANNED_G3_NOT_IMPLEMENTED,modern-capability-trace-register.csv#HRIS.MODERN.RECRUITING_ATS,PLANNED_OPERATION_NO_PUBLIC_API_YET,PLANNED_REQUIRED_NOT_IMPLEMENTED
HRIS_DUTY_RECRUITING_OPERATOR,10,채용 프로세스 운영,RECRUITING,operations,hcm.operations.recruiting,planned.modop.recruiting.operate,hcm.recruiting.operate,DATA,DATA.HRIS_RECRUITING_CASE,UPDATE,dwp-people-server,LEGAL_ENTITY|NAMED_POPULATION,REQUISITION|CANDIDATE_PROFILE_MINIMIZED|INTERVIEW|OFFER_DRAFT,HIGH,Y,N,PURPOSE_BOUND_ACCESS,HRIS_HR_BUSINESS_PARTNER,PLANNED_G3_NOT_IMPLEMENTED,modern-capability-trace-register.csv#HRIS.MODERN.RECRUITING_ATS,PLANNED_OPERATION_NO_PUBLIC_API_YET,PLANNED_REQUIRED_NOT_IMPLEMENTED
HRIS_DUTY_RECRUITING_DECIDER,20,채용 결정 승인,RECRUITING,operations,hcm.operations.recruiting,planned.modop.recruiting.decide,hcm.recruiting.decide,ACTION,ACTION.HRIS_HIRING_DECISION,APPROVE,dwp-people-server,LEGAL_ENTITY|NAMED_POPULATION,CANDIDATE_DECISION|OFFER|IMPACT_SUMMARY,CRITICAL,Y,Y,NO_APPROVE_OWN_CHANGE,HRIS_HR_LIFECYCLE_APPROVER,PLANNED_G3_NOT_IMPLEMENTED,modern-capability-trace-register.csv#HRIS.MODERN.RECRUITING_ATS,PLANNED_OPERATION_NO_PUBLIC_API_YET,PLANNED_REQUIRED_NOT_IMPLEMENTED
HRIS_DUTY_ONBOARDING_SELF_READER,10,본인 온보딩 여정 조회,ONBOARDING,personal,hcm.personal.services,planned.modop.onboarding.self.view,hcm.onboarding.self.view,DATA,DATA.HRIS_ONBOARDING_JOURNEY,VIEW,dwp-people-server,SELF,ONBOARDING_JOURNEY_SELF|TASK_STATUS,LOW,N,N,,HRIS_EMPLOYEE,PLANNED_G3_NOT_IMPLEMENTED,modern-capability-trace-register.csv#HRIS.MODERN.ONBOARDING,PLANNED_OPERATION_NO_PUBLIC_API_YET,PLANNED_REQUIRED_NOT_IMPLEMENTED
HRIS_DUTY_ONBOARDING_TASK_COMPLETER,10,본인 온보딩 과제 완료,ONBOARDING,personal,hcm.personal.services,planned.modop.onboarding.task.complete,hcm.onboarding.task.complete,DATA,DATA.HRIS_ONBOARDING_JOURNEY,UPDATE,dwp-people-server,SELF,ONBOARDING_TASK|COMPLETION_EVIDENCE,MEDIUM,N,N,,HRIS_EMPLOYEE,PLANNED_G3_NOT_IMPLEMENTED,modern-capability-trace-register.csv#HRIS.MODERN.ONBOARDING,PLANNED_OPERATION_NO_PUBLIC_API_YET,PLANNED_REQUIRED_NOT_IMPLEMENTED
HRIS_DUTY_ONBOARDING_OPERATOR,10,온보딩 여정 운영,ONBOARDING,operations,hcm.operations.onboarding,planned.modop.onboarding.operate,hcm.onboarding.operate,DATA,DATA.HRIS_ONBOARDING_JOURNEY,MANAGE,dwp-people-server,LEGAL_ENTITY|NAMED_POPULATION,JOURNEY_TEMPLATE|TASK_ASSIGNMENT|COMPLETION_EVIDENCE,HIGH,Y,N,,HRIS_HR_BUSINESS_PARTNER,PLANNED_G3_NOT_IMPLEMENTED,modern-capability-trace-register.csv#HRIS.MODERN.ONBOARDING,PLANNED_OPERATION_NO_PUBLIC_API_YET,PLANNED_REQUIRED_NOT_IMPLEMENTED
HRIS_DUTY_LEARNING_SELF_READER,10,본인 학습 조회,TALENT,personal,hcm.personal.learning,planned.modop.learning.self.view,hcm.learning.self.view,DATA,DATA.HRIS_LEARNING,VIEW,dwp-people-server,SELF,LEARNING_CATALOG|LEARNING_ASSIGNMENT|VERIFIED_COMPLETION,LOW,N,N,,HRIS_EMPLOYEE,PLANNED_G3_NOT_IMPLEMENTED,modern-capability-trace-register.csv#HRIS.MODERN.LEARNING,PLANNED_OPERATION_NO_PUBLIC_API_YET,PLANNED_REQUIRED_NOT_IMPLEMENTED
HRIS_DUTY_LEARNING_SELF_ENROLLER,10,본인 학습 신청,TALENT,personal,hcm.personal.learning,planned.modop.learning.self.enroll,hcm.learning.self.enroll,ACTION,ACTION.HRIS_LEARNING_ENROLLMENT,CREATE,dwp-people-server,SELF,LEARNING_OFFERING|LEARNING_ENROLLMENT,MEDIUM,N,N,,HRIS_EMPLOYEE,PLANNED_G3_NOT_IMPLEMENTED,modern-capability-trace-register.csv#HRIS.MODERN.LEARNING,PLANNED_OPERATION_NO_PUBLIC_API_YET,PLANNED_REQUIRED_NOT_IMPLEMENTED
HRIS_DUTY_LEARNING_OPERATOR,10,학습 운영,TALENT,operations,hcm.operations.learning,planned.modop.learning.operate,hcm.learning.operate,DATA,DATA.HRIS_LEARNING,MANAGE,dwp-people-server,LEGAL_ENTITY|NAMED_POPULATION,LEARNING_CATALOG|LEARNING_ASSIGNMENT|VERIFIED_COMPLETION,HIGH,Y,N,,HRIS_PERFORMANCE_OPERATOR,PLANNED_G3_NOT_IMPLEMENTED,modern-capability-trace-register.csv#HRIS.MODERN.LEARNING,PLANNED_OPERATION_NO_PUBLIC_API_YET,PLANNED_REQUIRED_NOT_IMPLEMENTED
HRIS_DUTY_OPPORTUNITY_SELF_READER,10,본인 사내 기회 조회,TALENT,personal,hcm.personal.opportunities,planned.modop.opportunity.self.view,hcm.opportunity.self.view,DATA,DATA.HRIS_INTERNAL_OPPORTUNITY,VIEW,dwp-people-server,SELF,OPPORTUNITY_PUBLIC|MATCH_EXPLANATION_SELF,LOW,N,N,,HRIS_EMPLOYEE,PLANNED_G3_NOT_IMPLEMENTED,modern-capability-trace-register.csv#HRIS.MODERN.INTERNAL_MARKETPLACE,PLANNED_OPERATION_NO_PUBLIC_API_YET,PLANNED_REQUIRED_NOT_IMPLEMENTED
HRIS_DUTY_OPPORTUNITY_SELF_APPLICANT,10,본인 사내 기회 지원,TALENT,personal,hcm.personal.opportunities,planned.modop.opportunity.self.apply,hcm.opportunity.self.apply,ACTION,ACTION.HRIS_OPPORTUNITY_APPLICATION,CREATE,dwp-people-server,SELF,OPPORTUNITY_APPLICATION_SELF,MEDIUM,N,N,,HRIS_EMPLOYEE,PLANNED_G3_NOT_IMPLEMENTED,modern-capability-trace-register.csv#HRIS.MODERN.INTERNAL_MARKETPLACE,PLANNED_OPERATION_NO_PUBLIC_API_YET,PLANNED_REQUIRED_NOT_IMPLEMENTED
HRIS_DUTY_OPPORTUNITY_OPERATOR,10,사내 기회 운영,TALENT,operations,hcm.operations.opportunities,planned.modop.opportunity.operate,hcm.opportunity.operate,DATA,DATA.HRIS_INTERNAL_OPPORTUNITY,MANAGE,dwp-people-server,LEGAL_ENTITY|NAMED_POPULATION,OPPORTUNITY_ADMIN|APPLICATION_MINIMIZED|MATCH_EXPLANATION,HIGH,Y,N,,HRIS_HR_BUSINESS_PARTNER,PLANNED_G3_NOT_IMPLEMENTED,modern-capability-trace-register.csv#HRIS.MODERN.INTERNAL_MARKETPLACE,PLANNED_OPERATION_NO_PUBLIC_API_YET,PLANNED_REQUIRED_NOT_IMPLEMENTED
HRIS_DUTY_SUCCESSION_RESTRICTED_VIEWER,10,승계 제한정보 조회,TALENT,operations,hcm.operations.succession,planned.modop.succession.view.restricted,hcm.succession.view.restricted,DATA,DATA.HRIS_SUCCESSION_PLAN,VIEW,dwp-people-server,NAMED_POPULATION,SUCCESSION_CONFIDENTIAL|READINESS_EVIDENCE|LIMITED_PROFILE,CRITICAL,Y,N,PURPOSE_BOUND_ACCESS,HRIS_HR_SENSITIVE_DATA_READER,PLANNED_G3_NOT_IMPLEMENTED,modern-capability-trace-register.csv#HRIS.MODERN.SUCCESSION,PLANNED_OPERATION_NO_PUBLIC_API_YET,PLANNED_REQUIRED_NOT_IMPLEMENTED
HRIS_DUTY_SUCCESSION_PLANNER,10,승계 계획 관리,TALENT,operations,hcm.operations.succession,planned.modop.succession.manage,hcm.succession.manage,DATA,DATA.HRIS_SUCCESSION_PLAN,UPDATE,dwp-people-server,NAMED_POPULATION,SUCCESSION_PLAN|NOMINATION|READINESS_EVIDENCE,CRITICAL,Y,N,PURPOSE_BOUND_ACCESS,HRIS_PERFORMANCE_CALIBRATOR,PLANNED_G3_NOT_IMPLEMENTED,modern-capability-trace-register.csv#HRIS.MODERN.SUCCESSION,PLANNED_OPERATION_NO_PUBLIC_API_YET,PLANNED_REQUIRED_NOT_IMPLEMENTED
HRIS_DUTY_SUCCESSION_PUBLISHER,20,승계 계획 게시,TALENT,operations,hcm.operations.succession,planned.modop.succession.publish,hcm.succession.publish,ACTION,ACTION.HRIS_SUCCESSION_PUBLISH,PUBLISH,dwp-people-server,NAMED_POPULATION,SUCCESSION_PLAN|IMPACT_SUMMARY,CRITICAL,Y,Y,NO_PUBLISH_OWN_CALIBRATION,HRIS_PERFORMANCE_RESULT_PUBLISHER,PLANNED_G3_NOT_IMPLEMENTED,modern-capability-trace-register.csv#HRIS.MODERN.SUCCESSION,PLANNED_OPERATION_NO_PUBLIC_API_YET,PLANNED_REQUIRED_NOT_IMPLEMENTED
HRIS_DUTY_WORKFORCE_PLAN_VIEWER,10,인력 계획 조회,WORKFORCE_PLANNING,operations,hcm.operations.workforce-planning,planned.modop.workforce.plan.view,hcm.workforce.plan.view,DATA,DATA.HRIS_WORKFORCE_SCENARIO,VIEW,dwp-people-server,LEGAL_ENTITY|ORG_TREE,WORKFORCE_SCENARIO|COST_PROJECTION_MASKED,HIGH,Y,N,PURPOSE_BOUND_ACCESS,HRIS_HR_BUSINESS_PARTNER,PLANNED_G3_NOT_IMPLEMENTED,modern-capability-trace-register.csv#HRIS.MODERN.WORKFORCE_PLANNING,PLANNED_OPERATION_NO_PUBLIC_API_YET,PLANNED_REQUIRED_NOT_IMPLEMENTED
HRIS_DUTY_WORKFORCE_PLAN_MODELER,10,인력 시나리오 모델링,WORKFORCE_PLANNING,operations,hcm.operations.workforce-planning,planned.modop.workforce.plan.model,hcm.workforce.plan.model,DATA,DATA.HRIS_WORKFORCE_SCENARIO,UPDATE,dwp-people-server,LEGAL_ENTITY|ORG_TREE,WORKFORCE_SCENARIO|SCENARIO_ASSUMPTION|COST_PROJECTION_MASKED,HIGH,Y,N,PURPOSE_BOUND_ACCESS,HRIS_HR_BUSINESS_PARTNER,PLANNED_G3_NOT_IMPLEMENTED,modern-capability-trace-register.csv#HRIS.MODERN.WORKFORCE_PLANNING,PLANNED_OPERATION_NO_PUBLIC_API_YET,PLANNED_REQUIRED_NOT_IMPLEMENTED
HRIS_DUTY_WORKFORCE_PLAN_PUBLISHER,20,인력 계획 게시,WORKFORCE_PLANNING,operations,hcm.operations.workforce-planning,planned.modop.workforce.plan.publish,hcm.workforce.plan.publish,ACTION,ACTION.HRIS_WORKFORCE_PLAN_PUBLISH,PUBLISH,dwp-people-server,LEGAL_ENTITY|ORG_TREE,WORKFORCE_SCENARIO|IMPACT_SUMMARY,CRITICAL,Y,Y,NO_SELF_APPROVAL,HRIS_HR_LIFECYCLE_APPROVER,PLANNED_G3_NOT_IMPLEMENTED,modern-capability-trace-register.csv#HRIS.MODERN.WORKFORCE_PLANNING,PLANNED_OPERATION_NO_PUBLIC_API_YET,PLANNED_REQUIRED_NOT_IMPLEMENTED
HRIS_DUTY_COMPENSATION_PLAN_VIEWER,10,보상 계획 조회,COMPENSATION,operations,hcm.operations.compensation-planning,planned.modop.compensation.plan.view,hcm.compensation.plan.view,DATA,DATA.HRIS_COMPENSATION_PLAN,VIEW,dwp-people-server,LEGAL_ENTITY|ORG_TREE|NAMED_POPULATION,COMPENSATION_PLAN|BUDGET_MASKED,CRITICAL,Y,N,PURPOSE_BOUND_ACCESS,HRIS_HR_COMPENSATION_READER,PLANNED_G3_NOT_IMPLEMENTED,modern-capability-trace-register.csv#HRIS.MODERN.COMPENSATION_PLANNING,PLANNED_OPERATION_NO_PUBLIC_API_YET,PLANNED_REQUIRED_NOT_IMPLEMENTED
HRIS_DUTY_COMPENSATION_PLAN_PROPOSER,10,보상 계획 제안,COMPENSATION,operations,hcm.operations.compensation-planning,planned.modop.compensation.plan.propose,hcm.compensation.plan.propose,DATA,DATA.HRIS_COMPENSATION_PLAN,UPDATE,dwp-people-server,LEGAL_ENTITY|ORG_TREE|NAMED_POPULATION,COMPENSATION_PLAN|BUDGET_LEDGER|PROPOSAL,CRITICAL,Y,N,PURPOSE_BOUND_ACCESS,HRIS_HR_BUSINESS_PARTNER,PLANNED_G3_NOT_IMPLEMENTED,modern-capability-trace-register.csv#HRIS.MODERN.COMPENSATION_PLANNING,PLANNED_OPERATION_NO_PUBLIC_API_YET,PLANNED_REQUIRED_NOT_IMPLEMENTED
HRIS_DUTY_COMPENSATION_PLAN_APPROVER,20,보상 계획 승인,COMPENSATION,operations,hcm.operations.compensation-planning,planned.modop.compensation.plan.approve,hcm.compensation.plan.approve,ACTION,ACTION.HRIS_COMPENSATION_PLAN_APPROVE,APPROVE,dwp-people-server,LEGAL_ENTITY|ORG_TREE|NAMED_POPULATION,COMPENSATION_PLAN|BUDGET_LEDGER|IMPACT_SUMMARY,CRITICAL,Y,Y,NO_APPROVE_OWN_CHANGE,HRIS_PAYROLL_CONTROLLER,PLANNED_G3_NOT_IMPLEMENTED,modern-capability-trace-register.csv#HRIS.MODERN.COMPENSATION_PLANNING,PLANNED_OPERATION_NO_PUBLIC_API_YET,PLANNED_REQUIRED_NOT_IMPLEMENTED
HRIS_DUTY_BENEFITS_SELF_READER,10,본인 복리후생 조회,BENEFITS,personal,hcm.personal.benefits,planned.modop.benefits.self.view,hcm.benefits.self.view,DATA,DATA.HRIS_BENEFIT_ENROLLMENT,VIEW,dwp-people-server,SELF,BENEFIT_PLAN_PUBLIC|BENEFIT_ENROLLMENT_SELF|DEPENDENT_MINIMIZED,LOW,N,N,,HRIS_EMPLOYEE,PLANNED_G3_NOT_IMPLEMENTED,modern-capability-trace-register.csv#HRIS.MODERN.BENEFITS_ADMIN,PLANNED_OPERATION_NO_PUBLIC_API_YET,PLANNED_REQUIRED_NOT_IMPLEMENTED
HRIS_DUTY_BENEFITS_SELF_ENROLLER,10,본인 복리후생 신청,BENEFITS,personal,hcm.personal.benefits,planned.modop.benefits.self.enroll,hcm.benefits.self.enroll,DATA,DATA.HRIS_BENEFIT_ENROLLMENT,UPDATE,dwp-people-server,SELF,BENEFIT_ENROLLMENT_SELF|LIFE_EVENT_EVIDENCE,MEDIUM,N,N,,HRIS_EMPLOYEE,PLANNED_G3_NOT_IMPLEMENTED,modern-capability-trace-register.csv#HRIS.MODERN.BENEFITS_ADMIN,PLANNED_OPERATION_NO_PUBLIC_API_YET,PLANNED_REQUIRED_NOT_IMPLEMENTED
HRIS_DUTY_BENEFITS_OPERATOR,10,복리후생 운영,BENEFITS,operations,hcm.operations.benefits,planned.modop.benefits.operate,hcm.benefits.operate,DATA,DATA.HRIS_BENEFIT_ENROLLMENT,MANAGE,dwp-people-server,LEGAL_ENTITY|NAMED_POPULATION,BENEFIT_PLAN|ELIGIBILITY|ENROLLMENT|DEPENDENT_MINIMIZED,HIGH,Y,N,PURPOSE_BOUND_ACCESS,HRIS_HR_BUSINESS_PARTNER,PLANNED_G3_NOT_IMPLEMENTED,modern-capability-trace-register.csv#HRIS.MODERN.BENEFITS_ADMIN,PLANNED_OPERATION_NO_PUBLIC_API_YET,PLANNED_REQUIRED_NOT_IMPLEMENTED
HRIS_DUTY_HR_SERVICE_SELF_REQUESTER,10,본인 HR 문의 등록,HR_SERVICE,personal,hcm.personal.services,planned.modop.hrservice.self.create,hcm.hrservice.self.create,ACTION,ACTION.HRIS_HR_CASE,CREATE,dwp-people-server,SELF,HR_CASE_SELF|DOCUMENT_CONTENT,MEDIUM,N,N,,HRIS_EMPLOYEE,PLANNED_G3_NOT_IMPLEMENTED,modern-capability-trace-register.csv#HRIS.MODERN.HR_SERVICE_DELIVERY,PLANNED_OPERATION_NO_PUBLIC_API_YET,PLANNED_REQUIRED_NOT_IMPLEMENTED
HRIS_DUTY_HR_SERVICE_CASE_WORKER,10,HR 케이스 처리,HR_SERVICE,operations,hcm.operations.hr-services,planned.modop.hrservice.case.work,hcm.hrservice.case.work,DATA,DATA.HRIS_HR_CASE,UPDATE,dwp-people-server,ORG_TREE|NAMED_POPULATION,HR_CASE_WORK_QUEUE|KNOWLEDGE_ANSWER|SLA_RECEIPT,HIGH,Y,N,PURPOSE_BOUND_ACCESS,HRIS_HR_BUSINESS_PARTNER,PLANNED_G3_NOT_IMPLEMENTED,modern-capability-trace-register.csv#HRIS.MODERN.HR_SERVICE_DELIVERY,PLANNED_OPERATION_NO_PUBLIC_API_YET,PLANNED_REQUIRED_NOT_IMPLEMENTED
HRIS_DUTY_HR_SERVICE_RESTRICTED_ASSIGNER,10,제한 HR 케이스 배정,HR_SERVICE,operations,hcm.operations.hr-services,planned.modop.hrservice.restricted.assign,hcm.hrservice.restricted.assign,ACTION,ACTION.HRIS_HR_CASE_RESTRICTED_ASSIGN,MANAGE,dwp-people-server,NAMED_POPULATION,HR_CASE_RESTRICTED|ASSIGNMENT_METADATA|IMPACT_SUMMARY,CRITICAL,Y,N,PURPOSE_BOUND_ACCESS,HRIS_HR_SENSITIVE_DATA_READER,PLANNED_G3_NOT_IMPLEMENTED,modern-capability-trace-register.csv#HRIS.MODERN.HR_SERVICE_DELIVERY,PLANNED_OPERATION_NO_PUBLIC_API_YET,PLANNED_REQUIRED_NOT_IMPLEMENTED
HRIS_DUTY_LISTENING_RESPONDENT,10,구성원 설문 응답,LISTENING,personal,hcm.personal.listening,planned.modop.listening.respond,hcm.listening.respond,ACTION,ACTION.HRIS_LISTENING_RESPONSE,CREATE,dwp-platform-server,SELF,SURVEY_RESPONSE_PROTECTED,LOW,N,N,,HRIS_EMPLOYEE,PLANNED_G3_NOT_IMPLEMENTED,modern-capability-trace-register.csv#HRIS.MODERN.EMPLOYEE_LISTENING,PLANNED_OPERATION_NO_PUBLIC_API_YET,PLANNED_REQUIRED_NOT_IMPLEMENTED
HRIS_DUTY_LISTENING_SURVEY_AUTHOR,10,구성원 설문 관리,LISTENING,management,hcm.settings.listening,planned.modop.listening.manage,hcm.listening.manage,CONFIG,CONFIG.HRIS_LISTENING_SURVEY,UPDATE,dwp-platform-server,POLICY_NODE|LEGAL_ENTITY,SURVEY_CONFIG|ANONYMITY_THRESHOLD,HIGH,Y,N,,HRIS_CONFIG_AUTHOR,PLANNED_G3_NOT_IMPLEMENTED,modern-capability-trace-register.csv#HRIS.MODERN.EMPLOYEE_LISTENING,PLANNED_OPERATION_NO_PUBLIC_API_YET,PLANNED_REQUIRED_NOT_IMPLEMENTED
HRIS_DUTY_LISTENING_COHORT_READER,10,익명 코호트 결과 조회,LISTENING,management,hcm.settings.listening,planned.modop.listening.cohort.view,hcm.listening.cohort.view,DATA,DATA.HRIS_LISTENING_COHORT,VIEW,dwp-platform-server,LEGAL_ENTITY|ORG_TREE,LISTENING_COHORT_AGGREGATE|ANONYMITY_THRESHOLD,HIGH,Y,N,PURPOSE_BOUND_ACCESS,HRIS_HR_BUSINESS_PARTNER|HRIS_AUDITOR,PLANNED_G3_NOT_IMPLEMENTED,modern-capability-trace-register.csv#HRIS.MODERN.EMPLOYEE_LISTENING,PLANNED_OPERATION_NO_PUBLIC_API_YET,PLANNED_REQUIRED_NOT_IMPLEMENTED
HRIS_DUTY_WFM_VIEWER,10,인력 스케줄 조회,WORKFORCE_MANAGEMENT,operations,hcm.operations.workforce-management,planned.modop.wfm.view,hcm.wfm.view,DATA,DATA.HRIS_WORKFORCE_SCHEDULE,VIEW,dwp-time-server,LEGAL_ENTITY|TIME_GROUP,WFM_DEMAND|SCHEDULE_CANDIDATE|LIMITED_PROFILE,HIGH,Y,N,,HRIS_TIMEKEEPER,PLANNED_G3_NOT_IMPLEMENTED,modern-capability-trace-register.csv#HRIS.MODERN.ADVANCED_WFM,PLANNED_OPERATION_NO_PUBLIC_API_YET,PLANNED_REQUIRED_NOT_IMPLEMENTED
HRIS_DUTY_WFM_OPTIMIZER,10,인력 스케줄 최적화,WORKFORCE_MANAGEMENT,operations,hcm.operations.workforce-management,planned.modop.wfm.optimize,hcm.wfm.optimize,ACTION,ACTION.HRIS_WFM_OPTIMIZE,EXECUTE,dwp-time-server,LEGAL_ENTITY|TIME_GROUP,WFM_CONSTRAINT|SCHEDULE_CANDIDATE|FAIRNESS_EXPLANATION,HIGH,Y,N,,HRIS_TIMEKEEPER,PLANNED_G3_NOT_IMPLEMENTED,modern-capability-trace-register.csv#HRIS.MODERN.ADVANCED_WFM,PLANNED_OPERATION_NO_PUBLIC_API_YET,PLANNED_REQUIRED_NOT_IMPLEMENTED
HRIS_DUTY_WFM_PUBLISHER,20,인력 스케줄 게시,WORKFORCE_MANAGEMENT,operations,hcm.operations.workforce-management,planned.modop.wfm.publish,hcm.wfm.publish,ACTION,ACTION.HRIS_WFM_PUBLISH,PUBLISH,dwp-time-server,LEGAL_ENTITY|TIME_GROUP,SCHEDULE_CANDIDATE|FAIRNESS_EXPLANATION|IMPACT_SUMMARY,CRITICAL,Y,Y,NO_SELF_APPROVAL,HRIS_TIME_CONTROLLER,PLANNED_G3_NOT_IMPLEMENTED,modern-capability-trace-register.csv#HRIS.MODERN.ADVANCED_WFM,PLANNED_OPERATION_NO_PUBLIC_API_YET,PLANNED_REQUIRED_NOT_IMPLEMENTED
HRIS_DUTY_CONTINGENT_VIEWER,10,외부 인력 조회,CONTINGENT_WORKFORCE,operations,hcm.operations.contingent-workforce,planned.modop.contingent.view,hcm.contingent.view,DATA,DATA.HRIS_CONTINGENT_ENGAGEMENT,VIEW,dwp-people-server,LEGAL_ENTITY|ORG_TREE|NAMED_POPULATION,CONTINGENT_PROFILE|ENGAGEMENT|SPONSOR,HIGH,Y,N,,HRIS_HR_BUSINESS_PARTNER,PLANNED_G3_NOT_IMPLEMENTED,modern-capability-trace-register.csv#HRIS.MODERN.CONTINGENT_WORKFORCE,PLANNED_OPERATION_NO_PUBLIC_API_YET,PLANNED_REQUIRED_NOT_IMPLEMENTED
HRIS_DUTY_CONTINGENT_OPERATOR,10,외부 인력 운영,CONTINGENT_WORKFORCE,operations,hcm.operations.contingent-workforce,planned.modop.contingent.operate,hcm.contingent.operate,DATA,DATA.HRIS_CONTINGENT_ENGAGEMENT,UPDATE,dwp-people-server,LEGAL_ENTITY|ORG_TREE|NAMED_POPULATION,CONTINGENT_PROFILE|ENGAGEMENT|SPONSOR|ACCESS_EXPIRY,HIGH,Y,N,,HRIS_HR_BUSINESS_PARTNER,PLANNED_G3_NOT_IMPLEMENTED,modern-capability-trace-register.csv#HRIS.MODERN.CONTINGENT_WORKFORCE,PLANNED_OPERATION_NO_PUBLIC_API_YET,PLANNED_REQUIRED_NOT_IMPLEMENTED
HRIS_DUTY_CONTINGENT_OFFBOARD_OPERATOR,20,외부 인력 종료 처리,CONTINGENT_WORKFORCE,operations,hcm.operations.contingent-workforce,planned.modop.contingent.offboard,hcm.contingent.offboard,ACTION,ACTION.HRIS_CONTINGENT_OFFBOARD,EXECUTE,dwp-people-server,LEGAL_ENTITY|NAMED_POPULATION,CONTINGENT_ENGAGEMENT|ACCESS_EXPIRY|IMPACT_SUMMARY,CRITICAL,Y,Y,NO_APPROVE_OWN_CHANGE,HRIS_HR_LIFECYCLE_APPROVER,PLANNED_G3_NOT_IMPLEMENTED,modern-capability-trace-register.csv#HRIS.MODERN.CONTINGENT_WORKFORCE,PLANNED_OPERATION_NO_PUBLIC_API_YET,PLANNED_REQUIRED_NOT_IMPLEMENTED
HRIS_DUTY_PEOPLE_ANALYTICS_READER,10,인력 지표 조회,PEOPLE_ANALYTICS,operations,hcm.operations.people-analytics,planned.modop.analytics.metric.view,hcm.analytics.metric.view,DATA,DATA.HRIS_PEOPLE_METRIC,VIEW,dwp-platform-server,AUTHORIZED_PACKAGE_SCOPE,AGGREGATED_PEOPLE_METRIC|METRIC_LINEAGE|COHORT_THRESHOLD,HIGH,Y,N,PURPOSE_BOUND_ACCESS,HRIS_LINE_MANAGER|HRIS_HR_BUSINESS_PARTNER|HRIS_AUDITOR,PLANNED_G3_NOT_IMPLEMENTED,modern-capability-trace-register.csv#HRIS.MODERN.PEOPLE_ANALYTICS,PLANNED_OPERATION_NO_PUBLIC_API_YET,PLANNED_REQUIRED_NOT_IMPLEMENTED
HRIS_DUTY_PEOPLE_ANALYTICS_METRIC_AUTHOR,10,인력 지표 정의 관리,PEOPLE_ANALYTICS,operations,hcm.operations.people-analytics,planned.modop.analytics.metric.manage,hcm.analytics.metric.manage,CONFIG,CONFIG.HRIS_PEOPLE_METRIC,UPDATE,dwp-platform-server,POLICY_NODE|LEGAL_ENTITY,METRIC_DEFINITION|DIMENSION_POLICY|COHORT_THRESHOLD,HIGH,Y,N,,HRIS_CONFIG_AUTHOR,PLANNED_G3_NOT_IMPLEMENTED,modern-capability-trace-register.csv#HRIS.MODERN.PEOPLE_ANALYTICS,PLANNED_OPERATION_NO_PUBLIC_API_YET,PLANNED_REQUIRED_NOT_IMPLEMENTED
HRIS_DUTY_PEOPLE_ANALYTICS_EXPORTER,20,인력 분석 내보내기,PEOPLE_ANALYTICS,operations,hcm.operations.people-analytics,planned.modop.analytics.export,hcm.analytics.export,ACTION,ACTION.HRIS_PEOPLE_ANALYTICS_EXPORT,EXPORT,dwp-platform-server,LEGAL_ENTITY|ORG_TREE|NAMED_POPULATION,APPROVED_EXPORT_FIELDS|AGGREGATED_PEOPLE_METRIC|METRIC_LINEAGE,CRITICAL,Y,Y,PURPOSE_BOUND_EXPORT,HRIS_WORKFORCE_EXPORT_OPERATOR,PLANNED_G3_NOT_IMPLEMENTED,modern-capability-trace-register.csv#HRIS.MODERN.PEOPLE_ANALYTICS,PLANNED_OPERATION_NO_PUBLIC_API_YET,PLANNED_REQUIRED_NOT_IMPLEMENTED
HRIS_DUTY_AI_ASSISTANT_USER,10,HR AI 보조기능 사용,GOVERNED_AI,personal,hcm.personal.assistant,planned.modop.ai.assist.use,hcm.ai.assist.use,ACTION,ACTION.HRIS_AI_ASSIST,EXECUTE,dwp-platform-server,AUTHORIZED_PACKAGE_SCOPE,AI_ALLOWED_CONTEXT|AI_PROVENANCE|AI_EXPLANATION,HIGH,Y,N,PURPOSE_BOUND_ACCESS,HRIS_EMPLOYEE|HRIS_LINE_MANAGER|HRIS_HR_BUSINESS_PARTNER,PLANNED_G3_NOT_IMPLEMENTED,modern-capability-trace-register.csv#HRIS.MODERN.GOVERNED_AI,PLANNED_OPERATION_NO_PUBLIC_API_YET,PLANNED_REQUIRED_NOT_IMPLEMENTED
HRIS_DUTY_AI_POLICY_AUTHOR,10,HR AI 정책 관리,GOVERNED_AI,management,hcm.settings.ai-governance,planned.modop.ai.policy.manage,hcm.ai.policy.manage,CONFIG,CONFIG.HRIS_AI_POLICY,UPDATE,dwp-platform-server,POLICY_NODE|LEGAL_ENTITY,AI_POLICY|AI_EVALUATION_THRESHOLD|PROHIBITED_DECISION_RULE,CRITICAL,Y,N,PURPOSE_BOUND_ACCESS,HRIS_CONFIG_AUTHOR,PLANNED_G3_NOT_IMPLEMENTED,modern-capability-trace-register.csv#HRIS.MODERN.GOVERNED_AI,PLANNED_OPERATION_NO_PUBLIC_API_YET,PLANNED_REQUIRED_NOT_IMPLEMENTED
HRIS_DUTY_AI_KILL_SWITCH_OPERATOR,10,HR AI 긴급중지 실행,GOVERNED_AI,management,hcm.settings.ai-governance,planned.modop.ai.kill_switch.execute,hcm.ai.kill-switch.execute,ACTION,ACTION.HRIS_AI_KILL_SWITCH,EXECUTE,dwp-platform-server,POLICY_NODE|LEGAL_ENTITY,AI_KILL_SWITCH|IMPACT_SUMMARY,CRITICAL,Y,N,PURPOSE_BOUND_ACCESS,HRIS_CONFIG_PUBLISHER,PLANNED_G3_NOT_IMPLEMENTED,modern-capability-trace-register.csv#HRIS.MODERN.GOVERNED_AI,PLANNED_OPERATION_NO_PUBLIC_API_YET,PLANNED_REQUIRED_NOT_IMPLEMENTED
HRIS_DUTY_SELF_REQUEST_READER,10,개인 HR 요청 조회,CORE_HR,personal,hcm.personal.requests,planned.iaq.self.requests.view,hcm.personal.requests.view,DATA,DATA.HRIS_SELF_REQUEST,VIEW,dwp-people-server,SELF,REQUEST_SUMMARY|REQUEST_STATUS|COMMAND_RECEIPT,MEDIUM,N,N,,HRIS_EMPLOYEE,PLANNED_G3_NOT_IMPLEMENTED,coding-readiness/ia-entry-query-projection-register.csv#IAQ-003,PLANNED_QUERY_NO_PUBLIC_API_YET,PLANNED_REQUIRED_NOT_IMPLEMENTED
HRIS_DUTY_MANAGER_PEOPLE_CHANGE_READER,10,팀 인사변경 요청 조회,CORE_HR,team,hcm.team.people-changes,planned.iaq.team.people-change.view,hcm.team.people-change.view,DATA,DATA.HRIS_PEOPLE_CHANGE_REQUEST,VIEW,dwp-people-server,DIRECT_REPORTS|APPROVED_DELEGATION,CHANGE_REQUEST_SUMMARY|LIMITED_EMPLOYMENT|APPROVAL_STATUS,HIGH,N,N,,HRIS_LINE_MANAGER,PLANNED_G3_NOT_IMPLEMENTED,coding-readiness/ia-entry-query-projection-register.csv#IAQ-005,PLANNED_QUERY_NO_PUBLIC_API_YET,PLANNED_REQUIRED_NOT_IMPLEMENTED
HRIS_DUTY_TIME_OPERATIONS_READER,10,근태 운영 작업대 조회,TIME,operations,hcm.operations.time,planned.iaq.time.operations.view,hcm.operations.time.view,DATA,DATA.HRIS_TIME_OPERATIONS,VIEW,dwp-time-server,ORG_TREE|LEGAL_ENTITY|AUTHORIZED_PACKAGE_SCOPE,TIME_DETAIL|LIMITED_PROFILE|OPERATION_EXCEPTION,HIGH,N,N,,HRIS_TIMEKEEPER,PLANNED_G3_NOT_IMPLEMENTED,coding-readiness/ia-entry-query-projection-register.csv#IAQ-034,PLANNED_QUERY_NO_PUBLIC_API_YET,PLANNED_REQUIRED_NOT_IMPLEMENTED
HRIS_DUTY_PERFORMANCE_OPERATIONS_READER,10,성과 운영 작업대 조회,PERFORMANCE,operations,hcm.operations.performance,planned.iaq.performance.operations.view,hcm.operations.performance.view,DATA,DATA.HRIS_PERFORMANCE_OPERATIONS,VIEW,dwp-people-server,ORG_TREE|NAMED_POPULATION|AUTHORIZED_PACKAGE_SCOPE,PERFORMANCE|LIMITED_PROFILE|WORK_QUEUE,HIGH,N,N,,HRIS_PERFORMANCE_OPERATOR,PLANNED_G3_NOT_IMPLEMENTED,coding-readiness/ia-entry-query-projection-register.csv#IAQ-020..IAQ-025,PLANNED_QUERY_NO_PUBLIC_API_YET,PLANNED_REQUIRED_NOT_IMPLEMENTED
HRIS_DUTY_CONFIGURATION_WORKBENCH_READER,10,HRIS 설정 작업대 조회,CONFIGURATION,management,hcm.management.hris-policy,planned.iaq.configuration.workbench.view,hcm.configuration.workbench.view,CONFIG,CONFIG.HRIS_WORKBENCH,VIEW,dwp-platform-server,POLICY_NODE|LEGAL_ENTITY,CONFIGURATION|POLICY_STATUS|IMPACT_SUMMARY,HIGH,N,N,,HRIS_CONFIG_AUTHOR,PLANNED_G3_NOT_IMPLEMENTED,coding-readiness/ia-entry-query-projection-register.csv#IAQ-013|IAQ-026|IAQ-027|IAQ-033,PLANNED_QUERY_NO_PUBLIC_API_YET,PLANNED_REQUIRED_NOT_IMPLEMENTED
HRIS_DUTY_ONBOARDING_OPERATIONS_READER,10,온보딩 운영 작업대 조회,ONBOARDING,operations,hcm.operations.onboarding,planned.iaq.onboarding.operations.view,hcm.onboarding.view,DATA,DATA.HRIS_ONBOARDING_JOURNEY,VIEW,dwp-people-server,LEGAL_ENTITY|NAMED_POPULATION,ONBOARDING_JOURNEY|TASK_STATUS|ASSIGNEE,HIGH,N,N,,HRIS_HR_BUSINESS_PARTNER,PLANNED_G3_NOT_IMPLEMENTED,coding-readiness/ia-entry-query-projection-register.csv#IAQ-028,PLANNED_QUERY_NO_PUBLIC_API_YET,PLANNED_REQUIRED_NOT_IMPLEMENTED
HRIS_DUTY_LEARNING_OPERATIONS_READER,10,학습 운영 작업대 조회,LEARNING,operations,hcm.operations.learning,planned.iaq.learning.operations.view,hcm.learning.view,DATA,DATA.HRIS_LEARNING,VIEW,dwp-people-server,LEGAL_ENTITY|NAMED_POPULATION,LEARNING_OFFERING|ASSIGNMENT|COMPLETION_STATUS,HIGH,N,N,,HRIS_PERFORMANCE_OPERATOR,PLANNED_G3_NOT_IMPLEMENTED,coding-readiness/ia-entry-query-projection-register.csv#IAQ-029,PLANNED_QUERY_NO_PUBLIC_API_YET,PLANNED_REQUIRED_NOT_IMPLEMENTED
HRIS_DUTY_OPPORTUNITY_OPERATIONS_READER,10,내부기회 운영 작업대 조회,INTERNAL_MARKETPLACE,operations,hcm.operations.opportunities,planned.iaq.opportunity.operations.view,hcm.opportunity.view,DATA,DATA.HRIS_INTERNAL_OPPORTUNITY,VIEW,dwp-people-server,LEGAL_ENTITY|NAMED_POPULATION,OPPORTUNITY|APPLICATION_STATUS|MATCH_EXPLANATION,HIGH,N,N,,HRIS_HR_BUSINESS_PARTNER,PLANNED_G3_NOT_IMPLEMENTED,coding-readiness/ia-entry-query-projection-register.csv#IAQ-030,PLANNED_QUERY_NO_PUBLIC_API_YET,PLANNED_REQUIRED_NOT_IMPLEMENTED
HRIS_DUTY_BENEFITS_OPERATIONS_READER,10,복리후생 운영 작업대 조회,BENEFITS,operations,hcm.operations.benefits,planned.iaq.benefits.operations.view,hcm.benefits.view,DATA,DATA.HRIS_BENEFIT_ENROLLMENT,VIEW,dwp-people-server,LEGAL_ENTITY|NAMED_POPULATION,BENEFIT_PLAN|ENROLLMENT_STATUS|LIFE_EVENT,HIGH,N,N,,HRIS_HR_BUSINESS_PARTNER,PLANNED_G3_NOT_IMPLEMENTED,coding-readiness/ia-entry-query-projection-register.csv#IAQ-031,PLANNED_QUERY_NO_PUBLIC_API_YET,PLANNED_REQUIRED_NOT_IMPLEMENTED
HRIS_DUTY_AI_ASSISTANT_READER,10,HR AI 보조기능 초기조회,GOVERNED_AI,personal,hcm.personal.assistant,planned.iaq.ai.assistant.view,hcm.ai.assist.view,DATA,DATA.HRIS_AI_ASSISTANT_CONTEXT,VIEW,dwp-platform-server,SELF|DIRECT_REPORTS|APPROVED_DELEGATION,AI_ALLOWED_CONTEXT|AI_PROVENANCE|AI_EXPLANATION,HIGH,N,N,PURPOSE_BOUND_ACCESS,HRIS_EMPLOYEE|HRIS_LINE_MANAGER|HRIS_HR_BUSINESS_PARTNER,PLANNED_G3_NOT_IMPLEMENTED,coding-readiness/ia-entry-query-projection-register.csv#IAQ-032,PLANNED_QUERY_NO_PUBLIC_API_YET,PLANNED_REQUIRED_NOT_IMPLEMENTED
HRIS_DUTY_TEAM_WORKBENCH_READER,10,팀 작업대 초기조회,TEAM,team,hcm.team.home,planned.iaq.team.workbench.view,hcm.team.workbench.view,DATA,DATA.HRIS_TEAM_WORKBENCH,VIEW,dwp-platform-server,DIRECT_REPORTS|APPROVED_DELEGATION,LIMITED_EMPLOYMENT|TIME_DETAIL|ABSENCE_REQUEST|PERFORMANCE_ASSIGNED,HIGH,N,N,,HRIS_LINE_MANAGER,PLANNED_G3_NOT_IMPLEMENTED,coding-readiness/ia-entry-query-projection-register.csv#IAQ-036|IAQ-037,PLANNED_QUERY_NO_PUBLIC_API_YET,PLANNED_REQUIRED_NOT_IMPLEMENTED
HRIS_DUTY_HR_SERVICE_READER,10,HR 서비스 운영 작업대 조회,HR_SERVICE_DELIVERY,operations,hcm.operations.hr-services,planned.iaq.hrservice.operations.view,hcm.hrservice.view,DATA,DATA.HRIS_HR_CASE,VIEW,dwp-people-server,ORG_TREE|NAMED_POPULATION,HR_CASE_WORK_QUEUE|KNOWLEDGE_ANSWER|SLA_RECEIPT,HIGH,N,N,,HRIS_HR_BUSINESS_PARTNER,PLANNED_G3_NOT_IMPLEMENTED,coding-readiness/ia-entry-query-projection-register.csv#IAQ-058,PLANNED_QUERY_NO_PUBLIC_API_YET,PLANNED_REQUIRED_NOT_IMPLEMENTED
HRIS_DUTY_LISTENING_SELF_READER,10,개인 설문 초기조회,LISTENING,personal,hcm.personal.listening,planned.iaq.listening.self.view,hcm.listening.self.view,DATA,DATA.HRIS_LISTENING_SURVEY,VIEW,dwp-platform-server,SELF,LISTENING_SURVEY|RESPONSE_STATUS|ANONYMITY_NOTICE,LOW,N,N,,HRIS_EMPLOYEE,PLANNED_G3_NOT_IMPLEMENTED,coding-readiness/ia-entry-query-projection-register.csv#IAQ-059,PLANNED_QUERY_NO_PUBLIC_API_YET,PLANNED_REQUIRED_NOT_IMPLEMENTED
