activation_id,module_or_platform,capability,required_real_evidence,core_test_substitute,owner_role,named_binding_required,gate,status,core_code_effect,production_effect,evidence
ACT-G6-KR-TIME,TIM,KR labor and leave country pack,"effective-dated legal rules|rounding|forms|retention|statutory golden|legal signoff",TEST_ONLY time rule pack,ROLE.KR_LABOR_STATUTORY,YES,G6,DEFERRED_G6_NOT_CORE_BLOCKER,DOES_NOT_BLOCK_G3_CORE,BLOCKS_CAPABILITY_ACTIVATION,05-security-privacy-compliance.md|06-quality-operations-release.md
ACT-G6-KR-PAY,PAY,KR payroll tax insurance and statutory country pack,"effective-dated rates|rounding|filing formats|statutory golden|legal signoff",TEST_ONLY payroll country provider,ROLE.KR_PAY_STATUTORY,YES,G6,DEFERRED_G6_NOT_CORE_BLOCKER,DOES_NOT_BLOCK_G3_CORE,BLOCKS_CAPABILITY_ACTIVATION,01-full-coding-architecture.md|06-quality-operations-release.md
ACT-G6-YEA,PAY,Year-end adjustment provider and ownership,"provider contract|schema|test certification|statutory oracle|operations ownership",provider-neutral YEA port with disabled fake adapter,ROLE.KR_PAY_STATUTORY,YES,G6,DEFERRED_G6_NOT_CORE_BLOCKER,DOES_NOT_BLOCK_G3_CORE,BLOCKS_CAPABILITY_ACTIVATION,../session-evidence/pay/g2-service-boundary.md
ACT-G6-ERP,SYS|HRM|PAY,ERP connector adapter,"tenant endpoint|auth|field contract|sample|SLA|reconciliation approval",mock transport and schema-validated mapping,ROLE.HRIS_SYS_PRODUCT_OWNER,YES,G6,DEFERRED_G6_NOT_CORE_BLOCKER,DOES_NOT_BLOCK_G3_CORE,BLOCKS_CONNECTOR_ACTIVATION,01-full-coding-architecture.md
ACT-G6-BANK,SYS|PAY,Bank payment adapter,"bank contract|credential|file or API format|certification|reversal and reconciliation runbook",mock bank adapter with no external side effect,ROLE.HRIS_PAY_PRODUCT_OWNER,YES,G6,DEFERRED_G6_NOT_CORE_BLOCKER,DOES_NOT_BLOCK_G3_CORE,BLOCKS_CONNECTOR_ACTIVATION,../session-evidence/pay/g2-runtime-controls.md
ACT-G6-TAX-INSURANCE,SYS|PAY,Tax and social-insurance connector adapters,"agency contract|schema|credential|certification|receipt and correction policy",mock provider ports and synthetic receipts,ROLE.HRIS_PAY_PRODUCT_OWNER,YES,G6,DEFERRED_G6_NOT_CORE_BLOCKER,DOES_NOT_BLOCK_G3_CORE,BLOCKS_CONNECTOR_ACTIVATION,../session-evidence/pay/g2-service-boundary.md
ACT-G6-CLOCK,SYS|TIM,Clock device and time-event adapter,"device contract|identity mapping|ordering SLA|offline and duplicate behavior|certification",synthetic clock event producer,ROLE.HRIS_TIM_PRODUCT_OWNER,YES,G6,DEFERRED_G6_NOT_CORE_BLOCKER,DOES_NOT_BLOCK_G3_CORE,BLOCKS_CONNECTOR_ACTIVATION,../session-evidence/tim/g2-service-boundary.md
ACT-G6-CUSTOM-LEGACY,SYS|ALL,Customer legacy connector or signed extension,"tenant contract|approved mapping|security review|versioned extension manifest|support owner",mock connector and signed-extension verifier,ROLE.HRIS_SYS_PRODUCT_OWNER,YES,G6,DEFERRED_G6_NOT_CORE_BLOCKER,DOES_NOT_BLOCK_G3_CORE,BLOCKS_CONNECTOR_ACTIVATION,01-full-coding-architecture.md
ACT-G6-TENANT-CONFIG,ALL,Tenant work rules pay groups cycles calendars and approval policies,"tenant configuration|effective dates|four-eyes approval|simulation result",synthetic versioned configuration fixtures,ROLE.PROGRAM_OWNER,YES,G6,DEFERRED_G6_NOT_CORE_BLOCKER,DOES_NOT_BLOCK_G3_CORE,BLOCKS_TENANT_ACTIVATION,01-full-coding-architecture.md
ACT-G6-CUSTOMER-DATA,ALL,Customer migration and golden UAT,"authorized extract|mapping|data-quality report|reconciliation|business-approved expected results",fully synthetic cross-module golden pack,ROLE.DBA_AUTHORITY,YES,G6,DEFERRED_G6_NOT_CORE_BLOCKER,DOES_NOT_BLOCK_G3_CORE,BLOCKS_TENANT_ACTIVATION,06-quality-operations-release.md
ACT-G6-CAPACITY,ALL,Tenant capacity SLO RTO and RPO,"contract volume|peak|retention|load test|failure exercise|approved SLO and RTO/RPO",S/M fixtures and L data generator,ROLE.QA_EVIDENCE,YES,G6,DEFERRED_G6_NOT_CORE_BLOCKER,DOES_NOT_BLOCK_G3_CORE,BLOCKS_TENANT_ACTIVATION,06-quality-operations-release.md
ACT-G6-PROD-SECRETS,SYS,Production secrets KMS egress and endpoint policy,"production KMS|secret references|rotation|egress allowlist|break-glass review",fake secret references and denied-by-default egress,ROLE.SECURITY_AUTHORITY,YES,G6,DEFERRED_G6_NOT_CORE_BLOCKER,DOES_NOT_BLOCK_G3_CORE,BLOCKS_PRODUCTION_ACTIVATION,05-security-privacy-compliance.md
ACT-G6-SECURITY-PRIVACY,ALL,Production security and privacy acceptance,"threat model|penetration test|DPIA|retention|support-access review|named Security and Privacy signoff",negative matrix and synthetic privacy tests,ROLE.SECURITY_AUTHORITY,YES,G6,DEFERRED_G6_NOT_CORE_BLOCKER,DOES_NOT_BLOCK_G3_CORE,BLOCKS_PRODUCTION_ACTIVATION,05-security-privacy-compliance.md
ACT-G6-DB-DR,ALL,Production database backup recovery and disaster recovery,"migration rehearsal|backup restore|failover|RLS and DB-role review|named DBA and operations signoff",Testcontainers migration and recovery tests,ROLE.DBA_AUTHORITY,YES,G6,DEFERRED_G6_NOT_CORE_BLOCKER,DOES_NOT_BLOCK_G3_CORE,BLOCKS_PRODUCTION_ACTIVATION,06-quality-operations-release.md
ACT-G6-DB-IDENTITY-ADOPTION,ALL,Production database service identity adoption,"service-by-service database principal inventory|schema-history and ownership digest|Control-only credential cutover|backup and restore point|strict process restart|rollback rehearsal|named DBA and Security signoff",Strict fresh Testcontainers migration/runtime identity separation and negative startup tests,ROLE.DBA_AUTHORITY,YES,G6,DEFERRED_G6_NOT_CORE_BLOCKER,DOES_NOT_BLOCK_G3_CORE,BLOCKS_PRODUCTION_ACTIVATION,05-security-privacy-compliance.md|06-quality-operations-release.md
ACT-G6-RUNTIME-NO-MIGRATION-CREDENTIALS,ALL,External migration job and runtime credential separation,"external Control Flyway job completion receipt|exact schema-history digest|runtime deployment artifact and environment inventory|migration datasource and credential absence|strict restart|rollback rehearsal|named DBA Security and release signoff",G3 dual-datasource bootstrap tests with fail-closed identity guards,ROLE.SECURITY_AUTHORITY,YES,G6,DEFERRED_G6_NOT_CORE_BLOCKER,DOES_NOT_BLOCK_G3_CORE,BLOCKS_PRODUCTION_ACTIVATION,05-security-privacy-compliance.md|06-quality-operations-release.md
ACT-G6-APPROVAL-LEGACY-ROLE-HARDENING,APPROVAL,Legacy Approval database role inheritance and ACL hardening recovery,"Approval database principal inventory|rolinherit=false conversion or controlled role rebuild|membership ownership cluster and database ACL before-after diff|schema-history and ownership digest|backup restore point|strict process restart|rollback rehearsal|named DBA Security and SRE release approval",Fresh or disposable Approval database migration with NOINHERIT role invariants and strict ACL negative tests,ROLE.DBA_AUTHORITY,YES,G6,DEFERRED_G6_NOT_CORE_BLOCKER,DOES_NOT_BLOCK_G3_CORE,BLOCKS_APPROVAL_PRODUCTION_ACTIVATION,05-security-privacy-compliance.md|06-quality-operations-release.md
ACT-G6-BUSINESS-RELEASE,ALL,Production business and release acceptance,"named Product|HR|Payroll|Time|Performance|Operations owners|tenant UAT|cutover and rollback rehearsal",synthetic persona E2E and release checklist,ROLE.PROGRAM_OWNER,YES,G6,DEFERRED_G6_NOT_CORE_BLOCKER,DOES_NOT_BLOCK_G3_CORE,BLOCKS_PRODUCTION_ACTIVATION,06-quality-operations-release.md
