decision_id,area,decision,status,owner,evidence,change_trigger
ADR-HRIS-001,PRODUCT,"Behavioral reimplementation with complete traceability; no SKKF code/config/SQL/formula/asset reuse",DECIDED,ROLE.ARCHITECTURE_AUTHORITY,"../g0/source-governance-decision.md",Written source-rights mode change
ADR-HRIS-002,DELIVERY,"Five sessions are source accountability tracks, not five target microservices",DECIDED,ROLE.INTEGRATION_CONTROL,"01-full-coding-architecture.md",Program operating-model change
ADR-HRIS-003,SERVICE,"HRM owns canonical people/employment/assignment/org in dwp-people-server",DECIDED,ROLE.HRIS_HRM_PRODUCT_OWNER,"03-backend-service-architecture.md",Approved SoR ADR
ADR-HRIS-004,SERVICE,"PER starts as an extraction-ready bounded context in dwp-people-server/hris/performance",DECIDED,ROLE.HRIS_PER_PRODUCT_OWNER,"../session-evidence/per/g2-readiness/ADR-001-performance-boundary.md",Measured scale or fault-isolation threshold
ADR-HRIS-005,SERVICE,"TIM is implemented in a new dwp-time-server",DECIDED,ROLE.HRIS_TIM_PRODUCT_OWNER,"../session-evidence/tim/g2-service-boundary.md",Approved service-consolidation ADR
ADR-HRIS-006,SERVICE,"PAY is implemented in a new dwp-payroll-server with country/provider ports",DECIDED,ROLE.HRIS_PAY_PRODUCT_OWNER,"../session-evidence/pay/g2-service-boundary.md",Approved service-consolidation ADR
ADR-HRIS-007,SERVICE,"SYS behavior extends DWP Auth/Platform/Gateway/Audit; dwp-sys-server is forbidden",DECIDED,ROLE.HRIS_SYS_PRODUCT_OWNER,"01-full-coding-architecture.md",DWP platform ownership redesign
ADR-HRIS-008,DATA,"Each service owns its database schema; cross-service FK/join/repository access is forbidden",DECIDED,ROLE.ARCHITECTURE_AUTHORITY,"03-backend-service-architecture.md",Approved distributed-data ADR
ADR-HRIS-009,IDENTITY,"Internal tenant and local keys follow BIGINT DWP conventions; public aggregate identifiers are UUID",DECIDED,ROLE.DBA_AUTHORITY,"04-data-api-event-contract.md",Platform-wide identifier migration
ADR-HRIS-010,TEMPORAL,"Published business validity uses half-open [from,to) intervals with overlap prevention",DECIDED,ROLE.DBA_AUTHORITY,"04-data-api-event-contract.md",Approved temporal-model ADR
ADR-HRIS-011,LEDGER,"Time, leave, payroll and external side-effect records are append-only with correction/reversal lineage",DECIDED,ROLE.ARCHITECTURE_AUTHORITY,"03-backend-service-architecture.md",Legal retention or ledger model change
ADR-HRIS-012,COMMAND,"High-impact commands require idempotency, payload hash, CAS and durable receipt",DECIDED,ROLE.SECURITY_AUTHORITY,"04-data-api-event-contract.md",Platform command-contract version change
ADR-HRIS-013,EVENT,"Service propagation uses transactional outbox and idempotent inbox; no distributed transaction",DECIDED,ROLE.ARCHITECTURE_AUTHORITY,"04-data-api-event-contract.md",Messaging platform replacement
ADR-HRIS-014,AUTH,"DWP HRIS app entitlement is the parent gate; leaf access is atomic capability plus scope/field/SoD",DECIDED,ROLE.SECURITY_AUTHORITY,"../authorization-blueprint.md",Authorization v7+ approved replacement
ADR-HRIS-015,AUTH,"Static SoD is Auth-owned; object/state dynamic SoD is owner-service enforced",DECIDED,ROLE.SECURITY_AUTHORITY,"../hris-sod-rule-matrix.csv",Approved PEP ownership change
ADR-HRIS-016,CONFIG,"Variation order is Product Core then Country Pack then Tenant Config then Signed Extension Pack",DECIDED,ROLE.ARCHITECTURE_AUTHORITY,"01-full-coding-architecture.md",Extension model major version
ADR-HRIS-017,CONFIG,"Configuration is immutable-versioned and follows draft/validate/simulate/approve/publish/rollback",DECIDED,ROLE.HRIS_SYS_PRODUCT_OWNER,"01-full-coding-architecture.md",Config lifecycle major version
ADR-HRIS-018,AUTOMATION,"Batch control is centralized in DWP Platform and executes allowlisted domain commands via signed manifests",DECIDED,ROLE.HRIS_SYS_PRODUCT_OWNER,"01-full-coding-architecture.md",Automation platform replacement
ADR-HRIS-019,INTEGRATION,"Connector control is centralized; transport, mapping and domain command adapters are separated",DECIDED,ROLE.HRIS_SYS_PRODUCT_OWNER,"01-full-coding-architecture.md",Connector framework major version
ADR-HRIS-020,HOME,"HRIS home is a role/scope-aware widget read model and never a menu catalog",DECIDED,ROLE.PROGRAM_OWNER,"02-frontend-module-architecture.md",Explicit product-owner decision
ADR-HRIS-021,NAVIGATION,"The full capability catalog belongs to governed /hr/explore; leaf flows stay inside workspaces",DECIDED,ROLE.PROGRAM_OWNER,"02-frontend-module-architecture.md",Explicit product-owner decision
ADR-HRIS-022,FRONTEND,"HRIS features use public feature APIs and central generated contracts; sibling implementation imports are forbidden",DECIDED,ROLE.ARCHITECTURE_AUTHORITY,"02-frontend-module-architecture.md",Frontend application architecture major version
ADR-HRIS-023,API,"Gateway routes external APIs but owner services retain business authorization and state decisions",DECIDED,ROLE.ARCHITECTURE_AUTHORITY,"03-backend-service-architecture.md",Gateway responsibility redesign
ADR-HRIS-024,GOLDEN,"Synthetic golden packs unblock generic-core code; real customer and statutory goldens gate activation",DECIDED,ROLE.QA_EVIDENCE,"06-quality-operations-release.md",Approved validation strategy change
ADR-HRIS-025,STATUTORY,"Rates/forms/rounding are effective-dated signed country-pack content, never generic-core constants",DECIDED,ROLE.HRIS_PAY_PRODUCT_OWNER,"01-full-coding-architecture.md",Country-pack contract major version
ADR-HRIS-026,MIGRATION,"SKKF migration is canonical extract/transform/reconcile/cutover, not schema cloning",DECIDED,ROLE.DBA_AUTHORITY,"06-quality-operations-release.md",Approved migration strategy change
ADR-HRIS-027,PRIVACY,"Sensitive identifiers and payment destinations are tokenized/restricted; logs/events expose no raw values",DECIDED,ROLE.PRIVACY_AUTHORITY,"05-security-privacy-compliance.md",Approved privacy architecture change
ADR-HRIS-028,AI,"AI may explain/draft/classify but cannot autonomously decide employment/pay/attendance/performance or publish policy",DECIDED,ROLE.PRIVACY_AUTHORITY,"01-full-coding-architecture.md",Approved high-impact AI policy change
ADR-HRIS-029,DESIGN,"Functional G4 precedes Design AI G5A/B/C; visual replacement cannot alter functional contracts silently",DECIDED,ROLE.PROGRAM_OWNER,"06-quality-operations-release.md",Explicit program decision
ADR-HRIS-030,GATE,"External connectors, country law, customer data/load and named production approvals are G6 activation gates, not generic-core code blockers",DECIDED,ROLE.PROGRAM_OWNER,"README.md",Explicit program decision
ADR-HRIS-031,SERVICE,"Employee listening and people analytics stay in dwp-platform-server only as the isolated hrisinsights bounded context and hris_insights schema/role; they may perform privacy aggregation but never employment/time/payroll/performance decisions",DECIDED,ROLE.ARCHITECTURE_AUTHORITY,"03-backend-service-architecture.md|../session-evidence/sys/g3-modern-capability-contracts.v1.json",Approved insight-context extraction to People or a dedicated service
ADR-HRIS-032,DATA,"Physical owner prefixes are fixed to ppl/prf/tme/abs/pay/sys_product_access/com_product_access/sys_hris with runtime schema and file scope; legacy design-only hr/tim/hrx names are forbidden",DECIDED,ROLE.DBA_AUTHORITY,"04-data-api-event-contract.md|physical-owner-prefix-register.csv",Approved database naming-major migration
ADR-HRIS-033,MONEY,"All HRIS numeric values use named decimal types and an explicit source-normalize/formula/element/worker-result/settlement pipeline; wire floats database rounding hardcoded minor units and silent overflow are forbidden",DECIDED,ROLE.HRIS_PAY_PRODUCT_OWNER,"decimal-value-types.v1.json|../session-evidence/pay/synthetic-golden-spec.md",Approved decimal-contract major version
