contract_id,dependency_id,producer_session,consumer_sessions,contract_kind,canonical_name,producer_evidence,consumer_evidence,required_fields,required_fields_sha256,nested_required_fields,nested_required_fields_sha256,compatibility_rule,failure_guard,status
XCON-001,DEP-007,HRIS-HRM,HRIS-PER|HRIS-TIM|HRIS-PAY,SNAPSHOT,WorkerAssignmentSnapshot.v1,../session-evidence/hrm/g2-readiness/api-event-contracts.v1.json,../session-evidence/per/g2-readiness/api-event-contracts.yaml|../session-evidence/tim/g2-api-event-contracts.json|../session-evidence/pay/g2-api-event-contracts.json,asOf|assignments|personPublicId|relationships|snapshotVersion|workerPublicId|workerStatus,bc881055f0410aaa96d20da0d748c5fda2f217e4c1e0e58377be351a9aedef17,,NONE,major version explicit; additive compatible fields only; effective period half-open,consumer blocks stale or missing required revision,READY_FOR_G3
XCON-002,DEP-008,HRIS-HRM,HRIS-PAY,SNAPSHOT,CompensationBasisSnapshot.v1,../session-evidence/hrm/g2-readiness/api-event-contracts.v1.json,../session-evidence/pay/g2-api-event-contracts.json,amount|asOf|assignmentPublicId|basisType|compensationBasisPublicId|currency|frequency|legalEntityPublicId|payGroupPublicId|payloadDigest|snapshotVersion|sourceRevision|validFrom|validTo|workerPublicId,6d7e79fd686067b41b1df7d20c5475a5f9f2388d633a60ed737bb853e766c25a,,NONE,major version explicit; PAY field policy; currency frequency and effective range required,pay input validation blocks missing or stale basis,READY_FOR_G3
XCON-003,DEP-007,HRIS-HRM,HRIS-PER|HRIS-TIM|HRIS-PAY,EVENT,WorkerChanged.v1,../session-evidence/hrm/g2-readiness/api-event-contracts.v1.json,../session-evidence/per/g2-readiness/api-event-contracts.yaml|../session-evidence/tim/g2-api-event-contracts.json|../session-evidence/pay/g2-api-event-contracts.json,changeType|effectiveDate|newAggregateVersion|workerPublicId,4f79ce9981594b023d6e1b615557050f2c055e851a2b4eadeab180852c9b3cff,,NONE,event type major version and aggregate sequence; minimized public-ID payload,gap quarantines subject and owner snapshot replay is required,READY_FOR_G3
XCON-004,DEP-007,HRIS-HRM,HRIS-PER|HRIS-TIM|HRIS-PAY,EVENT,EmploymentChanged.v1,../session-evidence/hrm/g2-readiness/api-event-contracts.v1.json,../session-evidence/per/g2-readiness/api-event-contracts.yaml|../session-evidence/tim/g2-api-event-contracts.json|../session-evidence/pay/g2-api-event-contracts.json,changeType|effectiveDate|newAggregateVersion|relationshipPublicId,53b4a6eaa6b824392dfc7ddc18cf51959c29bcda91b6b1537acf67f77c1b46fd,,NONE,event type major version and aggregate sequence; effective range required,gap quarantines subject and owner snapshot replay is required,READY_FOR_G3
XCON-005,DEP-007,HRIS-HRM,HRIS-PER|HRIS-TIM|HRIS-PAY,EVENT,AssignmentChanged.v1,../session-evidence/hrm/g2-readiness/api-event-contracts.v1.json,../session-evidence/per/g2-readiness/api-event-contracts.yaml|../session-evidence/tim/g2-api-event-contracts.json|../session-evidence/pay/g2-api-event-contracts.json,assignmentPublicId|changedReferences|effectiveDate|eventPublicId|eventType|newAggregateVersion,268e3bab373ac16d8d63def9c8d584a044a503c6260c682ab5175b1d3c4379b1,,NONE,event type major version and assignment revision; effective range required,gap quarantines subject and owner snapshot replay is required,READY_FOR_G3
XCON-006,DEP-007,HRIS-HRM,HRIS-PER|HRIS-TIM|HRIS-PAY,EVENT,OrganizationChanged.v1,../session-evidence/hrm/g2-readiness/api-event-contracts.v1.json,../session-evidence/per/g2-readiness/api-event-contracts.yaml|../session-evidence/tim/g2-api-event-contracts.json|../session-evidence/pay/g2-api-event-contracts.json,changedOrganizationPublicIds|effectiveDate|revisionPublicId|snapshotDigest,085efc980c12b34c4a2dd86a2134549c27f421ea4eb5e1217e080352a6ba7711,,NONE,event type major version and organization revision; effective range required,gap quarantines affected projection and owner snapshot replay is required,READY_FOR_G3
XCON-007,DEP-008,HRIS-HRM,HRIS-PAY,EVENT,CompensationBasisChanged.v1,../session-evidence/hrm/g2-readiness/api-event-contracts.v1.json,../session-evidence/pay/g2-api-event-contracts.json,assignmentPublicId|basisType|compensationBasisPublicId|newAggregateVersion|validFrom|validTo,c53b8118807d4733aa9a19a2466c587fad04c3db62a06ee455961feee8f9e39f,,NONE,event is an invalidation pointer; sensitive amounts remain owner-query projected,pay input blocks until approved CompensationBasisSnapshot revision is fetched,READY_FOR_G3
XCON-008,DEP-009,HRIS-TIM,HRIS-PAY,SNAPSHOT,ClosedTimeResult.v1,../session-evidence/tim/g2-api-event-contracts.json,../session-evidence/pay/g2-api-event-contracts.json,closePeriodId|closeRevision|closedTimeResultId|ledgerRevisionFrom|ledgerRevisionTo|lineCount|lines|payPeriodId|payloadDigest|payrollEntityId|ruleDigest|sourceDigest|supersedesResultId|workerCount,e1897c813258592543be09c5be2a48b3cb81b63321d3f28832494d5970e5b7b8,assignmentId|currency|payCode|quantity|sourceEntryCount|sourceEntryDigest|unit|workerId,b3e522497ed64fea29237174300ed83a48f2db5caf08779589a9bdd3ad171457,close revision source digest rule digest and correction lineage required,pay calculation blocks open superseded or digest-mismatched handoff,READY_FOR_G3
XCON-009,DEP-009,HRIS-TIM,HRIS-PAY,EVENT,TimePeriodClosed.v1,../session-evidence/tim/g2-api-event-contracts.json,../session-evidence/pay/g2-api-event-contracts.json,closePeriodId|closeRevision|ledgerRevision|periodEnd|periodStart|ruleDigest|scopeId|sourceDigest,28007b0e55e2ba8147bf512e9b386cf0c108ae2be59d9ca17f4dd70e542b3e43,,NONE,event type major version and close revision; snapshot reference required,pay requests ClosedTimeResult and rejects stale close revision,READY_FOR_G3
XCON-010,DEP-009,HRIS-TIM,HRIS-PAY,EVENT,TimePeriodReopened.v1,../session-evidence/tim/g2-api-event-contracts.json,../session-evidence/pay/g2-api-event-contracts.json,closePeriodId|newRevision|priorCloseRevision|reasonCode,b2785212d673d11ecb3e87fc9ef20b82581be117de1fc035ff2c9e90f70c07b8,,NONE,event type major version and prior/new close revision required,unfrozen pay input invalidates; frozen result creates retro/correction case,READY_FOR_G3
XCON-011,DEP-009,HRIS-TIM,HRIS-PAY,EVENT,PayrollTimeHandoffReady.v1,../session-evidence/tim/g2-api-event-contracts.json,../session-evidence/pay/g2-api-event-contracts.json,closePeriodId|closeRevision|closedTimeResultId|handoffId|lineCount|payPeriodId|payloadDigest|payrollEntityId|ruleDigest|sourceDigest|workerCount,11573b9c9682b73a15375b2ee97cda3f3bc4b1f9e164d8c1d9c61dd160e4dc7b,,NONE,event points to immutable ClosedTimeResult with payload digest,pay inbox deduplicates and reconciles accepted rejected or result-unknown receipt,READY_FOR_G3
XCON-012,DEP-010,HRIS-PER,HRIS-SYS,EVENT,HrisHomeContributionChanged.v1,../session-evidence/per/g2-readiness/api-event-contracts.yaml,../session-evidence/sys/g2-contract-catalog.csv,freshUntil|generatedAt|module|ownerPopulationScope|payloadDigest|payloadRef|scopeRevision|staleAfter|state|widgetKey,7c001fbfd7b2c7d6fb98a6b2d7398e9b6932c7c999ed841a461d899ad8c972d5,,NONE,PerformanceHomeContribution.v1 profile; owner population scope revision state freshness and payload digest required; browser audience is derived by SYS mapping,SYS keeps other widgets available and marks only this contribution unavailable or stale,READY_FOR_G3
XCON-013,DEP-011,HRIS-HRM,HRIS-SYS,EVENT,HrisHomeContributionChanged.v1,../session-evidence/hrm/g2-readiness/api-event-contracts.v1.json,../session-evidence/sys/g2-contract-catalog.csv,freshUntil|generatedAt|module|ownerPopulationScope|payloadDigest|payloadRef|scopeRevision|staleAfter|state|widgetKey,7c001fbfd7b2c7d6fb98a6b2d7398e9b6932c7c999ed841a461d899ad8c972d5,,NONE,PeopleHomeContribution.v1 profile; owner population scope revision state freshness and payload digest required; browser audience is derived by SYS mapping,SYS keeps other widgets available and marks only this contribution unavailable or stale,READY_FOR_G3
XCON-014,DEP-012,HRIS-TIM,HRIS-SYS,EVENT,HrisHomeContributionChanged.v1,../session-evidence/tim/g2-api-event-contracts.json,../session-evidence/sys/g2-contract-catalog.csv,freshUntil|generatedAt|module|ownerPopulationScope|payloadDigest|payloadRef|scopeRevision|staleAfter|state|widgetKey,7c001fbfd7b2c7d6fb98a6b2d7398e9b6932c7c999ed841a461d899ad8c972d5,,NONE,TimeLeaveHomeContribution.v1 profile; owner population scope revision state freshness and payload digest required; browser audience is derived by SYS mapping,SYS keeps other widgets available and marks only this contribution unavailable or stale,READY_FOR_G3
XCON-015,DEP-013,HRIS-PAY,HRIS-SYS,EVENT,HrisHomeContributionChanged.v1,../session-evidence/pay/g2-api-event-contracts.json,../session-evidence/sys/g2-contract-catalog.csv,freshUntil|generatedAt|module|ownerPopulationScope|payloadDigest|payloadRef|scopeRevision|staleAfter|state|widgetKey,7c001fbfd7b2c7d6fb98a6b2d7398e9b6932c7c999ed841a461d899ad8c972d5,,NONE,PayrollHomeContribution.v1 profile; owner population scope revision state freshness and payload digest required; browser audience is derived by SYS mapping,SYS keeps other widgets available and marks only this contribution unavailable masked or stale,READY_FOR_G3
XCON-016,DEP-007,HRIS-HRM,HRIS-TIM,SNAPSHOT,WorkplaceAssignmentSnapshot.v1,../session-evidence/hrm/g2-readiness/api-event-contracts.v1.json,../session-evidence/tim/g2-api-event-contracts.json,assignmentId|calendarId|effectiveFrom|effectiveTo|payloadDigest|snapshotId|snapshotRevision|sourceVersion|timeZone|workLocationCode|workerId|workplaceId,b62f23ec8209d3fd03c2fdbf4c9d55da77c29a1e7717a2e741713fa4718cc063,,NONE,major version explicit; workplace and calendar validity half-open,TIM blocks interpretation when workplace revision is missing or stale,READY_FOR_G3
XCON-017,DEP-008,HRIS-HRM,HRIS-PAY,SNAPSHOT,WorkerDependentEligibilitySnapshot.v1,../session-evidence/hrm/g2-readiness/api-event-contracts.v1.json,../session-evidence/pay/g2-api-event-contracts.json,dependentPublicId|effectiveFrom|effectiveTo|eligibilityFacts|payloadDigest|relationshipType|snapshotId|snapshotRevision|sourceVersion|workerId,94bcae862687e8b5f1548a92d31931e7455f04c15469eb3912c48526152eaf06,,NONE,major version explicit; schema-validated minimized eligibility facts only,PAY rejects unknown fact schema stale revision or raw dependent identity,READY_FOR_G3
XCON-018,DEP-008,HRIS-HRM,HRIS-PAY,SNAPSHOT,WorkerTaxIdentitySnapshot.v1,../session-evidence/hrm/g2-readiness/api-event-contracts.v1.json,../session-evidence/pay/g2-api-event-contracts.json,effectiveFrom|effectiveTo|payloadDigest|residencyStatus|snapshotId|snapshotRevision|sourceVersion|taxIdentifierToken|taxJurisdictionCode|workerClassification|workerId,fc6aaf828a314b03da79946ddff1920f438af84d06d4f724208925f687fb8364,,NONE,major version explicit; opaque tax identifier token and minimized identity facts only,PAY rejects raw tax identifiers unknown jurisdiction or stale revision,READY_FOR_G3
XCON-019,DEP-008,HRIS-HRM,HRIS-PAY,SNAPSHOT,WorkerBankAccountTokenSnapshot.v1,../session-evidence/hrm/g2-readiness/api-event-contracts.v1.json,../session-evidence/pay/g2-api-event-contracts.json,bankAccountToken|currency|effectiveFrom|effectiveTo|maskedAccountDisplay|payloadDigest|paymentPriority|snapshotId|snapshotRevision|sourceVersion|workerId,e0036c8d9735ba5b40457cf79dbcbdeb36348b91ac3aca395f48dfe0ec450202,,NONE,major version explicit; opaque vault token and masked display only,PAY blocks payment preparation for raw account values token failure or stale revision,READY_FOR_G3
XCON-020,DEP-019,HRIS-PER,HRIS-PAY,SNAPSHOT,ApprovedCompensationPlanSnapshot.v1,../session-evidence/per/g2-readiness/api-event-contracts.yaml,../session-evidence/pay/g2-api-event-contracts.json,approvalReceiptId|cycleId|effectiveFrom|effectiveTo|lineCount|lines|payloadDigest|planId|snapshotId|snapshotRevision|sourceVersion,46b861794e318b6e3150f0b28807597c7bfcf448ddf7d8938b0e49dec49e5de5,approvedAmount|assignmentId|componentCode|currency|effectiveFrom|effectiveTo|lineDigest|lineId|lineSequence|workerId,86fc82d68b8bd4b0fa7f268f428fcdfe9b6bafccc2671dd7e00d1e9d5229a674,major version explicit; approved header plus exact 1..100000 ordered contiguous lines; canonical decimal strings only,PAY blocks unapproved duplicate stale digest-mismatched cardinality-mismatched or non-contiguous plan input and materializes N lines to N rows,READY_FOR_G3
XCON-021,DEP-019,HRIS-PER,HRIS-PAY,EVENT,ApprovedCompensationPlanSnapshotPublished.v2,../session-evidence/per/g3-modern-capability-contracts.v2.json,../session-evidence/pay/g3-modern-capability-consumer-contracts.v1.json,aggregateId|aggregateVersion|approvalReceiptId|approvalRevision|correlationId|cycleId|effectiveDate|fromState|lineCount|occurredAt|payloadDigest|planId|snapshotId|snapshotRevision|sourceVersion|toState,9d86a14b30c958ab9dacb98fe6b8e2fea38e7cbfd9a9d29fd2d0ddc388ab90a7,,NONE,event is emitted only after immutable snapshot header and all ordered lines commit; it invalidates prior input and binds exact snapshot revision,PAY inbox deduplicates the v2 fact and refetches snapshotId+snapshotRevision; v1 and dual publish are forbidden,READY_FOR_G3
