transition_id,legacy_source_refs,source_variant,legacy_method,legacy_browser_path,disposition,canonical_owner_sessions,canonical_contract_refs,canonical_ia_node_refs,canonical_browser_paths,cutover_slice_ids,transition_adapter_allocation_id,feature_flag,selection_mode,initial_selection,composition_mode,direct_url_switch_allowed,retirement_gate,dual_read_allowed,dual_write_allowed,silent_fallback_allowed,bensk_state_reuse_allowed,status,rationale
API-SOR-READ-001,libs/shared-utils/src/api/hr-api.ts#getHrHome,ALL,GET,/api/people/v1/hr/home,RETIRE_SYS_COMPOSITION,HRIS-HRM|HRIS-PAY|HRIS-PER|HRIS-SYS|HRIS-TIM,PEP-SYS-028|SVC-PEP-HRM-006|SVC-PEP-PAY-001|SVC-PEP-PER-002|SVC-PEP-TIM-002,BASE:my-hr-home,/hr/home,BASE-TFR-HRM-003|BASE-TFR-PAY-015|BASE-TFR-PER-007|BASE-TFR-SYS-012|BASE-TFR-TIM-018,G3-CTL-FE-HRIS-API-TRANSITION,hris.api.sor.home,EXACTLY_ONE_LEGACY_OR_CANONICAL,LEGACY_PHASE1,RETIRE_AGGREGATOR_COMPOSE_CANONICAL,NO,SYS_HOME_COMPOSITION_AND_ALL_CONTRIBUTORS_VERIFIED,NO,NO,NO,NO,CONTRACT_DEFINED_G3_BLOCKED_NOT_CUT_OVER,People home aggregate is retired only after SYS composes exact signed owner projections
API-SOR-READ-002,libs/shared-utils/src/api/hr-api.ts#getHrTime|apps/dwp/src/features/hris/time/hris-time-data-source.ts#readHrisTimeWorkspace,ALL,GET,/api/people/v1/hr/time,CUTOVER_TIM,HRIS-TIM,PEP-TIM-001|PEP-TIM-011,BASE:my-time,/hr/time,BASE-TFR-TIM-017|BASE-TFR-TIM-018,G3-CTL-FE-HRIS-API-TRANSITION,hris.api.sor.tim.time,EXACTLY_ONE_LEGACY_OR_CANONICAL,LEGACY_PHASE1,RETIRE_AGGREGATOR_COMPOSE_CANONICAL,NO,CANONICAL_COMPOSITION_CONTRACT_AND_ALL_TARGET_SLICES_VERIFIED,NO,NO,NO,NO,CONTRACT_DEFINED_G3_BLOCKED_NOT_CUT_OVER,Legacy time workspace is composed from Time-owned summary and timecard queries
API-SOR-READ-003,libs/shared-utils/src/api/hr-api.ts#getHrAbsence,ALL,GET,/api/people/v1/hr/absence,CUTOVER_TIM,HRIS-TIM,PEP-TIM-018,BASE:my-leave,/hr/me/leave,BASE-TFR-TIM-012,G3-CTL-FE-HRIS-API-TRANSITION,hris.api.sor.tim.leave,EXACTLY_ONE_LEGACY_OR_CANONICAL,LEGACY_PHASE1,RETIRE_AGGREGATOR_COMPOSE_CANONICAL,NO,CANONICAL_COMPOSITION_CONTRACT_AND_ALL_TARGET_SLICES_VERIFIED,NO,NO,NO,NO,CONTRACT_DEFINED_G3_BLOCKED_NOT_CUT_OVER,Legacy absence aggregate may not be URL-switched to the balance query without composition
API-SOR-READ-004,libs/shared-utils/src/api/hr-api.ts#getHrTeam,ALL,GET,/api/people/v1/hr/team,RETAIN_HRM_COMPOSE,HRIS-HRM|HRIS-PAY|HRIS-PER|HRIS-SYS|HRIS-TIM,PEP-HRM-001|PEP-HRM-002|PEP-HRM-016|PEP-PAY-001|PEP-PER-001|PEP-SYS-028|PEP-TIM-001,BASE:team-home|BASE:team-members,/hr/team/home|/hr/team/members,BASE-TFR-HRM-003|BASE-TFR-HRM-004|BASE-TFR-PAY-015|BASE-TFR-PER-007|BASE-TFR-SYS-012|BASE-TFR-TIM-018,G3-CTL-FE-HRIS-API-TRANSITION,hris.api.sor.team,EXACTLY_ONE_LEGACY_OR_CANONICAL,LEGACY_PHASE1,RETIRE_AGGREGATOR_COMPOSE_CANONICAL,NO,TEAM_HOME_COMPOSITION_AND_HRM_MEMBER_QUERY_VERIFIED,NO,NO,NO,NO,CONTRACT_DEFINED_G3_BLOCKED_NOT_CUT_OVER,People remains member SoR while the SYS home API composes role-aware team widgets and domain modules own exact projections
API-SOR-READ-005,libs/shared-utils/src/api/hr-api.ts#getHrTeamTime,ALL,GET,/api/people/v1/hr/team/time,CUTOVER_TIM,HRIS-TIM,PEP-TIM-002|PEP-TIM-011,BASE:team-time,/hr/team/time,BASE-TFR-TIM-016|BASE-TFR-TIM-017,G3-CTL-FE-HRIS-API-TRANSITION,hris.api.sor.tim.team-time,EXACTLY_ONE_LEGACY_OR_CANONICAL,LEGACY_PHASE1,RETIRE_AGGREGATOR_COMPOSE_CANONICAL,NO,CANONICAL_COMPOSITION_CONTRACT_AND_ALL_TARGET_SLICES_VERIFIED,NO,NO,NO,NO,CONTRACT_DEFINED_G3_BLOCKED_NOT_CUT_OVER,Team time read moves to Time schedules and timecard projections
API-SOR-READ-006,libs/shared-utils/src/api/hr-api.ts#getHrTeamAbsence,ALL,GET,/api/people/v1/hr/team/absence,CUTOVER_TIM,HRIS-TIM,PEP-TIM-018,BASE:team-leave,/hr/team/leave,BASE-TFR-TIM-012,G3-CTL-FE-HRIS-API-TRANSITION,hris.api.sor.tim.team-leave,EXACTLY_ONE_LEGACY_OR_CANONICAL,LEGACY_PHASE1,RETIRE_AGGREGATOR_COMPOSE_CANONICAL,NO,CANONICAL_COMPOSITION_CONTRACT_AND_ALL_TARGET_SLICES_VERIFIED,NO,NO,NO,NO,CONTRACT_DEFINED_G3_BLOCKED_NOT_CUT_OVER,Team leave aggregate is rebuilt from Time-owned projections without People fallback
API-SOR-READ-007,libs/shared-utils/src/api/hr-api.ts#getHrBenefits,ALL,GET,/api/people/v1/hr/benefits,RETAIN_HRM_BENEFITS_SEPARATE_BENSK,HRIS-HRM,modern.benefits.self.plans.query,MODERN:hcm.personal.benefits,/hr/me/benefits,MOD-HRM-BENEFITS,G3-CTL-FE-HRIS-API-TRANSITION,hris.api.sor.hrm.benefits,EXACTLY_ONE_LEGACY_OR_CANONICAL,LEGACY_PHASE1,REBUILD_CANONICAL_COMPOSITION,NO,HRM_BENEFITS_SLICE_AND_BENSK_SEPARATION_VERIFIED,NO,NO,NO,NO,CONTRACT_DEFINED_G3_BLOCKED_NOT_CUT_OVER,Generic HRIS benefits is rebuilt in HRM and may not read redirect or reuse retained BENSK state
API-SOR-READ-008,libs/shared-utils/src/api/hr-api.ts#getHrPay|apps/dwp/src/features/hris/payroll/payroll-api.ts#getHrisPayrollWorkspace,ALL,GET,/api/people/v1/hr/pay,CUTOVER_PAY,HRIS-PAY,PEP-PAY-001|PEP-PAY-026,BASE:my-pay-tax,/hr/pay,BASE-TFR-PAY-009|BASE-TFR-PAY-015,G3-CTL-FE-HRIS-API-TRANSITION,hris.api.sor.pay,EXACTLY_ONE_LEGACY_OR_CANONICAL,LEGACY_PHASE1,RETIRE_AGGREGATOR_COMPOSE_CANONICAL,NO,CANONICAL_COMPOSITION_CONTRACT_AND_ALL_TARGET_SLICES_VERIFIED,NO,NO,NO,NO,CONTRACT_DEFINED_G3_BLOCKED_NOT_CUT_OVER,Legacy pay workspace moves to Payroll summary and statement projections
API-SOR-READ-009,libs/shared-utils/src/api/hr-api.ts#getHrTalent|apps/dwp/src/features/hris/performance/performance-talent-api.ts#getScopedPerformanceTalent,ALL,GET,/api/people/v1/hr/talent,CUTOVER_PER,HRIS-PER,PEP-PER-001,BASE:my-goals-performance,/hr/talent,BASE-TFR-PER-007,G3-CTL-FE-HRIS-API-TRANSITION,hris.api.sor.per,EXACTLY_ONE_LEGACY_OR_CANONICAL,LEGACY_PHASE1,RETIRE_AGGREGATOR_COMPOSE_CANONICAL,NO,CANONICAL_COMPOSITION_CONTRACT_AND_ALL_TARGET_SLICES_VERIFIED,NO,NO,NO,NO,CONTRACT_DEFINED_G3_BLOCKED_NOT_CUT_OVER,Legacy talent aggregate moves to the People-owned Performance bounded context
API-SOR-READ-010,libs/shared-utils/src/api/hr-api.ts#getHrDomainOperations:TIME,TIME,GET,/api/people/v1/hr/operations/TIME,CUTOVER_TIM,HRIS-TIM,PEP-TIM-001|PEP-TIM-011,BASE:time-command-center,/hr/operations/time/command-center,BASE-TFR-TIM-017|BASE-TFR-TIM-018,G3-CTL-FE-HRIS-API-TRANSITION,hris.api.sor.tim.operations,EXACTLY_ONE_LEGACY_OR_CANONICAL,LEGACY_PHASE1,RETIRE_AGGREGATOR_COMPOSE_CANONICAL,NO,CANONICAL_COMPOSITION_CONTRACT_AND_ALL_TARGET_SLICES_VERIFIED,NO,NO,NO,NO,CONTRACT_DEFINED_G3_BLOCKED_NOT_CUT_OVER,Dynamic People operations TIME view is retired into the Time command center
API-SOR-READ-011,libs/shared-utils/src/api/hr-api.ts#getHrDomainOperations:ABSENCE,ABSENCE,GET,/api/people/v1/hr/operations/ABSENCE,CUTOVER_TIM,HRIS-TIM,PEP-TIM-018,BASE:time-leave-operations,/hr/operations/time/leave-operations,BASE-TFR-TIM-012,G3-CTL-FE-HRIS-API-TRANSITION,hris.api.sor.tim.leave-operations,EXACTLY_ONE_LEGACY_OR_CANONICAL,LEGACY_PHASE1,RETIRE_AGGREGATOR_COMPOSE_CANONICAL,NO,CANONICAL_COMPOSITION_CONTRACT_AND_ALL_TARGET_SLICES_VERIFIED,NO,NO,NO,NO,CONTRACT_DEFINED_G3_BLOCKED_NOT_CUT_OVER,Dynamic People operations ABSENCE view is retired into Time leave operations
API-SOR-READ-012,libs/shared-utils/src/api/hr-api.ts#getHrDomainOperations:BENEFITS,BENEFITS,GET,/api/people/v1/hr/operations/BENEFITS,RETAIN_HRM_BENEFITS_SEPARATE_BENSK,HRIS-HRM,modern.benefits.self.plans.query,MODERN:hcm.operations.benefits,/hr/operations/employee-services/benefits,MOD-HRM-BENEFITS,G3-CTL-FE-HRIS-API-TRANSITION,hris.api.sor.hrm.benefits-operations,EXACTLY_ONE_LEGACY_OR_CANONICAL,LEGACY_PHASE1,REBUILD_CANONICAL_COMPOSITION,NO,HRM_BENEFITS_SLICE_AND_BENSK_SEPARATION_VERIFIED,NO,NO,NO,NO,CONTRACT_DEFINED_G3_BLOCKED_NOT_CUT_OVER,Generic benefits operations remains HRM while retained BENSK routes and state stay isolated
API-SOR-READ-013,libs/shared-utils/src/api/hr-api.ts#getHrDomainOperations:PAY,PAY,GET,/api/people/v1/hr/operations/PAY,CUTOVER_PAY,HRIS-PAY,PEP-PAY-001|PEP-PAY-013|PEP-PAY-014,BASE:pay-command-center,/hr/operations/payroll/command-center,BASE-TFR-PAY-011|BASE-TFR-PAY-012|BASE-TFR-PAY-015,G3-CTL-FE-HRIS-API-TRANSITION,hris.api.sor.pay.operations,EXACTLY_ONE_LEGACY_OR_CANONICAL,LEGACY_PHASE1,RETIRE_AGGREGATOR_COMPOSE_CANONICAL,NO,CANONICAL_COMPOSITION_CONTRACT_AND_ALL_TARGET_SLICES_VERIFIED,NO,NO,NO,NO,CONTRACT_DEFINED_G3_BLOCKED_NOT_CUT_OVER,Dynamic People operations PAY view is retired into the Payroll command center
API-SOR-READ-014,libs/shared-utils/src/api/hr-api.ts#getHrDomainOperations:TALENT,TALENT,GET,/api/people/v1/hr/operations/TALENT,CUTOVER_PER,HRIS-PER,PEP-PER-001|PEP-PER-021,BASE:performance-command-center,/hr/operations/performance/command-center,BASE-TFR-PER-007|BASE-TFR-PER-011,G3-CTL-FE-HRIS-API-TRANSITION,hris.api.sor.per.operations,EXACTLY_ONE_LEGACY_OR_CANONICAL,LEGACY_PHASE1,RETIRE_AGGREGATOR_COMPOSE_CANONICAL,NO,CANONICAL_COMPOSITION_CONTRACT_AND_ALL_TARGET_SLICES_VERIFIED,NO,NO,NO,NO,CONTRACT_DEFINED_G3_BLOCKED_NOT_CUT_OVER,Dynamic People operations TALENT view is retired into the Performance command center
API-SOR-MUT-001,libs/shared-utils/src/api/hr-api.ts#saveHrTimeEntry,ALL,PUT,/api/people/v1/hr/time/{cardId}/entries/{workDate},CUTOVER_TIM,HRIS-TIM,PEP-TIM-012,BASE:my-time,/hr/time,BASE-TFR-TIM-017,G3-CTL-FE-HRIS-API-TRANSITION,hris.api.sor.tim.time,EXACTLY_ONE_LEGACY_OR_CANONICAL,LEGACY_PHASE1,REBUILD_CANONICAL_COMMAND,NO,CANONICAL_COMMAND_ADAPTER_AND_TARGET_SLICE_VERIFIED,NO,NO,NO,NO,CONTRACT_DEFINED_G3_BLOCKED_NOT_CUT_OVER,Mutable day-entry PUT is rebuilt as an append-only versioned correction command
API-SOR-MUT-002,libs/shared-utils/src/api/hr-api.ts#submitHrTimeCard,ALL,POST,/api/people/v1/hr/time/{cardId}/submit,CUTOVER_TIM,HRIS-TIM,PEP-TIM-013,BASE:my-time,/hr/time,BASE-TFR-TIM-017,G3-CTL-FE-HRIS-API-TRANSITION,hris.api.sor.tim.time,EXACTLY_ONE_LEGACY_OR_CANONICAL,LEGACY_PHASE1,REBUILD_CANONICAL_COMMAND,NO,CANONICAL_COMMAND_ADAPTER_AND_TARGET_SLICE_VERIFIED,NO,NO,NO,NO,CONTRACT_DEFINED_G3_BLOCKED_NOT_CUT_OVER,Submission changes to the canonical Time command with no dual write
API-SOR-MUT-003,libs/shared-utils/src/api/hr-api.ts#createHrLeaveRequest,ALL,POST,/api/people/v1/hr/absence/requests,CUTOVER_TIM,HRIS-TIM,PEP-TIM-019,BASE:my-leave,/hr/me/leave,BASE-TFR-TIM-014,G3-CTL-FE-HRIS-API-TRANSITION,hris.api.sor.tim.leave,EXACTLY_ONE_LEGACY_OR_CANONICAL,LEGACY_PHASE1,REBUILD_CANONICAL_COMMAND,NO,CANONICAL_COMMAND_ADAPTER_AND_TARGET_SLICE_VERIFIED,NO,NO,NO,NO,CONTRACT_DEFINED_G3_BLOCKED_NOT_CUT_OVER,Leave creation moves to the Time leave request command
API-SOR-MUT-004,libs/shared-utils/src/api/hr-api.ts#withdrawHrLeaveRequest,ALL,POST,/api/people/v1/hr/absence/requests/{requestId}/withdraw,CUTOVER_TIM,HRIS-TIM,PEP-TIM-021,BASE:my-leave,/hr/me/leave,BASE-TFR-TIM-014,G3-CTL-FE-HRIS-API-TRANSITION,hris.api.sor.tim.leave,EXACTLY_ONE_LEGACY_OR_CANONICAL,LEGACY_PHASE1,REBUILD_CANONICAL_COMMAND,NO,CANONICAL_COMMAND_ADAPTER_AND_TARGET_SLICE_VERIFIED,NO,NO,NO,NO,CONTRACT_DEFINED_G3_BLOCKED_NOT_CUT_OVER,Legacy withdraw is rebuilt as a canonical cancellation command
API-SOR-MUT-005,libs/shared-utils/src/api/hr-api.ts#decideHrRequest:time,TIME,POST,/api/people/v1/hr/time/{cardId}/decision,CUTOVER_TIM,HRIS-TIM,PEP-TIM-014,BASE:time-command-center,/hr/operations/time/command-center,BASE-TFR-TIM-017,G3-CTL-FE-HRIS-API-TRANSITION,hris.api.sor.tim.operations,EXACTLY_ONE_LEGACY_OR_CANONICAL,LEGACY_PHASE1,REBUILD_CANONICAL_COMMAND,NO,CANONICAL_COMMAND_ADAPTER_AND_TARGET_SLICE_VERIFIED,NO,NO,NO,NO,CONTRACT_DEFINED_G3_BLOCKED_NOT_CUT_OVER,Employee operations time decision moves to the Time decision command
API-SOR-MUT-006,libs/shared-utils/src/api/hr-api.ts#decideHrRequest:absence,ABSENCE,POST,/api/people/v1/hr/absence/requests/{requestId}/decision,CUTOVER_TIM,HRIS-TIM,PEP-TIM-020,BASE:time-leave-operations,/hr/operations/time/leave-operations,BASE-TFR-TIM-014,G3-CTL-FE-HRIS-API-TRANSITION,hris.api.sor.tim.leave-operations,EXACTLY_ONE_LEGACY_OR_CANONICAL,LEGACY_PHASE1,REBUILD_CANONICAL_COMMAND,NO,CANONICAL_COMMAND_ADAPTER_AND_TARGET_SLICE_VERIFIED,NO,NO,NO,NO,CONTRACT_DEFINED_G3_BLOCKED_NOT_CUT_OVER,Employee operations absence decision moves to the Time leave decision command
API-SOR-MUT-007,libs/shared-utils/src/api/hr-api.ts#decideHrTeamRequest:time,TIME,POST,/api/people/v1/hr/team/time/{cardId}/decision,CUTOVER_TIM,HRIS-TIM,PEP-TIM-014,BASE:team-time,/hr/team/time,BASE-TFR-TIM-017,G3-CTL-FE-HRIS-API-TRANSITION,hris.api.sor.tim.team-time,EXACTLY_ONE_LEGACY_OR_CANONICAL,LEGACY_PHASE1,REBUILD_CANONICAL_COMMAND,NO,CANONICAL_COMMAND_ADAPTER_AND_TARGET_SLICE_VERIFIED,NO,NO,NO,NO,CONTRACT_DEFINED_G3_BLOCKED_NOT_CUT_OVER,Manager team time decision uses the same canonical Time decision contract
API-SOR-MUT-008,libs/shared-utils/src/api/hr-api.ts#decideHrTeamRequest:absence,ABSENCE,POST,/api/people/v1/hr/team/absence/{requestId}/decision,CUTOVER_TIM,HRIS-TIM,PEP-TIM-020,BASE:team-leave,/hr/team/leave,BASE-TFR-TIM-014,G3-CTL-FE-HRIS-API-TRANSITION,hris.api.sor.tim.team-leave,EXACTLY_ONE_LEGACY_OR_CANONICAL,LEGACY_PHASE1,REBUILD_CANONICAL_COMMAND,NO,CANONICAL_COMMAND_ADAPTER_AND_TARGET_SLICE_VERIFIED,NO,NO,NO,NO,CONTRACT_DEFINED_G3_BLOCKED_NOT_CUT_OVER,Manager team leave decision moves to the Time leave decision contract
API-SOR-MUT-009,libs/shared-utils/src/api/hr-api.ts#updateHrGoal,ALL,PUT,/api/people/v1/hr/talent/goals/{goalId},CUTOVER_PER,HRIS-PER,PEP-PER-010,BASE:my-goals-performance,/hr/talent,BASE-TFR-PER-009,G3-CTL-FE-HRIS-API-TRANSITION,hris.api.sor.per,EXACTLY_ONE_LEGACY_OR_CANONICAL,LEGACY_PHASE1,REBUILD_CANONICAL_COMMAND,NO,CANONICAL_COMMAND_ADAPTER_AND_TARGET_SLICE_VERIFIED,NO,NO,NO,NO,CONTRACT_DEFINED_G3_BLOCKED_NOT_CUT_OVER,Mutable goal update is rebuilt as a versioned canonical goal command
