sidebar_entry_id,entry_kind,display_order,label_ko,entry_route,member_inventory_groups,member_navigation_surfaces,default_ia_node_id,default_route,owner_session,runtime_owner,required_entitlement,visibility_capability_mode,landing_policy,content_contract,field_policy,implementation_state,production_state
HRIS-NAV-HOME,FIXED_HOME,0,HRIS 홈,/hr/home,MY_HR,HOME,BASE:my-hr-home,/hr/home,HRIS-SYS,dwp-platform-server,APP.HCM,AUTHORIZED_WIDGET_PROJECTION,EXACT_DEFAULT,WIDGET_ONLY_NO_MENU_CATALOG,SERVER_REAUTHORIZE_VIEW_MASK_OMIT,PILOT_CURRENT_RUNTIME_LIMITED_SCOPE,NOT_AUTHORIZED_G6
HRIS-WB-MY-HR,WORKBENCH,1,내 HR,/hr/me,MY_HR,MY_HR,BASE:my-hr-profile,/hr/me/profile,HRIS-SYS,dwp-platform-server,APP.HCM,ANY_AUTHORIZED_DESCENDANT,DEFAULT_IF_AUTHORIZED_ELSE_FIRST_AUTHORIZED_DESCENDANT,TASK_NAVIGATION_NO_GLOBAL_TREE,SERVER_REAUTHORIZE_VIEW_MASK_OMIT,NOT_STARTED_G3,NOT_AUTHORIZED_G6
HRIS-WB-TEAM,WORKBENCH,2,팀,/hr/team,TEAM,TEAM,BASE:team-home,/hr/team/home,HRIS-SYS,dwp-platform-server,APP.HCM,ANY_AUTHORIZED_DESCENDANT,DEFAULT_IF_AUTHORIZED_ELSE_FIRST_AUTHORIZED_DESCENDANT,TASK_NAVIGATION_NO_GLOBAL_TREE,SERVER_REAUTHORIZE_VIEW_MASK_OMIT,NOT_STARTED_G3,NOT_AUTHORIZED_G6
HRIS-WB-HR-OPERATIONS,WORKBENCH,3,인사 운영,/hr/operations,HR_OPERATIONS,OPERATIONS,BASE:hr-operations-home,/hr/operations/home,HRIS-SYS,dwp-platform-server,APP.HCM,ANY_AUTHORIZED_DESCENDANT,DEFAULT_IF_AUTHORIZED_ELSE_FIRST_AUTHORIZED_DESCENDANT,TASK_NAVIGATION_NO_GLOBAL_TREE,SERVER_REAUTHORIZE_VIEW_MASK_OMIT,NOT_STARTED_G3,NOT_AUTHORIZED_G6
HRIS-WB-TIME,WORKBENCH,4,근태,/hr/operations/time,TIME,OPERATIONS,BASE:time-command-center,/hr/operations/time/command-center,HRIS-SYS,dwp-platform-server,APP.HCM,ANY_AUTHORIZED_DESCENDANT,DEFAULT_IF_AUTHORIZED_ELSE_FIRST_AUTHORIZED_DESCENDANT,TASK_NAVIGATION_NO_GLOBAL_TREE,SERVER_REAUTHORIZE_VIEW_MASK_OMIT,NOT_STARTED_G3,NOT_AUTHORIZED_G6
HRIS-WB-PAYROLL,WORKBENCH,5,급여,/hr/operations/payroll,PAYROLL,OPERATIONS,BASE:pay-command-center,/hr/operations/payroll/command-center,HRIS-SYS,dwp-platform-server,APP.HCM,ANY_AUTHORIZED_DESCENDANT,DEFAULT_IF_AUTHORIZED_ELSE_FIRST_AUTHORIZED_DESCENDANT,TASK_NAVIGATION_NO_GLOBAL_TREE,SERVER_REAUTHORIZE_VIEW_MASK_OMIT,NOT_STARTED_G3,NOT_AUTHORIZED_G6
HRIS-WB-PERFORMANCE,WORKBENCH,6,성과,/hr/operations/performance,PERFORMANCE,OPERATIONS,BASE:performance-command-center,/hr/operations/performance/command-center,HRIS-SYS,dwp-platform-server,APP.HCM,ANY_AUTHORIZED_DESCENDANT,DEFAULT_IF_AUTHORIZED_ELSE_FIRST_AUTHORIZED_DESCENDANT,TASK_NAVIGATION_NO_GLOBAL_TREE,SERVER_REAUTHORIZE_VIEW_MASK_OMIT,NOT_STARTED_G3,NOT_AUTHORIZED_G6
HRIS-WB-SETTINGS,WORKBENCH,7,설정,/hr/settings,SETTINGS|DWP_CONTROL,SETTINGS,BASE:settings-enterprise,/hr/settings/enterprise,HRIS-SYS,dwp-platform-server,APP.HCM,ANY_AUTHORIZED_DESCENDANT,DEFAULT_IF_AUTHORIZED_ELSE_FIRST_AUTHORIZED_DESCENDANT,TASK_NAVIGATION_NO_GLOBAL_TREE,SERVER_REAUTHORIZE_VIEW_MASK_OMIT,NOT_STARTED_G3,NOT_AUTHORIZED_G6
HRIS-NAV-EXPLORE,UTILITY_NOT_SIDEBAR,8,업무 탐색,/hr/explore,NONE,NONE,NONE,/hr/explore,HRIS-SYS,dwp-platform-server,APP.HCM,ANY_AUTHORIZED_DESCENDANT,EXACT_ROUTE,SEARCH_FAVORITES_RECENT_98_AUTHORIZED_NODES,SERVER_REAUTHORIZE_VIEW_MASK_OMIT,NOT_STARTED_G3,NOT_AUTHORIZED_G6
