task_group_id,workbench_entry_id,display_order,label_ko,default_ia_node_id,member_ia_node_ids,authorization_source,visibility_rule,landing_policy,navigation_mode,implementation_state,production_state
MY-01,HRIS-WB-MY-HR,0,내 정보,BASE:my-hr-profile,BASE:my-hr-profile,MEMBER_IA_AUTHORIZATION_REFS,ANY_AUTHORIZED_MEMBER,DEFAULT_IF_AUTHORIZED_ELSE_FIRST_AUTHORIZED_MEMBER,TASK_ORIENTED_PROGRESSIVE_DISCLOSURE,NOT_STARTED_G3,NOT_AUTHORIZED_G6
MY-02,HRIS-WB-MY-HR,1,고용·문서,BASE:my-employment-documents,BASE:my-employment-documents,MEMBER_IA_AUTHORIZATION_REFS,ANY_AUTHORIZED_MEMBER,DEFAULT_IF_AUTHORIZED_ELSE_FIRST_AUTHORIZED_MEMBER,TASK_ORIENTED_PROGRESSIVE_DISCLOSURE,NOT_STARTED_G3,NOT_AUTHORIZED_G6
MY-03,HRIS-WB-MY-HR,2,근태·휴가,BASE:my-time,BASE:my-time|BASE:my-leave,MEMBER_IA_AUTHORIZATION_REFS,ANY_AUTHORIZED_MEMBER,DEFAULT_IF_AUTHORIZED_ELSE_FIRST_AUTHORIZED_MEMBER,TASK_ORIENTED_PROGRESSIVE_DISCLOSURE,NOT_STARTED_G3,NOT_AUTHORIZED_G6
MY-04,HRIS-WB-MY-HR,3,급여·복리후생,BASE:my-pay-tax,BASE:my-pay-tax|MODERN:hcm.personal.benefits,MEMBER_IA_AUTHORIZATION_REFS,ANY_AUTHORIZED_MEMBER,DEFAULT_IF_AUTHORIZED_ELSE_FIRST_AUTHORIZED_MEMBER,TASK_ORIENTED_PROGRESSIVE_DISCLOSURE,NOT_STARTED_G3,NOT_AUTHORIZED_G6
MY-05,HRIS-WB-MY-HR,4,목표·성장·커리어,BASE:my-goals-performance,BASE:my-goals-performance|MODERN:hcm.personal.growth|MODERN:hcm.personal.learning|MODERN:hcm.personal.opportunities,MEMBER_IA_AUTHORIZATION_REFS,ANY_AUTHORIZED_MEMBER,DEFAULT_IF_AUTHORIZED_ELSE_FIRST_AUTHORIZED_MEMBER,TASK_ORIENTED_PROGRESSIVE_DISCLOSURE,NOT_STARTED_G3,NOT_AUTHORIZED_G6
MY-06,HRIS-WB-MY-HR,5,신청·서비스·도움,BASE:my-hr-requests,BASE:my-hr-requests|MODERN:hcm.personal.services|MODERN:hcm.personal.listening|MODERN:hcm.personal.assistant,MEMBER_IA_AUTHORIZATION_REFS,ANY_AUTHORIZED_MEMBER,DEFAULT_IF_AUTHORIZED_ELSE_FIRST_AUTHORIZED_MEMBER,TASK_ORIENTED_PROGRESSIVE_DISCLOSURE,NOT_STARTED_G3,NOT_AUTHORIZED_G6
TEAM-01,HRIS-WB-TEAM,0,팀 현황,BASE:team-home,BASE:team-home|BASE:team-members,MEMBER_IA_AUTHORIZATION_REFS,ANY_AUTHORIZED_MEMBER,DEFAULT_IF_AUTHORIZED_ELSE_FIRST_AUTHORIZED_MEMBER,TASK_ORIENTED_PROGRESSIVE_DISCLOSURE,NOT_STARTED_G3,NOT_AUTHORIZED_G6
TEAM-02,HRIS-WB-TEAM,1,팀 근태·휴가,BASE:team-time,BASE:team-time|BASE:team-leave,MEMBER_IA_AUTHORIZATION_REFS,ANY_AUTHORIZED_MEMBER,DEFAULT_IF_AUTHORIZED_ELSE_FIRST_AUTHORIZED_MEMBER,TASK_ORIENTED_PROGRESSIVE_DISCLOSURE,NOT_STARTED_G3,NOT_AUTHORIZED_G6
TEAM-03,HRIS-WB-TEAM,2,인사 변경,BASE:team-people-changes,BASE:team-people-changes,MEMBER_IA_AUTHORIZATION_REFS,ANY_AUTHORIZED_MEMBER,DEFAULT_IF_AUTHORIZED_ELSE_FIRST_AUTHORIZED_MEMBER,TASK_ORIENTED_PROGRESSIVE_DISCLOSURE,NOT_STARTED_G3,NOT_AUTHORIZED_G6
TEAM-04,HRIS-WB-TEAM,3,목표·평가,BASE:team-performance,BASE:team-performance,MEMBER_IA_AUTHORIZATION_REFS,ANY_AUTHORIZED_MEMBER,DEFAULT_IF_AUTHORIZED_ELSE_FIRST_AUTHORIZED_MEMBER,TASK_ORIENTED_PROGRESSIVE_DISCLOSURE,NOT_STARTED_G3,NOT_AUTHORIZED_G6
TEAM-05,HRIS-WB-TEAM,4,권한 위임,BASE:team-delegation,BASE:team-delegation,MEMBER_IA_AUTHORIZATION_REFS,ANY_AUTHORIZED_MEMBER,DEFAULT_IF_AUTHORIZED_ELSE_FIRST_AUTHORIZED_MEMBER,TASK_ORIENTED_PROGRESSIVE_DISCLOSURE,NOT_STARTED_G3,NOT_AUTHORIZED_G6
HROPS-01,HRIS-WB-HR-OPERATIONS,0,운영 현황·구성원,BASE:hr-operations-home,BASE:hr-operations-home|BASE:hr-people,MEMBER_IA_AUTHORIZATION_REFS,ANY_AUTHORIZED_MEMBER,DEFAULT_IF_AUTHORIZED_ELSE_FIRST_AUTHORIZED_MEMBER,TASK_ORIENTED_PROGRESSIVE_DISCLOSURE,NOT_STARTED_G3,NOT_AUTHORIZED_G6
HROPS-02,HRIS-WB-HR-OPERATIONS,1,고용·발령·계약,BASE:hr-employment-assignments,BASE:hr-employment-assignments|BASE:hr-appointments|BASE:hr-contracts-compensation-basis,MEMBER_IA_AUTHORIZATION_REFS,ANY_AUTHORIZED_MEMBER,DEFAULT_IF_AUTHORIZED_ELSE_FIRST_AUTHORIZED_MEMBER,TASK_ORIENTED_PROGRESSIVE_DISCLOSURE,NOT_STARTED_G3,NOT_AUTHORIZED_G6
HROPS-03,HRIS-WB-HR-OPERATIONS,2,조직·인력 계획,BASE:hr-organization-positions,BASE:hr-organization-positions|MODERN:hcm.operations.workforce-planning,MEMBER_IA_AUTHORIZATION_REFS,ANY_AUTHORIZED_MEMBER,DEFAULT_IF_AUTHORIZED_ELSE_FIRST_AUTHORIZED_MEMBER,TASK_ORIENTED_PROGRESSIVE_DISCLOSURE,NOT_STARTED_G3,NOT_AUTHORIZED_G6
HROPS-04,HRIS-WB-HR-OPERATIONS,3,직원 서비스·문서,BASE:hr-employee-change-requests,BASE:hr-employee-change-requests|BASE:hr-certificates-documents|MODERN:hcm.operations.hr-services|MODERN:hcm.operations.benefits,MEMBER_IA_AUTHORIZATION_REFS,ANY_AUTHORIZED_MEMBER,DEFAULT_IF_AUTHORIZED_ELSE_FIRST_AUTHORIZED_MEMBER,TASK_ORIENTED_PROGRESSIVE_DISCLOSURE,NOT_STARTED_G3,NOT_AUTHORIZED_G6
HROPS-05,HRIS-WB-HR-OPERATIONS,4,입사·이동·퇴직,BASE:hr-exit-return,BASE:hr-exit-return|MODERN:hcm.operations.onboarding,MEMBER_IA_AUTHORIZATION_REFS,ANY_AUTHORIZED_MEMBER,DEFAULT_IF_AUTHORIZED_ELSE_FIRST_AUTHORIZED_MEMBER,TASK_ORIENTED_PROGRESSIVE_DISCLOSURE,NOT_STARTED_G3,NOT_AUTHORIZED_G6
HROPS-06,HRIS-WB-HR-OPERATIONS,5,채용·외부인력,MODERN:hcm.operations.recruiting,MODERN:hcm.operations.recruiting|MODERN:hcm.operations.contingent-workforce,MEMBER_IA_AUTHORIZATION_REFS,ANY_AUTHORIZED_MEMBER,DEFAULT_IF_AUTHORIZED_ELSE_FIRST_AUTHORIZED_MEMBER,TASK_ORIENTED_PROGRESSIVE_DISCLOSURE,NOT_STARTED_G3,NOT_AUTHORIZED_G6
HROPS-07,HRIS-WB-HR-OPERATIONS,6,데이터 품질·분석,BASE:hr-data-quality,BASE:hr-data-quality|MODERN:hcm.operations.people-analytics,MEMBER_IA_AUTHORIZATION_REFS,ANY_AUTHORIZED_MEMBER,DEFAULT_IF_AUTHORIZED_ELSE_FIRST_AUTHORIZED_MEMBER,TASK_ORIENTED_PROGRESSIVE_DISCLOSURE,NOT_STARTED_G3,NOT_AUTHORIZED_G6
TIME-01,HRIS-WB-TIME,0,근태 운영 현황,BASE:time-command-center,BASE:time-command-center,MEMBER_IA_AUTHORIZATION_REFS,ANY_AUTHORIZED_MEMBER,DEFAULT_IF_AUTHORIZED_ELSE_FIRST_AUTHORIZED_MEMBER,TASK_ORIENTED_PROGRESSIVE_DISCLOSURE,NOT_STARTED_G3,NOT_AUTHORIZED_G6
TIME-02,HRIS-WB-TIME,1,근무제·스케줄,BASE:time-work-plans,BASE:time-work-plans|MODERN:hcm.operations.workforce-management,MEMBER_IA_AUTHORIZATION_REFS,ANY_AUTHORIZED_MEMBER,DEFAULT_IF_AUTHORIZED_ELSE_FIRST_AUTHORIZED_MEMBER,TASK_ORIENTED_PROGRESSIVE_DISCLOSURE,NOT_STARTED_G3,NOT_AUTHORIZED_G6
TIME-03,HRIS-WB-TIME,2,타각·판정,BASE:time-clock-ingestion,BASE:time-clock-ingestion|BASE:time-interpretation,MEMBER_IA_AUTHORIZATION_REFS,ANY_AUTHORIZED_MEMBER,DEFAULT_IF_AUTHORIZED_ELSE_FIRST_AUTHORIZED_MEMBER,TASK_ORIENTED_PROGRESSIVE_DISCLOSURE,NOT_STARTED_G3,NOT_AUTHORIZED_G6
TIME-04,HRIS-WB-TIME,3,예외·보정,BASE:time-exceptions,BASE:time-exceptions,MEMBER_IA_AUTHORIZATION_REFS,ANY_AUTHORIZED_MEMBER,DEFAULT_IF_AUTHORIZED_ELSE_FIRST_AUTHORIZED_MEMBER,TASK_ORIENTED_PROGRESSIVE_DISCLOSURE,NOT_STARTED_G3,NOT_AUTHORIZED_G6
TIME-05,HRIS-WB-TIME,4,휴가·발생,BASE:time-leave-operations,BASE:time-leave-operations|BASE:time-accrual-expiration,MEMBER_IA_AUTHORIZATION_REFS,ANY_AUTHORIZED_MEMBER,DEFAULT_IF_AUTHORIZED_ELSE_FIRST_AUTHORIZED_MEMBER,TASK_ORIENTED_PROGRESSIVE_DISCLOSURE,NOT_STARTED_G3,NOT_AUTHORIZED_G6
TIME-06,HRIS-WB-TIME,5,마감·리포트,BASE:time-daily-close,BASE:time-daily-close|BASE:time-monthly-close|BASE:time-reports,MEMBER_IA_AUTHORIZATION_REFS,ANY_AUTHORIZED_MEMBER,DEFAULT_IF_AUTHORIZED_ELSE_FIRST_AUTHORIZED_MEMBER,TASK_ORIENTED_PROGRESSIVE_DISCLOSURE,NOT_STARTED_G3,NOT_AUTHORIZED_G6
PAY-01,HRIS-WB-PAYROLL,0,급여 운영 현황,BASE:pay-command-center,BASE:pay-command-center|BASE:pay-population,MEMBER_IA_AUTHORIZATION_REFS,ANY_AUTHORIZED_MEMBER,DEFAULT_IF_AUTHORIZED_ELSE_FIRST_AUTHORIZED_MEMBER,TASK_ORIENTED_PROGRESSIVE_DISCLOSURE,NOT_STARTED_G3,NOT_AUTHORIZED_G6
PAY-02,HRIS-WB-PAYROLL,1,입력·계산,BASE:pay-inputs,BASE:pay-inputs|BASE:pay-calculation,MEMBER_IA_AUTHORIZATION_REFS,ANY_AUTHORIZED_MEMBER,DEFAULT_IF_AUTHORIZED_ELSE_FIRST_AUTHORIZED_MEMBER,TASK_ORIENTED_PROGRESSIVE_DISCLOSURE,NOT_STARTED_G3,NOT_AUTHORIZED_G6
PAY-03,HRIS-WB-PAYROLL,2,검증·결과,BASE:pay-validation-reconciliation,BASE:pay-validation-reconciliation|BASE:pay-results,MEMBER_IA_AUTHORIZATION_REFS,ANY_AUTHORIZED_MEMBER,DEFAULT_IF_AUTHORIZED_ELSE_FIRST_AUTHORIZED_MEMBER,TASK_ORIENTED_PROGRESSIVE_DISCLOSURE,NOT_STARTED_G3,NOT_AUTHORIZED_G6
PAY-04,HRIS-WB-PAYROLL,3,소급·정정,BASE:pay-retro-corrections,BASE:pay-retro-corrections,MEMBER_IA_AUTHORIZATION_REFS,ANY_AUTHORIZED_MEMBER,DEFAULT_IF_AUTHORIZED_ELSE_FIRST_AUTHORIZED_MEMBER,TASK_ORIENTED_PROGRESSIVE_DISCLOSURE,NOT_STARTED_G3,NOT_AUTHORIZED_G6
PAY-05,HRIS-WB-PAYROLL,4,지급·회계,BASE:pay-payments,BASE:pay-payments|BASE:pay-accounting,MEMBER_IA_AUTHORIZATION_REFS,ANY_AUTHORIZED_MEMBER,DEFAULT_IF_AUTHORIZED_ELSE_FIRST_AUTHORIZED_MEMBER,TASK_ORIENTED_PROGRESSIVE_DISCLOSURE,NOT_STARTED_G3,NOT_AUTHORIZED_G6
PAY-06,HRIS-WB-PAYROLL,5,세금·보험·퇴직·연말정산,BASE:pay-tax-social-insurance,BASE:pay-tax-social-insurance|BASE:pay-retirement|BASE:pay-year-end-tax,MEMBER_IA_AUTHORIZATION_REFS,ANY_AUTHORIZED_MEMBER,DEFAULT_IF_AUTHORIZED_ELSE_FIRST_AUTHORIZED_MEMBER,TASK_ORIENTED_PROGRESSIVE_DISCLOSURE,NOT_STARTED_G3,NOT_AUTHORIZED_G6
PAY-07,HRIS-WB-PAYROLL,6,명세서·리포트,BASE:pay-statements,BASE:pay-statements|BASE:pay-reports,MEMBER_IA_AUTHORIZATION_REFS,ANY_AUTHORIZED_MEMBER,DEFAULT_IF_AUTHORIZED_ELSE_FIRST_AUTHORIZED_MEMBER,TASK_ORIENTED_PROGRESSIVE_DISCLOSURE,NOT_STARTED_G3,NOT_AUTHORIZED_G6
PERF-01,HRIS-WB-PERFORMANCE,0,성과 운영·주기·양식,BASE:performance-command-center,BASE:performance-command-center|BASE:performance-goal-cycles|BASE:performance-forms-scales,MEMBER_IA_AUTHORIZATION_REFS,ANY_AUTHORIZED_MEMBER,DEFAULT_IF_AUTHORIZED_ELSE_FIRST_AUTHORIZED_MEMBER,TASK_ORIENTED_PROGRESSIVE_DISCLOSURE,NOT_STARTED_G3,NOT_AUTHORIZED_G6
PERF-02,HRIS-WB-PERFORMANCE,1,평가 운영,BASE:performance-review-operations,BASE:performance-review-operations,MEMBER_IA_AUTHORIZATION_REFS,ANY_AUTHORIZED_MEMBER,DEFAULT_IF_AUTHORIZED_ELSE_FIRST_AUTHORIZED_MEMBER,TASK_ORIENTED_PROGRESSIVE_DISCLOSURE,NOT_STARTED_G3,NOT_AUTHORIZED_G6
PERF-03,HRIS-WB-PERFORMANCE,2,다면·피드백·면담,BASE:performance-multirater-surveys,BASE:performance-multirater-surveys|BASE:performance-conversations-feedback,MEMBER_IA_AUTHORIZATION_REFS,ANY_AUTHORIZED_MEMBER,DEFAULT_IF_AUTHORIZED_ELSE_FIRST_AUTHORIZED_MEMBER,TASK_ORIENTED_PROGRESSIVE_DISCLOSURE,NOT_STARTED_G3,NOT_AUTHORIZED_G6
PERF-04,HRIS-WB-PERFORMANCE,3,캘리브레이션·결과,BASE:performance-calibration,BASE:performance-calibration|BASE:performance-results,MEMBER_IA_AUTHORIZATION_REFS,ANY_AUTHORIZED_MEMBER,DEFAULT_IF_AUTHORIZED_ELSE_FIRST_AUTHORIZED_MEMBER,TASK_ORIENTED_PROGRESSIVE_DISCLOSURE,NOT_STARTED_G3,NOT_AUTHORIZED_G6
PERF-05,HRIS-WB-PERFORMANCE,4,학습 운영,MODERN:hcm.operations.learning,MODERN:hcm.operations.learning,MEMBER_IA_AUTHORIZATION_REFS,ANY_AUTHORIZED_MEMBER,DEFAULT_IF_AUTHORIZED_ELSE_FIRST_AUTHORIZED_MEMBER,TASK_ORIENTED_PROGRESSIVE_DISCLOSURE,NOT_STARTED_G3,NOT_AUTHORIZED_G6
PERF-06,HRIS-WB-PERFORMANCE,5,기회·승계,MODERN:hcm.operations.opportunities,MODERN:hcm.operations.opportunities|MODERN:hcm.operations.succession,MEMBER_IA_AUTHORIZATION_REFS,ANY_AUTHORIZED_MEMBER,DEFAULT_IF_AUTHORIZED_ELSE_FIRST_AUTHORIZED_MEMBER,TASK_ORIENTED_PROGRESSIVE_DISCLOSURE,NOT_STARTED_G3,NOT_AUTHORIZED_G6
PERF-07,HRIS-WB-PERFORMANCE,6,보상 계획,MODERN:hcm.operations.compensation-planning,MODERN:hcm.operations.compensation-planning,MEMBER_IA_AUTHORIZATION_REFS,ANY_AUTHORIZED_MEMBER,DEFAULT_IF_AUTHORIZED_ELSE_FIRST_AUTHORIZED_MEMBER,TASK_ORIENTED_PROGRESSIVE_DISCLOSURE,NOT_STARTED_G3,NOT_AUTHORIZED_G6
SET-01,HRIS-WB-SETTINGS,0,기업·기준·인사,BASE:settings-enterprise,BASE:settings-enterprise|BASE:settings-reference|BASE:settings-people-employment,MEMBER_IA_AUTHORIZATION_REFS,ANY_AUTHORIZED_MEMBER,DEFAULT_IF_AUTHORIZED_ELSE_FIRST_AUTHORIZED_MEMBER,TASK_ORIENTED_PROGRESSIVE_DISCLOSURE,NOT_STARTED_G3,NOT_AUTHORIZED_G6
SET-02,HRIS-WB-SETTINGS,1,근태·휴가 정책,BASE:settings-time,BASE:settings-time|BASE:settings-leave,MEMBER_IA_AUTHORIZATION_REFS,ANY_AUTHORIZED_MEMBER,DEFAULT_IF_AUTHORIZED_ELSE_FIRST_AUTHORIZED_MEMBER,TASK_ORIENTED_PROGRESSIVE_DISCLOSURE,NOT_STARTED_G3,NOT_AUTHORIZED_G6
SET-03,HRIS-WB-SETTINGS,2,급여·법정 정책,BASE:settings-payroll,BASE:settings-payroll|BASE:settings-statutory,MEMBER_IA_AUTHORIZATION_REFS,ANY_AUTHORIZED_MEMBER,DEFAULT_IF_AUTHORIZED_ELSE_FIRST_AUTHORIZED_MEMBER,TASK_ORIENTED_PROGRESSIVE_DISCLOSURE,NOT_STARTED_G3,NOT_AUTHORIZED_G6
SET-04,HRIS-WB-SETTINGS,3,성과·스킬·리스닝,BASE:settings-performance,BASE:settings-performance|MODERN:hcm.settings.skills|MODERN:hcm.settings.listening,MEMBER_IA_AUTHORIZATION_REFS,ANY_AUTHORIZED_MEMBER,DEFAULT_IF_AUTHORIZED_ELSE_FIRST_AUTHORIZED_MEMBER,TASK_ORIENTED_PROGRESSIVE_DISCLOSURE,NOT_STARTED_G3,NOT_AUTHORIZED_G6
SET-05,HRIS-WB-SETTINGS,4,워크플로·문서,BASE:settings-workflow,BASE:settings-workflow|BASE:settings-documents-communications,MEMBER_IA_AUTHORIZATION_REFS,ANY_AUTHORIZED_MEMBER,DEFAULT_IF_AUTHORIZED_ELSE_FIRST_AUTHORIZED_MEMBER,TASK_ORIENTED_PROGRESSIVE_DISCLOSURE,NOT_STARTED_G3,NOT_AUTHORIZED_G6
SET-06,HRIS-WB-SETTINGS,5,연계·커넥터,BASE:settings-integrations,BASE:settings-integrations|BASE:dwp-integrations,MEMBER_IA_AUTHORIZATION_REFS,ANY_AUTHORIZED_MEMBER,DEFAULT_IF_AUTHORIZED_ELSE_FIRST_AUTHORIZED_MEMBER,TASK_ORIENTED_PROGRESSIVE_DISCLOSURE,NOT_STARTED_G3,NOT_AUTHORIZED_G6
SET-07,HRIS-WB-SETTINGS,6,확장·AI 거버넌스,BASE:settings-extensions,BASE:settings-extensions|MODERN:hcm.settings.ai-governance|BASE:dwp-extensibility,MEMBER_IA_AUTHORIZATION_REFS,ANY_AUTHORIZED_MEMBER,DEFAULT_IF_AUTHORIZED_ELSE_FIRST_AUTHORIZED_MEMBER,TASK_ORIENTED_PROGRESSIVE_DISCLOSURE,NOT_STARTED_G3,NOT_AUTHORIZED_G6
SET-08,HRIS-WB-SETTINGS,7,DWP 플랫폼 통제,BASE:settings-operations,BASE:settings-operations|BASE:dwp-experience|BASE:dwp-identity|BASE:dwp-platform|BASE:dwp-governance,MEMBER_IA_AUTHORIZATION_REFS,ANY_AUTHORIZED_MEMBER,DEFAULT_IF_AUTHORIZED_ELSE_FIRST_AUTHORIZED_MEMBER,TASK_ORIENTED_PROGRESSIVE_DISCLOSURE,NOT_STARTED_G3,NOT_AUTHORIZED_G6
