query_id,projection_family,variant_key,ia_node_id,owner_session,primary_slice_id,owner_service,method,browser_path,response_schema_ref,authorization_capability,authorization_profiles,field_scope,purpose_code,implementation_state,production_state
IAQ-001,HRM_SELF_SERVICE,SELF_PROFILE,BASE:my-hr-profile,HRIS-HRM,BASE-TFR-HRM-004,dwp-people-server,GET,/api/people/v1/hris/workbench/self-service/profile,ia-entry-query-projection-schemas.v1.json#/projections/IAQ-001,hcm.personal.profile.view,HRIS_EMPLOYEE>HRIS_DUTY_SELF_PROFILE_READER,SELF_PROFILE|EMPLOYMENT|ORGANIZATION,EMPLOYEE_SELF_SERVICE,REQUIRED_G3_ENTRY_QUERY_NOT_IMPLEMENTED,NOT_AUTHORIZED_G6
IAQ-002,HRM_SELF_SERVICE,EMPLOYMENT_DOCUMENTS,BASE:my-employment-documents,HRIS-HRM,BASE-TFR-HRM-008,dwp-people-server,GET,/api/people/v1/hris/workbench/self-service/employment-documents,ia-entry-query-projection-schemas.v1.json#/projections/IAQ-002,hcm.personal.profile.view,HRIS_EMPLOYEE>HRIS_DUTY_SELF_PROFILE_READER,EMPLOYMENT|CONTRACT_METADATA|DOCUMENT_METADATA,EMPLOYEE_SELF_SERVICE,REQUIRED_G3_ENTRY_QUERY_NOT_IMPLEMENTED,NOT_AUTHORIZED_G6
IAQ-003,HRM_SELF_SERVICE,REQUESTS,BASE:my-hr-requests,HRIS-HRM,BASE-TFR-HRM-009,dwp-people-server,GET,/api/people/v1/hris/workbench/self-service/requests,ia-entry-query-projection-schemas.v1.json#/projections/IAQ-003,hcm.personal.requests.view,HRIS_EMPLOYEE>HRIS_DUTY_SELF_REQUEST_READER,REQUEST_SUMMARY|REQUEST_STATUS|COMMAND_RECEIPT,EMPLOYEE_SELF_SERVICE,REQUIRED_G3_ENTRY_QUERY_NOT_IMPLEMENTED,NOT_AUTHORIZED_G6
IAQ-004,HRM_TEAM,MEMBERS,BASE:team-members,HRIS-HRM,BASE-TFR-HRM-004,dwp-people-server,GET,/api/people/v1/hris/workbench/team/members,ia-entry-query-projection-schemas.v1.json#/projections/IAQ-004,hcm.team.members.view,HRIS_LINE_MANAGER>HRIS_DUTY_MANAGER_TEAM_READER,DIRECT_REPORT_DIRECTORY|LIMITED_EMPLOYMENT|ORGANIZATION,TEAM_MANAGEMENT,REQUIRED_G3_ENTRY_QUERY_NOT_IMPLEMENTED,NOT_AUTHORIZED_G6
IAQ-005,HRM_TEAM,PEOPLE_CHANGES,BASE:team-people-changes,HRIS-HRM,BASE-TFR-HRM-007,dwp-people-server,GET,/api/people/v1/hris/workbench/team/people-changes,ia-entry-query-projection-schemas.v1.json#/projections/IAQ-005,hcm.team.people-change.view,HRIS_LINE_MANAGER>HRIS_DUTY_MANAGER_PEOPLE_CHANGE_READER,CHANGE_REQUEST_SUMMARY|LIMITED_EMPLOYMENT|APPROVAL_STATUS,TEAM_MANAGEMENT,REQUIRED_G3_ENTRY_QUERY_NOT_IMPLEMENTED,NOT_AUTHORIZED_G6
IAQ-006,HRM_OPERATIONS,EMPLOYMENT_ASSIGNMENTS,BASE:hr-employment-assignments,HRIS-HRM,BASE-TFR-HRM-008,dwp-people-server,GET,/api/people/v1/hris/workbench/operations/employment/assignments,ia-entry-query-projection-schemas.v1.json#/projections/IAQ-006,hcm.operations.people.view,HRIS_HR_BUSINESS_PARTNER>HRIS_DUTY_CORE_VIEWER,ASSIGNMENT|EMPLOYMENT|ORGANIZATION,HR_OPERATIONS,REQUIRED_G3_ENTRY_QUERY_NOT_IMPLEMENTED,NOT_AUTHORIZED_G6
IAQ-007,HRM_OPERATIONS,APPOINTMENTS,BASE:hr-appointments,HRIS-HRM,BASE-TFR-HRM-007,dwp-people-server,GET,/api/people/v1/hris/workbench/operations/appointments,ia-entry-query-projection-schemas.v1.json#/projections/IAQ-007,hcm.operations.people.view,HRIS_HR_BUSINESS_PARTNER>HRIS_DUTY_CORE_VIEWER,APPOINTMENT|ASSIGNMENT|EMPLOYMENT,HR_OPERATIONS,REQUIRED_G3_ENTRY_QUERY_NOT_IMPLEMENTED,NOT_AUTHORIZED_G6
IAQ-008,HRM_OPERATIONS,CONTRACTS_COMPENSATION_BASIS,BASE:hr-contracts-compensation-basis,HRIS-HRM,BASE-TFR-HRM-011,dwp-people-server,GET,/api/people/v1/hris/workbench/operations/contracts/compensation/basis,ia-entry-query-projection-schemas.v1.json#/projections/IAQ-008,hcm.operations.people.view,HRIS_HR_BUSINESS_PARTNER>HRIS_DUTY_CORE_VIEWER,CONTRACT_METADATA|COMPENSATION_BASIS,HR_OPERATIONS,REQUIRED_G3_ENTRY_QUERY_NOT_IMPLEMENTED,NOT_AUTHORIZED_G6
IAQ-009,HRM_OPERATIONS,EMPLOYEE_CHANGE_REQUESTS,BASE:hr-employee-change-requests,HRIS-HRM,BASE-TFR-HRM-010,dwp-people-server,GET,/api/people/v1/hris/workbench/operations/employee/change/requests,ia-entry-query-projection-schemas.v1.json#/projections/IAQ-009,hcm.operations.people.view,HRIS_HR_BUSINESS_PARTNER>HRIS_DUTY_CORE_VIEWER,CHANGE_REQUEST_SUMMARY|APPROVAL_STATUS|EMPLOYMENT,HR_OPERATIONS,REQUIRED_G3_ENTRY_QUERY_NOT_IMPLEMENTED,NOT_AUTHORIZED_G6
IAQ-010,HRM_OPERATIONS,CERTIFICATES_DOCUMENTS,BASE:hr-certificates-documents,HRIS-HRM,BASE-TFR-HRM-009,dwp-people-server,GET,/api/people/v1/hris/workbench/operations/certificates/documents,ia-entry-query-projection-schemas.v1.json#/projections/IAQ-010,hcm.operations.people.view,HRIS_HR_BUSINESS_PARTNER>HRIS_DUTY_CORE_VIEWER,CERTIFICATE_METADATA|DOCUMENT_METADATA,HR_OPERATIONS,REQUIRED_G3_ENTRY_QUERY_NOT_IMPLEMENTED,NOT_AUTHORIZED_G6
IAQ-011,HRM_OPERATIONS,EXIT_RETURN,BASE:hr-exit-return,HRIS-HRM,BASE-TFR-HRM-013,dwp-people-server,GET,/api/people/v1/hris/workbench/operations/exit/return,ia-entry-query-projection-schemas.v1.json#/projections/IAQ-011,hcm.operations.people.view,HRIS_HR_BUSINESS_PARTNER>HRIS_DUTY_CORE_VIEWER,SEPARATION_CASE|RETURN_ELIGIBILITY|APPROVAL_STATUS,HR_OPERATIONS,REQUIRED_G3_ENTRY_QUERY_NOT_IMPLEMENTED,NOT_AUTHORIZED_G6
IAQ-012,HRM_OPERATIONS,DATA_QUALITY,BASE:hr-data-quality,HRIS-HRM,BASE-TFR-HRM-012,dwp-people-server,GET,/api/people/v1/hris/workbench/operations/data/quality,ia-entry-query-projection-schemas.v1.json#/projections/IAQ-012,hcm.operations.people.view,HRIS_HR_BUSINESS_PARTNER>HRIS_DUTY_CORE_VIEWER,INGESTION_STATUS|QUALITY_FINDING|COMMAND_RECEIPT,HR_OPERATIONS,REQUIRED_G3_ENTRY_QUERY_NOT_IMPLEMENTED,NOT_AUTHORIZED_G6
IAQ-013,HRM_CONFIGURATION,PEOPLE_EMPLOYMENT,BASE:settings-people-employment,HRIS-HRM,BASE-TFR-HRM-007,dwp-people-server,GET,/api/people/v1/hris/workbench/configuration/people-employment,ia-entry-query-projection-schemas.v1.json#/projections/IAQ-013,hcm.configuration.workbench.view,HRIS_CONFIG_AUTHOR>HRIS_DUTY_CONFIGURATION_WORKBENCH_READER,POLICY_METADATA|EMPLOYMENT_RULE|IMPACT_SUMMARY,HRIS_CONFIGURATION,REQUIRED_G3_ENTRY_QUERY_NOT_IMPLEMENTED,NOT_AUTHORIZED_G6
IAQ-014,PAY_OPERATIONS,POPULATION,BASE:pay-population,HRIS-PAY,BASE-TFR-PAY-013,dwp-payroll-server,GET,/api/payroll/v1/workbench/population,ia-entry-query-projection-schemas.v1.json#/projections/IAQ-014,hcm.operations.payroll-support.view,HRIS_PAYROLL_SUPPORT_VIEWER>HRIS_DUTY_PAYROLL_SUPPORT_VIEWER,PAYROLL_POPULATION|PROJECTION_VERSION,PAYROLL_OPERATIONS,REQUIRED_G3_ENTRY_QUERY_NOT_IMPLEMENTED,NOT_AUTHORIZED_G6
IAQ-015,PAY_OPERATIONS,INPUTS,BASE:pay-inputs,HRIS-PAY,BASE-TFR-PAY-016,dwp-payroll-server,GET,/api/payroll/v1/workbench/inputs,ia-entry-query-projection-schemas.v1.json#/projections/IAQ-015,hcm.operations.payroll-support.view,HRIS_PAYROLL_SUPPORT_VIEWER>HRIS_DUTY_PAYROLL_SUPPORT_VIEWER,PAY_INPUT|SOURCE_PROVENANCE|VALIDATION_STATUS,PAYROLL_OPERATIONS,REQUIRED_G3_ENTRY_QUERY_NOT_IMPLEMENTED,NOT_AUTHORIZED_G6
IAQ-016,PAY_OPERATIONS,RETRO_CORRECTIONS,BASE:pay-retro-corrections,HRIS-PAY,BASE-TFR-PAY-010,dwp-payroll-server,GET,/api/payroll/v1/workbench/retro-corrections,ia-entry-query-projection-schemas.v1.json#/projections/IAQ-016,hcm.operations.payroll-support.view,HRIS_PAYROLL_SUPPORT_VIEWER>HRIS_DUTY_PAYROLL_SUPPORT_VIEWER,RETRO_EVENT|CORRECTION|IMPACT_SUMMARY,PAYROLL_OPERATIONS,REQUIRED_G3_ENTRY_QUERY_NOT_IMPLEMENTED,NOT_AUTHORIZED_G6
IAQ-017,PAY_OPERATIONS,PAYMENTS,BASE:pay-payments,HRIS-PAY,BASE-TFR-PAY-008,dwp-payroll-server,GET,/api/payroll/v1/workbench/payments,ia-entry-query-projection-schemas.v1.json#/projections/IAQ-017,hcm.operations.payroll-support.view,HRIS_PAYROLL_SUPPORT_VIEWER>HRIS_DUTY_PAYROLL_SUPPORT_VIEWER,PAYMENT_BATCH|RELEASE_STATUS|BANK_TOKEN_MASKED,PAYROLL_OPERATIONS,REQUIRED_G3_ENTRY_QUERY_NOT_IMPLEMENTED,NOT_AUTHORIZED_G6
IAQ-018,PAY_OPERATIONS,ACCOUNTING,BASE:pay-accounting,HRIS-PAY,BASE-TFR-PAY-008,dwp-payroll-server,GET,/api/payroll/v1/workbench/accounting,ia-entry-query-projection-schemas.v1.json#/projections/IAQ-018,hcm.operations.payroll-support.view,HRIS_PAYROLL_SUPPORT_VIEWER>HRIS_DUTY_PAYROLL_SUPPORT_VIEWER,GL_BATCH|ACCOUNTING_STATUS|RECONCILIATION,PAYROLL_OPERATIONS,REQUIRED_G3_ENTRY_QUERY_NOT_IMPLEMENTED,NOT_AUTHORIZED_G6
IAQ-019,PAY_OPERATIONS,YEAR_END_TAX,BASE:pay-year-end-tax,HRIS-PAY,BASE-TFR-PAY-017,dwp-payroll-server,GET,/api/payroll/v1/workbench/year-end-tax,ia-entry-query-projection-schemas.v1.json#/projections/IAQ-019,hcm.operations.payroll-support.view,HRIS_PAYROLL_SUPPORT_VIEWER>HRIS_DUTY_PAYROLL_SUPPORT_VIEWER,YEAR_END_CASE|EVIDENCE_STATUS|PROVIDER_SUBMISSION,PAYROLL_OPERATIONS,REQUIRED_G3_ENTRY_QUERY_NOT_IMPLEMENTED,NOT_AUTHORIZED_G6
IAQ-020,PER_OPERATIONS,FORMS_SCALES,BASE:performance-forms-scales,HRIS-PER,BASE-TFR-PER-004,dwp-people-server,GET,/api/people/v1/hris/performance/workbench/forms-scales,ia-entry-query-projection-schemas.v1.json#/projections/IAQ-020,hcm.operations.performance.view,HRIS_PERFORMANCE_OPERATOR>HRIS_DUTY_PERFORMANCE_OPERATIONS_READER,FORM_VERSION|RATING_SCALE|POLICY_STATUS,PERFORMANCE_OPERATIONS,REQUIRED_G3_ENTRY_QUERY_NOT_IMPLEMENTED,NOT_AUTHORIZED_G6
IAQ-021,PER_OPERATIONS,REVIEW_OPERATIONS,BASE:performance-review-operations,HRIS-PER,BASE-TFR-PER-006,dwp-people-server,GET,/api/people/v1/hris/performance/workbench/review-operations,ia-entry-query-projection-schemas.v1.json#/projections/IAQ-021,hcm.operations.performance.view,HRIS_PERFORMANCE_OPERATOR>HRIS_DUTY_PERFORMANCE_OPERATIONS_READER,REVIEW_ASSIGNMENT|WORK_QUEUE|DUE_STATUS,PERFORMANCE_OPERATIONS,REQUIRED_G3_ENTRY_QUERY_NOT_IMPLEMENTED,NOT_AUTHORIZED_G6
IAQ-022,PER_OPERATIONS,MULTIRATER_SURVEYS,BASE:performance-multirater-surveys,HRIS-PER,BASE-TFR-PER-013,dwp-people-server,GET,/api/people/v1/hris/performance/workbench/multirater-surveys,ia-entry-query-projection-schemas.v1.json#/projections/IAQ-022,hcm.operations.performance.view,HRIS_PERFORMANCE_OPERATOR>HRIS_DUTY_PERFORMANCE_OPERATIONS_READER,RATER_ASSIGNMENT|SURVEY_STATUS|CONFIDENTIALITY_MODE,PERFORMANCE_OPERATIONS,REQUIRED_G3_ENTRY_QUERY_NOT_IMPLEMENTED,NOT_AUTHORIZED_G6
IAQ-023,PER_OPERATIONS,CONVERSATIONS_FEEDBACK,BASE:performance-conversations-feedback,HRIS-PER,BASE-TFR-PER-003,dwp-people-server,GET,/api/people/v1/hris/performance/workbench/conversations-feedback,ia-entry-query-projection-schemas.v1.json#/projections/IAQ-023,hcm.operations.performance.view,HRIS_PERFORMANCE_OPERATOR>HRIS_DUTY_PERFORMANCE_OPERATIONS_READER,CHECKIN|FEEDBACK_REQUEST|VISIBILITY,PERFORMANCE_OPERATIONS,REQUIRED_G3_ENTRY_QUERY_NOT_IMPLEMENTED,NOT_AUTHORIZED_G6
IAQ-024,PER_OPERATIONS,CALIBRATION,BASE:performance-calibration,HRIS-PER,BASE-TFR-PER-002,dwp-people-server,GET,/api/people/v1/hris/performance/workbench/calibration,ia-entry-query-projection-schemas.v1.json#/projections/IAQ-024,hcm.operations.performance.view,HRIS_PERFORMANCE_OPERATOR>HRIS_DUTY_PERFORMANCE_OPERATIONS_READER,CALIBRATION_SESSION|ADJUSTMENT_SUMMARY|BEFORE_AFTER,PERFORMANCE_OPERATIONS,REQUIRED_G3_ENTRY_QUERY_NOT_IMPLEMENTED,NOT_AUTHORIZED_G6
IAQ-025,PER_OPERATIONS,RESULTS,BASE:performance-results,HRIS-PER,BASE-TFR-PER-012,dwp-people-server,GET,/api/people/v1/hris/performance/workbench/results,ia-entry-query-projection-schemas.v1.json#/projections/IAQ-025,hcm.operations.performance.view,HRIS_PERFORMANCE_OPERATOR>HRIS_DUTY_PERFORMANCE_OPERATIONS_READER,RESULT_SET|PUBLICATION_STATUS|APPEAL_STATUS,PERFORMANCE_OPERATIONS,REQUIRED_G3_ENTRY_QUERY_NOT_IMPLEMENTED,NOT_AUTHORIZED_G6
IAQ-026,PAY_CONFIGURATION,STATUTORY,BASE:settings-statutory,HRIS-PAY,BASE-TFR-PAY-003,dwp-payroll-server,GET,/api/payroll/v1/workbench/configuration/statutory,ia-entry-query-projection-schemas.v1.json#/projections/IAQ-026,hcm.configuration.workbench.view,HRIS_CONFIG_AUTHOR>HRIS_DUTY_CONFIGURATION_WORKBENCH_READER,COUNTRY_PACK_METADATA|STATUTORY_RULE|ACTIVATION_STATUS,PAYROLL_CONFIGURATION,REQUIRED_G3_ENTRY_QUERY_NOT_IMPLEMENTED,NOT_AUTHORIZED_G6
IAQ-027,PER_SKILLS_CONFIGURATION,SKILLS,MODERN:hcm.settings.skills,HRIS-PER,MOD-PER-SKILLS,dwp-people-server,GET,/api/people/v1/hris/performance/workbench/skills-configuration,ia-entry-query-projection-schemas.v1.json#/projections/IAQ-027,hcm.configuration.workbench.view,HRIS_CONFIG_AUTHOR>HRIS_DUTY_CONFIGURATION_WORKBENCH_READER,SKILL_TAXONOMY|VERSION_STATUS|VALIDATION_SUMMARY,TALENT_CONFIGURATION,REQUIRED_G3_ENTRY_QUERY_NOT_IMPLEMENTED,NOT_AUTHORIZED_G6
IAQ-028,HRM_ONBOARDING_OPERATIONS,ONBOARDING,MODERN:hcm.operations.onboarding,HRIS-HRM,MOD-HRM-ONBOARD,dwp-people-server,GET,/api/people/v1/hris/workbench/operations/onboarding,ia-entry-query-projection-schemas.v1.json#/projections/IAQ-028,hcm.onboarding.view,HRIS_HR_BUSINESS_PARTNER>HRIS_DUTY_ONBOARDING_OPERATIONS_READER,ONBOARDING_JOURNEY|TASK_STATUS|ASSIGNEE,HR_OPERATIONS,REQUIRED_G3_ENTRY_QUERY_NOT_IMPLEMENTED,NOT_AUTHORIZED_G6
IAQ-029,PER_LEARNING_OPERATIONS,LEARNING,MODERN:hcm.operations.learning,HRIS-PER,MOD-PER-LEARNING,dwp-people-server,GET,/api/people/v1/hris/performance/workbench/learning,ia-entry-query-projection-schemas.v1.json#/projections/IAQ-029,hcm.learning.view,HRIS_PERFORMANCE_OPERATOR>HRIS_DUTY_LEARNING_OPERATIONS_READER,LEARNING_OFFERING|ASSIGNMENT|COMPLETION_STATUS,TALENT_OPERATIONS,REQUIRED_G3_ENTRY_QUERY_NOT_IMPLEMENTED,NOT_AUTHORIZED_G6
IAQ-030,PER_OPPORTUNITY_OPERATIONS,OPPORTUNITIES,MODERN:hcm.operations.opportunities,HRIS-PER,MOD-PER-MARKET,dwp-people-server,GET,/api/people/v1/hris/performance/workbench/opportunities,ia-entry-query-projection-schemas.v1.json#/projections/IAQ-030,hcm.opportunity.view,HRIS_HR_BUSINESS_PARTNER>HRIS_DUTY_OPPORTUNITY_OPERATIONS_READER,OPPORTUNITY|APPLICATION_STATUS|MATCH_EXPLANATION,INTERNAL_MOBILITY,REQUIRED_G3_ENTRY_QUERY_NOT_IMPLEMENTED,NOT_AUTHORIZED_G6
IAQ-031,HRM_BENEFITS_OPERATIONS,BENEFITS,MODERN:hcm.operations.benefits,HRIS-HRM,MOD-HRM-BENEFITS,dwp-people-server,GET,/api/people/v1/hris/workbench/operations/benefits,ia-entry-query-projection-schemas.v1.json#/projections/IAQ-031,hcm.benefits.view,HRIS_HR_BUSINESS_PARTNER>HRIS_DUTY_BENEFITS_OPERATIONS_READER,BENEFIT_PLAN|ENROLLMENT_STATUS|LIFE_EVENT,BENEFITS_ADMINISTRATION,REQUIRED_G3_ENTRY_QUERY_NOT_IMPLEMENTED,NOT_AUTHORIZED_G6
IAQ-032,SYS_AI_ASSISTANT,ASSISTANT,MODERN:hcm.personal.assistant,HRIS-SYS,MOD-SYS-AI,dwp-platform-server,GET,/api/platform/v1/hris/ai-assistance/projection/self,ia-entry-query-projection-schemas.v1.json#/projections/IAQ-032,hcm.ai.assist.view,HRIS_EMPLOYEE>HRIS_DUTY_AI_ASSISTANT_READER|HRIS_LINE_MANAGER>HRIS_DUTY_AI_ASSISTANT_READER,AI_ALLOWED_CONTEXT|AI_PROVENANCE|AI_EXPLANATION,AI_ASSISTANCE,REQUIRED_G3_ENTRY_QUERY_NOT_IMPLEMENTED,NOT_AUTHORIZED_G6
IAQ-033,SYS_LISTENING_CONFIGURATION,LISTENING,MODERN:hcm.settings.listening,HRIS-SYS,MOD-SYS-LISTEN,dwp-platform-server,GET,/api/platform/v1/admin/hris/listening/projection/settings,ia-entry-query-projection-schemas.v1.json#/projections/IAQ-033,hcm.configuration.workbench.view,HRIS_CONFIG_AUTHOR>HRIS_DUTY_CONFIGURATION_WORKBENCH_READER,SURVEY_CONFIGURATION|PUBLICATION_STATUS|COHORT_THRESHOLD,EMPLOYEE_LISTENING,REQUIRED_G3_ENTRY_QUERY_NOT_IMPLEMENTED,NOT_AUTHORIZED_G6
IAQ-034,TIM_OPERATIONS,CLOCK_INGESTION,BASE:time-clock-ingestion,HRIS-TIM,BASE-TFR-TIM-006,dwp-time-server,GET,/api/time/v1/hris/workbench/clock-ingestion,ia-entry-query-projection-schemas.v1.json#/projections/IAQ-034,hcm.operations.time.view,HRIS_TIMEKEEPER>HRIS_DUTY_TIME_OPERATIONS_READER,CLOCK_EVENT|INGESTION_STATUS|QUALITY_FINDING,TIME_OPERATIONS,REQUIRED_G3_ENTRY_QUERY_NOT_IMPLEMENTED,NOT_AUTHORIZED_G6
IAQ-035,HRIS_HOME,HOME,BASE:my-hr-home,HRIS-SYS,BASE-TFR-SYS-012,dwp-platform-server,GET,/api/platform/v1/hris/workbench/my-hr-home,ia-entry-query-projection-schemas.v1.json#/projections/IAQ-035,hcm.app.shell.view,HRIS_EMPLOYEE>HRIS_DUTY_APP_SHELL_READER|HRIS_LINE_MANAGER>HRIS_DUTY_APP_SHELL_READER|HRIS_HR_BUSINESS_PARTNER>HRIS_DUTY_APP_SHELL_READER|HRIS_CONFIG_AUTHOR>HRIS_DUTY_APP_SHELL_READER|HRIS_AUDITOR>HRIS_DUTY_APP_SHELL_READER,NAVIGATION_METADATA|WIDGET_METADATA|AUTHORIZED_WIDGET_KEYS,HRIS_HOME,REQUIRED_G3_ENTRY_QUERY_NOT_IMPLEMENTED,NOT_AUTHORIZED_G6
IAQ-036,TEAM_WORKBENCH,TIME,BASE:team-time,HRIS-TIM,BASE-TFR-TIM-016,dwp-time-server,GET,/api/time/v1/hris/workbench/team-time,ia-entry-query-projection-schemas.v1.json#/projections/IAQ-036,hcm.team.workbench.view,HRIS_LINE_MANAGER>HRIS_DUTY_TEAM_WORKBENCH_READER,TIME_SUMMARY|APPROVAL_STATUS|LIMITED_PROFILE,TEAM_MANAGEMENT,REQUIRED_G3_ENTRY_QUERY_NOT_IMPLEMENTED,NOT_AUTHORIZED_G6
IAQ-037,TEAM_WORKBENCH,LEAVE,BASE:team-leave,HRIS-TIM,BASE-TFR-TIM-012,dwp-time-server,GET,/api/time/v1/hris/workbench/team-leave,ia-entry-query-projection-schemas.v1.json#/projections/IAQ-037,hcm.team.workbench.view,HRIS_LINE_MANAGER>HRIS_DUTY_TEAM_WORKBENCH_READER,LEAVE_REQUEST|BALANCE|APPROVAL_STATUS,TEAM_MANAGEMENT,REQUIRED_G3_ENTRY_QUERY_NOT_IMPLEMENTED,NOT_AUTHORIZED_G6
IAQ-038,TEAM_WORKBENCH,PERFORMANCE,BASE:team-performance,HRIS-PER,BASE-TFR-PER-008,dwp-people-server,GET,/api/people/v1/hris/performance/workbench/team-performance,ia-entry-query-projection-schemas.v1.json#/projections/IAQ-038,hcm.team.workbench.view,HRIS_LINE_MANAGER>HRIS_DUTY_TEAM_WORKBENCH_READER,PERFORMANCE_ASSIGNMENT|DUE_STATUS|LIMITED_PROFILE,TEAM_MANAGEMENT,REQUIRED_G3_ENTRY_QUERY_NOT_IMPLEMENTED,NOT_AUTHORIZED_G6
IAQ-039,TIM_OPERATIONS,COMMAND_CENTER,BASE:time-command-center,HRIS-TIM,BASE-TFR-TIM-007,dwp-time-server,GET,/api/time/v1/hris/workbench/time-command-center,ia-entry-query-projection-schemas.v1.json#/projections/IAQ-039,hcm.operations.time.view,HRIS_TIMEKEEPER>HRIS_DUTY_TIME_OPERATIONS_READER,TIME_PERIOD|EXCEPTION_SUMMARY|COMMAND_RECEIPT,TIME_OPERATIONS,REQUIRED_G3_ENTRY_QUERY_NOT_IMPLEMENTED,NOT_AUTHORIZED_G6
IAQ-040,TIM_OPERATIONS,WORK_PLANS,BASE:time-work-plans,HRIS-TIM,BASE-TFR-TIM-016,dwp-time-server,GET,/api/time/v1/hris/workbench/time-work-plans,ia-entry-query-projection-schemas.v1.json#/projections/IAQ-040,hcm.operations.time.view,HRIS_TIMEKEEPER>HRIS_DUTY_TIME_OPERATIONS_READER,WORK_PLAN|SCHEDULE|EFFECTIVE_STATUS,TIME_OPERATIONS,REQUIRED_G3_ENTRY_QUERY_NOT_IMPLEMENTED,NOT_AUTHORIZED_G6
IAQ-041,TIM_OPERATIONS,INTERPRETATION,BASE:time-interpretation,HRIS-TIM,BASE-TFR-TIM-010,dwp-time-server,GET,/api/time/v1/hris/workbench/time-interpretation,ia-entry-query-projection-schemas.v1.json#/projections/IAQ-041,hcm.operations.time.view,HRIS_TIMEKEEPER>HRIS_DUTY_TIME_OPERATIONS_READER,INTERPRETATION_RESULT|RULE_VERSION|TRACE_SUMMARY,TIME_OPERATIONS,REQUIRED_G3_ENTRY_QUERY_NOT_IMPLEMENTED,NOT_AUTHORIZED_G6
IAQ-042,TIM_OPERATIONS,EXCEPTIONS,BASE:time-exceptions,HRIS-TIM,BASE-TFR-TIM-006,dwp-time-server,GET,/api/time/v1/hris/workbench/time-exceptions,ia-entry-query-projection-schemas.v1.json#/projections/IAQ-042,hcm.operations.time.view,HRIS_TIMEKEEPER>HRIS_DUTY_TIME_OPERATIONS_READER,EXCEPTION|OWNER_DEEP_LINK|RECOVERY_METADATA,TIME_OPERATIONS,REQUIRED_G3_ENTRY_QUERY_NOT_IMPLEMENTED,NOT_AUTHORIZED_G6
IAQ-043,TIM_OPERATIONS,DAILY_CLOSE,BASE:time-daily-close,HRIS-TIM,BASE-TFR-TIM-007,dwp-time-server,GET,/api/time/v1/hris/workbench/time-daily-close,ia-entry-query-projection-schemas.v1.json#/projections/IAQ-043,hcm.operations.time.view,HRIS_TIMEKEEPER>HRIS_DUTY_TIME_OPERATIONS_READER,TIME_PERIOD|CLOSE_STATUS|IMPACT_SUMMARY,TIME_CLOSE,REQUIRED_G3_ENTRY_QUERY_NOT_IMPLEMENTED,NOT_AUTHORIZED_G6
IAQ-044,TIM_OPERATIONS,MONTHLY_CLOSE,BASE:time-monthly-close,HRIS-TIM,BASE-TFR-TIM-007,dwp-time-server,GET,/api/time/v1/hris/workbench/time-monthly-close,ia-entry-query-projection-schemas.v1.json#/projections/IAQ-044,hcm.operations.time.view,HRIS_TIMEKEEPER>HRIS_DUTY_TIME_OPERATIONS_READER,TIME_PERIOD|CLOSE_STATUS|PAYROLL_HANDOFF,TIME_CLOSE,REQUIRED_G3_ENTRY_QUERY_NOT_IMPLEMENTED,NOT_AUTHORIZED_G6
IAQ-045,TIM_OPERATIONS,LEAVE_OPERATIONS,BASE:time-leave-operations,HRIS-TIM,BASE-TFR-TIM-012,dwp-time-server,GET,/api/time/v1/hris/workbench/time-leave-operations,ia-entry-query-projection-schemas.v1.json#/projections/IAQ-045,hcm.operations.time.view,HRIS_TIMEKEEPER>HRIS_DUTY_TIME_OPERATIONS_READER,LEAVE_REQUEST|BALANCE|EVIDENCE_STATUS,LEAVE_OPERATIONS,REQUIRED_G3_ENTRY_QUERY_NOT_IMPLEMENTED,NOT_AUTHORIZED_G6
IAQ-046,TIM_OPERATIONS,ACCRUAL_EXPIRATION,BASE:time-accrual-expiration,HRIS-TIM,BASE-TFR-TIM-012,dwp-time-server,GET,/api/time/v1/hris/workbench/time-accrual-expiration,ia-entry-query-projection-schemas.v1.json#/projections/IAQ-046,hcm.operations.time.view,HRIS_TIMEKEEPER>HRIS_DUTY_TIME_OPERATIONS_READER,ACCRUAL_LEDGER|EXPIRATION|POLICY_VERSION,LEAVE_OPERATIONS,REQUIRED_G3_ENTRY_QUERY_NOT_IMPLEMENTED,NOT_AUTHORIZED_G6
IAQ-047,TIM_OPERATIONS,REPORTS,BASE:time-reports,HRIS-TIM,BASE-TFR-TIM-009,dwp-time-server,GET,/api/time/v1/hris/workbench/time-reports,ia-entry-query-projection-schemas.v1.json#/projections/IAQ-047,hcm.operations.time.view,HRIS_TIMEKEEPER>HRIS_DUTY_TIME_OPERATIONS_READER,TIME_AGGREGATE|REPORT_STATUS|EXPORT_METADATA,TIME_REPORTING,REQUIRED_G3_ENTRY_QUERY_NOT_IMPLEMENTED,NOT_AUTHORIZED_G6
IAQ-048,PAY_OPERATIONS,TAX_SOCIAL_INSURANCE,BASE:pay-tax-social-insurance,HRIS-PAY,BASE-TFR-PAY-003,dwp-payroll-server,GET,/api/payroll/v1/workbench/pay-tax-social-insurance,ia-entry-query-projection-schemas.v1.json#/projections/IAQ-048,hcm.operations.payroll-support.view,HRIS_PAYROLL_SUPPORT_VIEWER>HRIS_DUTY_PAYROLL_SUPPORT_VIEWER,TAX_RESULT|SOCIAL_INSURANCE|POLICY_VERSION,PAYROLL_OPERATIONS,REQUIRED_G3_ENTRY_QUERY_NOT_IMPLEMENTED,NOT_AUTHORIZED_G6
IAQ-049,PAY_OPERATIONS,RETIREMENT,BASE:pay-retirement,HRIS-PAY,BASE-TFR-PAY-004,dwp-payroll-server,GET,/api/payroll/v1/workbench/pay-retirement,ia-entry-query-projection-schemas.v1.json#/projections/IAQ-049,hcm.operations.payroll-support.view,HRIS_PAYROLL_SUPPORT_VIEWER>HRIS_DUTY_PAYROLL_SUPPORT_VIEWER,RETIREMENT_RESULT|POLICY_VERSION|CASE_STATUS,PAYROLL_OPERATIONS,REQUIRED_G3_ENTRY_QUERY_NOT_IMPLEMENTED,NOT_AUTHORIZED_G6
IAQ-050,PAY_OPERATIONS,REPORTS,BASE:pay-reports,HRIS-PAY,BASE-TFR-PAY-012,dwp-payroll-server,GET,/api/payroll/v1/workbench/pay-reports,ia-entry-query-projection-schemas.v1.json#/projections/IAQ-050,hcm.operations.payroll-support.view,HRIS_PAYROLL_SUPPORT_VIEWER>HRIS_DUTY_PAYROLL_SUPPORT_VIEWER,PAYROLL_AGGREGATE|REPORT_STATUS|EXPORT_METADATA,PAYROLL_REPORTING,REQUIRED_G3_ENTRY_QUERY_NOT_IMPLEMENTED,NOT_AUTHORIZED_G6
IAQ-051,PER_OPERATIONS,COMMAND_CENTER,BASE:performance-command-center,HRIS-PER,BASE-TFR-PER-007,dwp-people-server,GET,/api/people/v1/hris/performance/workbench/performance-command-center,ia-entry-query-projection-schemas.v1.json#/projections/IAQ-051,hcm.operations.performance.view,HRIS_PERFORMANCE_OPERATOR>HRIS_DUTY_PERFORMANCE_OPERATIONS_READER,PERFORMANCE_PERIOD|WORK_QUEUE|COMMAND_RECEIPT,PERFORMANCE_OPERATIONS,REQUIRED_G3_ENTRY_QUERY_NOT_IMPLEMENTED,NOT_AUTHORIZED_G6
IAQ-052,CONFIGURATION_WORKBENCH,REFERENCE,BASE:settings-reference,HRIS-SYS,BASE-TFR-SYS-007,dwp-platform-server,GET,/api/platform/v1/hris/workbench/settings-reference,ia-entry-query-projection-schemas.v1.json#/projections/IAQ-052,hcm.configuration.workbench.view,HRIS_CONFIG_AUTHOR>HRIS_DUTY_CONFIGURATION_WORKBENCH_READER,POLICY_VERSION|REFERENCE_DATA|EFFECTIVE_STATUS,HRIS_CONFIGURATION,REQUIRED_G3_ENTRY_QUERY_NOT_IMPLEMENTED,NOT_AUTHORIZED_G6
IAQ-053,CONFIGURATION_WORKBENCH,TIME,BASE:settings-time,HRIS-TIM,BASE-TFR-TIM-005,dwp-time-server,GET,/api/time/v1/hris/workbench/settings-time,ia-entry-query-projection-schemas.v1.json#/projections/IAQ-053,hcm.configuration.workbench.view,HRIS_CONFIG_AUTHOR>HRIS_DUTY_CONFIGURATION_WORKBENCH_READER,POLICY_VERSION|TIME_POLICY|EFFECTIVE_STATUS,HRIS_CONFIGURATION,REQUIRED_G3_ENTRY_QUERY_NOT_IMPLEMENTED,NOT_AUTHORIZED_G6
IAQ-054,CONFIGURATION_WORKBENCH,LEAVE,BASE:settings-leave,HRIS-TIM,BASE-TFR-TIM-005,dwp-time-server,GET,/api/time/v1/hris/workbench/settings-leave,ia-entry-query-projection-schemas.v1.json#/projections/IAQ-054,hcm.configuration.workbench.view,HRIS_CONFIG_AUTHOR>HRIS_DUTY_CONFIGURATION_WORKBENCH_READER,POLICY_VERSION|LEAVE_POLICY|EFFECTIVE_STATUS,HRIS_CONFIGURATION,REQUIRED_G3_ENTRY_QUERY_NOT_IMPLEMENTED,NOT_AUTHORIZED_G6
IAQ-055,CONFIGURATION_WORKBENCH,PAYROLL,BASE:settings-payroll,HRIS-PAY,BASE-TFR-PAY-006,dwp-payroll-server,GET,/api/payroll/v1/workbench/settings-payroll,ia-entry-query-projection-schemas.v1.json#/projections/IAQ-055,hcm.configuration.workbench.view,HRIS_CONFIG_AUTHOR>HRIS_DUTY_CONFIGURATION_WORKBENCH_READER,POLICY_VERSION|PAYROLL_POLICY|EFFECTIVE_STATUS,HRIS_CONFIGURATION,REQUIRED_G3_ENTRY_QUERY_NOT_IMPLEMENTED,NOT_AUTHORIZED_G6
IAQ-056,CONFIGURATION_WORKBENCH,PERFORMANCE,BASE:settings-performance,HRIS-PER,BASE-TFR-PER-004,dwp-people-server,GET,/api/people/v1/hris/performance/workbench/settings-performance,ia-entry-query-projection-schemas.v1.json#/projections/IAQ-056,hcm.configuration.workbench.view,HRIS_CONFIG_AUTHOR>HRIS_DUTY_CONFIGURATION_WORKBENCH_READER,POLICY_VERSION|PERFORMANCE_POLICY|EFFECTIVE_STATUS,HRIS_CONFIGURATION,REQUIRED_G3_ENTRY_QUERY_NOT_IMPLEMENTED,NOT_AUTHORIZED_G6
IAQ-057,CONFIGURATION_WORKBENCH,INTEGRATIONS,BASE:settings-integrations,HRIS-SYS,BASE-TFR-SYS-008,dwp-platform-server,GET,/api/platform/v1/hris/workbench/settings-integrations,ia-entry-query-projection-schemas.v1.json#/projections/IAQ-057,hcm.configuration.workbench.view,HRIS_CONFIG_AUTHOR>HRIS_DUTY_CONFIGURATION_WORKBENCH_READER,CONNECTOR_METADATA|POLICY_VERSION|EFFECTIVE_STATUS,HRIS_CONFIGURATION,REQUIRED_G3_ENTRY_QUERY_NOT_IMPLEMENTED,NOT_AUTHORIZED_G6
IAQ-058,CONFIGURATION_WORKBENCH,EXTENSIONS,BASE:settings-extensions,HRIS-SYS,BASE-TFR-HRM-015,dwp-platform-server,GET,/api/platform/v1/hris/workbench/settings-extensions,ia-entry-query-projection-schemas.v1.json#/projections/IAQ-058,hcm.configuration.workbench.view,HRIS_CONFIG_AUTHOR>HRIS_DUTY_CONFIGURATION_WORKBENCH_READER,EXTENSION_METADATA|POLICY_VERSION|EFFECTIVE_STATUS,HRIS_CONFIGURATION,REQUIRED_G3_ENTRY_QUERY_NOT_IMPLEMENTED,NOT_AUTHORIZED_G6
IAQ-059,CONFIGURATION_WORKBENCH,OPERATIONS,BASE:settings-operations,HRIS-SYS,BASE-TFR-SYS-002,dwp-platform-server,GET,/api/platform/v1/hris/workbench/settings-operations,ia-entry-query-projection-schemas.v1.json#/projections/IAQ-059,hcm.configuration.workbench.view,HRIS_CONFIG_AUTHOR>HRIS_DUTY_CONFIGURATION_WORKBENCH_READER,OPERATION_POLICY|EXCEPTION_POLICY|EFFECTIVE_STATUS,HRIS_CONFIGURATION,REQUIRED_G3_ENTRY_QUERY_NOT_IMPLEMENTED,NOT_AUTHORIZED_G6
IAQ-060,DWP_CONTROL_WORKBENCH,EXPERIENCE,BASE:dwp-experience,HRIS-SYS,BASE-TFR-SYS-012,dwp-platform-server,GET,/api/platform/v1/hris/workbench/dwp-experience,ia-entry-query-projection-schemas.v1.json#/projections/IAQ-060,hcm.configuration.workbench.view,HRIS_CONFIG_AUTHOR>HRIS_DUTY_CONFIGURATION_WORKBENCH_READER,BRANDING_POLICY|EXPERIENCE_CONFIG|EFFECTIVE_STATUS,DWP_CONTROL,REQUIRED_G3_ENTRY_QUERY_NOT_IMPLEMENTED,NOT_AUTHORIZED_G6
IAQ-061,DWP_CONTROL_WORKBENCH,IDENTITY,BASE:dwp-identity,HRIS-SYS,BASE-TFR-SYS-004,dwp-auth-server,GET,/api/auth/v1/admin/hris/workbench/dwp-identity,ia-entry-query-projection-schemas.v1.json#/projections/IAQ-061,hcm.configuration.workbench.view,HRIS_CONFIG_AUTHOR>HRIS_DUTY_CONFIGURATION_WORKBENCH_READER,ACCESS_PACKAGE|ASSIGNMENT_STATUS|SOD_RESULT,DWP_CONTROL,REQUIRED_G3_ENTRY_QUERY_NOT_IMPLEMENTED,NOT_AUTHORIZED_G6
IAQ-062,DWP_CONTROL_WORKBENCH,INTEGRATIONS,BASE:dwp-integrations,HRIS-SYS,BASE-TFR-SYS-008,dwp-platform-server,GET,/api/platform/v1/hris/workbench/dwp-integrations,ia-entry-query-projection-schemas.v1.json#/projections/IAQ-062,hcm.configuration.workbench.view,HRIS_CONFIG_AUTHOR>HRIS_DUTY_CONFIGURATION_WORKBENCH_READER,CONNECTOR_METADATA|EXECUTION_POLICY|EFFECTIVE_STATUS,DWP_CONTROL,REQUIRED_G3_ENTRY_QUERY_NOT_IMPLEMENTED,NOT_AUTHORIZED_G6
IAQ-063,DWP_CONTROL_WORKBENCH,EXTENSIBILITY,BASE:dwp-extensibility,HRIS-SYS,BASE-TFR-HRM-015,dwp-platform-server,GET,/api/platform/v1/hris/workbench/dwp-extensibility,ia-entry-query-projection-schemas.v1.json#/projections/IAQ-063,hcm.configuration.workbench.view,HRIS_CONFIG_AUTHOR>HRIS_DUTY_CONFIGURATION_WORKBENCH_READER,EXTENSION_METADATA|REGISTRY_STATUS|EFFECTIVE_STATUS,DWP_CONTROL,REQUIRED_G3_ENTRY_QUERY_NOT_IMPLEMENTED,NOT_AUTHORIZED_G6
IAQ-064,HR_SERVICE_OPERATIONS,CASES,MODERN:hcm.operations.hr-services,HRIS-HRM,MOD-HRM-HRSD,dwp-people-server,GET,/api/people/v1/hris/workbench/operations-hr-services,ia-entry-query-projection-schemas.v1.json#/projections/IAQ-064,hcm.hrservice.view,HRIS_HR_BUSINESS_PARTNER>HRIS_DUTY_HR_SERVICE_READER,HR_CASE_WORK_QUEUE|KNOWLEDGE_ANSWER|SLA_RECEIPT,HR_SERVICE_DELIVERY,REQUIRED_G3_ENTRY_QUERY_NOT_IMPLEMENTED,NOT_AUTHORIZED_G6
IAQ-065,LISTENING_SELF,ACTIVE_SURVEYS,MODERN:hcm.personal.listening,HRIS-SYS,MOD-SYS-LISTEN,dwp-platform-server,GET,/api/platform/v1/hris/workbench/personal-listening,ia-entry-query-projection-schemas.v1.json#/projections/IAQ-065,hcm.listening.self.view,HRIS_EMPLOYEE>HRIS_DUTY_LISTENING_SELF_READER,LISTENING_SURVEY|RESPONSE_STATUS|ANONYMITY_NOTICE,EMPLOYEE_LISTENING,REQUIRED_G3_ENTRY_QUERY_NOT_IMPLEMENTED,NOT_AUTHORIZED_G6
IAQ-066,AI_GOVERNANCE_CONFIGURATION,POLICIES,MODERN:hcm.settings.ai-governance,HRIS-SYS,MOD-SYS-AI,dwp-platform-server,GET,/api/platform/v1/hris/workbench/settings-ai-governance,ia-entry-query-projection-schemas.v1.json#/projections/IAQ-066,hcm.configuration.workbench.view,HRIS_CONFIG_AUTHOR>HRIS_DUTY_CONFIGURATION_WORKBENCH_READER,AI_POLICY|EVALUATION_THRESHOLD|KILL_SWITCH_STATUS,AI_GOVERNANCE,REQUIRED_G3_ENTRY_QUERY_NOT_IMPLEMENTED,NOT_AUTHORIZED_G6
