exception_id,ia_node_id,contract_ref,persona,required_entitlements,hris_access_package,hris_atomic_duty,external_capability,external_authorization_source,sod_constraint,state
IAEXT-001,BASE:team-delegation,SHARED-API-010,MANAGER,APP.HCM:VIEW&APP.APPROVALS:VIEW,HRIS_LINE_MANAGER,HRIS_DUTY_MANAGER_TEAM_READER,approvals.work.delegation.read,contracts/product-authorization/product-surfaces-v1.bundle-v6.json#route.approvals.work.delegations.page,SOD_HRIS_AUDIT_INDEPENDENCE,EXACT_CROSS_PRODUCT_READ_EXCEPTION
IAEXT-002,BASE:settings-enterprise,SHARED-API-001,SETTINGS_ADMIN,APP.HCM:VIEW&APP.PROVIDER:VIEW,HRIS_CONFIG_AUTHOR,HRIS_DUTY_CONFIGURATION_WORKBENCH_READER,provider.tenant.read,contracts/openapi/gateway-public.json#/paths/~1api~1provider~1v1~1admin~1tenants,SOD_HRIS_CONFIG_FOUR_EYES|SOD_HRIS_AUDIT_INDEPENDENCE,EXACT_CROSS_PRODUCT_READ_EXCEPTION
IAEXT-003,BASE:settings-workflow,SHARED-API-005,SETTINGS_ADMIN,APP.HCM:VIEW&APP.APPROVALS:VIEW,HRIS_CONFIG_AUTHOR,HRIS_DUTY_CONFIGURATION_WORKBENCH_READER,approvals.policy.read,contracts/product-authorization/product-surfaces-v1.bundle-v6.json#route.approvals.admin.policies.page,SOD_HRIS_CONFIG_FOUR_EYES|SOD_HRIS_AUDIT_INDEPENDENCE,EXACT_CROSS_PRODUCT_READ_EXCEPTION
IAEXT-004,BASE:dwp-platform,SHARED-API-001,SETTINGS_ADMIN,APP.HCM:VIEW&APP.PROVIDER:VIEW,HRIS_CONFIG_AUTHOR,HRIS_DUTY_CONFIGURATION_WORKBENCH_READER,provider.tenant.read,contracts/openapi/gateway-public.json#/paths/~1api~1provider~1v1~1admin~1tenants,SOD_HRIS_CONFIG_FOUR_EYES|SOD_HRIS_AUDIT_INDEPENDENCE,EXACT_CROSS_PRODUCT_READ_EXCEPTION
IAEXT-005,BASE:dwp-governance,SHARED-API-003,SETTINGS_ADMIN,APP.HCM:VIEW&APP.PROVIDER:VIEW,HRIS_CONFIG_AUTHOR,HRIS_DUTY_CONFIGURATION_WORKBENCH_READER,DATA_GOVERNANCE_READ,contracts/openapi/gateway-public.json#/paths/~1api~1provider~1v1~1admin~1data-governance,SOD_HRIS_CONFIG_FOUR_EYES|SOD_HRIS_AUDIT_INDEPENDENCE,EXACT_CROSS_PRODUCT_READ_EXCEPTION
IAEXT-006,BASE:dwp-governance,SHARED-API-009,ENTERPRISE_AUDITOR,APP.HCM:VIEW,HRIS_AUDITOR,HRIS_DUTY_AUDITOR,ADMIN.AUDIT_VIEW:VIEW,dwp-platform-server/src/main/java/com/dwp/services/platform/auditcontrol/AuditAccessGuard.java,SOD_HRIS_AUDIT_INDEPENDENCE,EXACT_AUDIT_READ_ONLY_EXCEPTION
IAEXT-007,BASE:team-delegation,SHARED-API-011,MANAGER,APP.HCM:VIEW&APP.APPROVALS:VIEW,HRIS_LINE_MANAGER,HRIS_DUTY_MANAGER_TEAM_READER,approvals.work.delegation.manage,contracts/product-authorization/product-surfaces-v1.bundle-v6.json#route.approvals.work.delegations.page,SOD_HRIS_AUDIT_INDEPENDENCE,EXACT_CROSS_PRODUCT_COMMAND_EXCEPTION
IAEXT-008,BASE:team-delegation,SHARED-API-012,MANAGER,APP.HCM:VIEW&APP.APPROVALS:VIEW,HRIS_LINE_MANAGER,HRIS_DUTY_MANAGER_TEAM_READER,approvals.work.delegation.manage,contracts/product-authorization/product-surfaces-v1.bundle-v6.json#route.approvals.work.delegations.page,SOD_HRIS_AUDIT_INDEPENDENCE,EXACT_CROSS_PRODUCT_COMMAND_EXCEPTION
IAEXT-009,BASE:settings-workflow,SHARED-API-006,SETTINGS_ADMIN,APP.HCM:VIEW&APP.APPROVALS:VIEW,HRIS_CONFIG_PUBLISHER,HRIS_DUTY_POLICY_PUBLISHER,approvals.policy.publish,contracts/product-authorization/product-surfaces-v1.bundle-v6.json#route.approvals.admin.policies.page,SOD_HRIS_CONFIG_FOUR_EYES|SOD_HRIS_AUDIT_INDEPENDENCE,EXACT_CROSS_PRODUCT_COMMAND_EXCEPTION
