capability_id,owner_session,module_prompt_ref,implementation_slice_id,menu_node_keys,data_contracts,authorization_capabilities,api_event_contracts,test_evidence_allocation,g4_acceptance_evidence,state
HRIS.MODERN.SKILLS_ONTOLOGY,HRIS-PER,../session-prompts/02-cloudhr-per-session.md,MOD-PER-SKILLS,hcm.personal.growth|hcm.settings.skills,SkillTaxonomy.v1|WorkerSkillEvidence.v1,hcm.skills.view|hcm.skills.manage|hcm.skills.evidence.verify,/api/people/v1/hris/performance/skills/**|SkillsTaxonomyCreated.v2|SkillsTaxonomyPublished.v2|SkillsTaxonomyValidated.v2|WorkerSkillEvidenceVerified.v2,../session-evidence/per/g4/modern/skills-ontology/contract-test.json|../session-evidence/per/g4/modern/skills-ontology/security-negative.json,../session-evidence/per/g4/modern/skills-ontology/acceptance.json,ALLOCATED_REQUIRED_NOT_STARTED
HRIS.MODERN.GROWTH_PROFILE,HRIS-PER,../session-prompts/02-cloudhr-per-session.md,MOD-PER-GROWTH,hcm.personal.growth,GrowthProfile.v1|GrowthEvidenceLink.v1,hcm.growth.self.view|hcm.growth.self.manage|hcm.growth.manager.coach,/api/people/v1/hris/performance/growth-profiles/**|GrowthCoachingRecorded.v2|GrowthEvidenceLinked.v2|GrowthProfileArchived.v2|GrowthProfileCreated.v2|GrowthProfileUpdated.v2,../session-evidence/per/g4/modern/growth-profile/journey-test.json|../session-evidence/per/g4/modern/growth-profile/privacy-negative.json,../session-evidence/per/g4/modern/growth-profile/acceptance.json,ALLOCATED_REQUIRED_NOT_STARTED
HRIS.MODERN.RECRUITING_ATS,HRIS-HRM,../session-prompts/01-cloudhr-hrm-session.md,MOD-HRM-RECRUIT,hcm.operations.recruiting,Requisition.v1|CandidateCase.v1|Offer.v1|HireHandoff.v1,hcm.recruiting.view|hcm.recruiting.operate|hcm.recruiting.decide,/api/people/v1/hris/recruiting/**|CandidateHireHandoffRequested.v2|CandidateHired.v2|CandidateOfferIssued.v2|CandidateStageChanged.v2|RequisitionCreated.v2|RequisitionPublished.v2,../session-evidence/hrm/g4/modern/recruiting-ats/state-machine-test.json|../session-evidence/hrm/g4/modern/recruiting-ats/privacy-negative.json,../session-evidence/hrm/g4/modern/recruiting-ats/acceptance.json,ALLOCATED_REQUIRED_NOT_STARTED
HRIS.MODERN.ONBOARDING,HRIS-HRM,../session-prompts/01-cloudhr-hrm-session.md,MOD-HRM-ONBOARD,hcm.personal.services|hcm.operations.onboarding,JourneyTemplate.v1|WorkerJourneyAssignment.v1|JourneyTaskEvidence.v1,hcm.onboarding.self.view|hcm.onboarding.task.complete|hcm.onboarding.operate,/api/people/v1/hris/onboarding/**|OnboardingJourneyAssigned.v2|OnboardingJourneyCancelled.v2|OnboardingJourneyCompleted.v2|OnboardingTaskCompleted.v2|OnboardingTemplateCreated.v2|OnboardingTemplatePublished.v2,../session-evidence/hrm/g4/modern/onboarding/journey-test.json|../session-evidence/hrm/g4/modern/onboarding/idempotency-test.json,../session-evidence/hrm/g4/modern/onboarding/acceptance.json,ALLOCATED_REQUIRED_NOT_STARTED
HRIS.MODERN.LEARNING,HRIS-PER,../session-prompts/02-cloudhr-per-session.md,MOD-PER-LEARNING,hcm.personal.learning|hcm.operations.learning,LearningOffering.v1|LearningAssignment.v1|VerifiedCompletion.v1,hcm.learning.self.view|hcm.learning.self.enroll|hcm.learning.operate,/api/people/v1/hris/performance/learning/**|LearningAssignmentStarted.v2|LearningCompletionVerified.v2|LearningEnrollmentCreated.v2|LearningOfferingCreated.v2|LearningOfferingPublished.v2,../session-evidence/per/g4/modern/learning/state-machine-test.json|../session-evidence/per/g4/modern/learning/provenance-test.json,../session-evidence/per/g4/modern/learning/acceptance.json,ALLOCATED_REQUIRED_NOT_STARTED
HRIS.MODERN.INTERNAL_MARKETPLACE,HRIS-PER,../session-prompts/02-cloudhr-per-session.md,MOD-PER-MARKET,hcm.personal.opportunities|hcm.operations.opportunities,InternalOpportunity.v1|OpportunityApplication.v1|MatchExplanation.v1,hcm.opportunity.self.view|hcm.opportunity.self.apply|hcm.opportunity.operate,/api/people/v1/hris/performance/opportunities/**|TalentOpportunityApplicationShortlisted.v2|TalentOpportunityApplicationSubmitted.v2|TalentOpportunityCreated.v2|TalentOpportunityPublished.v2|TalentOpportunitySelectionRecorded.v2,../session-evidence/per/g4/modern/internal-marketplace/journey-test.json|../session-evidence/per/g4/modern/internal-marketplace/fairness-negative.json,../session-evidence/per/g4/modern/internal-marketplace/acceptance.json,ALLOCATED_REQUIRED_NOT_STARTED
HRIS.MODERN.SUCCESSION,HRIS-PER,../session-prompts/02-cloudhr-per-session.md,MOD-PER-SUCCESSION,hcm.operations.succession,SuccessionPlan.v1|SuccessionNomination.v1|ReadinessEvidence.v1,hcm.succession.view.restricted|hcm.succession.manage|hcm.succession.publish,/api/people/v1/hris/performance/succession/**|SuccessionNominationAdded.v2|SuccessionPlanApproved.v2|SuccessionPlanCreated.v2|SuccessionPlanPublished.v2|SuccessionPlanSubmitted.v2,../session-evidence/per/g4/modern/succession/field-policy-negative.json|../session-evidence/per/g4/modern/succession/publish-test.json,../session-evidence/per/g4/modern/succession/acceptance.json,ALLOCATED_REQUIRED_NOT_STARTED
HRIS.MODERN.WORKFORCE_PLANNING,HRIS-HRM,../session-prompts/01-cloudhr-hrm-session.md,MOD-HRM-WFP,hcm.operations.workforce-planning,WorkforceScenario.v1|WorkforceScenarioRevision.v1|WorkforcePlanPublishReceipt.v1,hcm.workforce.plan.view|hcm.workforce.plan.model|hcm.workforce.plan.publish,/api/people/v1/hris/workforce-planning/**|WorkforceScenarioCreated.v2|WorkforceScenarioDecisionRecorded.v2|WorkforceScenarioPublished.v2|WorkforceScenarioSimulated.v2|WorkforceScenarioSubmitted.v2,../session-evidence/hrm/g4/modern/workforce-planning/determinism-test.json|../session-evidence/hrm/g4/modern/workforce-planning/approval-negative.json,../session-evidence/hrm/g4/modern/workforce-planning/acceptance.json,ALLOCATED_REQUIRED_NOT_STARTED
HRIS.MODERN.COMPENSATION_PLANNING,HRIS-PER,../session-prompts/02-cloudhr-per-session.md,MOD-PER-COMPPLAN,hcm.operations.compensation-planning,CompensationPlan.v1|CompensationBudgetLedger.v1|ApprovedCompensationPlanSnapshot.v1,hcm.compensation.plan.view|hcm.compensation.plan.propose|hcm.compensation.plan.approve,/api/people/v1/hris/performance/compensation-planning/**|ApprovedCompensationPlanSnapshotPublished.v2|CompensationBudgetAllocated.v2|CompensationCycleCreated.v2|CompensationPlanApprovalRecorded.v2|CompensationProposalSubmitted.v2,../session-evidence/per/g4/modern/compensation-planning/budget-invariant-test.json|../session-evidence/per/g4/modern/compensation-planning/sod-negative.json|../session-evidence/per/g4/modern/compensation-planning/handoff-reconciliation.json,../session-evidence/per/g4/modern/compensation-planning/acceptance.json,ALLOCATED_REQUIRED_NOT_STARTED
HRIS.MODERN.BENEFITS_ADMIN,HRIS-HRM,../session-prompts/01-cloudhr-hrm-session.md,MOD-HRM-BENEFITS,hcm.personal.benefits|hcm.operations.benefits,BenefitPlan.v1|BenefitEnrollment.v1|BenefitLifeEvent.v1,hcm.benefits.self.view|hcm.benefits.self.enroll|hcm.benefits.operate,/api/people/v1/hris/benefits/**|BenefitEnrollmentDecided.v2|BenefitEnrollmentSubmitted.v2|BenefitLifeEventSubmitted.v2|BenefitPlanCreated.v2|BenefitPlanPublished.v2,../session-evidence/hrm/g4/modern/benefits-admin/eligibility-property-test.json|../session-evidence/hrm/g4/modern/benefits-admin/privacy-negative.json,../session-evidence/hrm/g4/modern/benefits-admin/acceptance.json,ALLOCATED_REQUIRED_NOT_STARTED
HRIS.MODERN.HR_SERVICE_DELIVERY,HRIS-HRM,../session-prompts/01-cloudhr-hrm-session.md,MOD-HRM-HRSD,hcm.personal.services|hcm.operations.hr-services,HrCase.v1|KnowledgeAnswer.v1|CaseSlaReceipt.v1,hcm.hrservice.self.create|hcm.hrservice.case.work|hcm.hrservice.restricted.assign,/api/people/v1/hris/hr-services/**|HrServiceCaseAssigned.v2|HrServiceCaseCreated.v2|HrServiceCaseResolved.v2|HrServiceCaseResponseRecorded.v2|HrServiceCaseTriaged.v2,../session-evidence/hrm/g4/modern/hr-service-delivery/sla-journey-test.json|../session-evidence/hrm/g4/modern/hr-service-delivery/restricted-negative.json,../session-evidence/hrm/g4/modern/hr-service-delivery/acceptance.json,ALLOCATED_REQUIRED_NOT_STARTED
HRIS.MODERN.EMPLOYEE_LISTENING,HRIS-SYS,../session-prompts/05-cloudhr-sys-session.md,MOD-SYS-LISTEN,hcm.personal.listening|hcm.settings.listening,dwp.hris.sys.listening.stream-authority-successor.v1|ListeningConfiguration.v2|ListeningAdmissionVersion.v1|ProtectedListeningResponse.v1|PrivacySafeCohortProjection.v1|ParticipationEnvelope.v1,hcm.listening.respond|hcm.listening.manage|hcm.listening.cohort.view,/api/platform/v1/hris/listening/**|/api/platform/v1/admin/hris/listening/**|EmployeeListeningSurveyCreated.v3|EmployeeListeningSurveyPublished.v3|EmployeeListeningSurveyClosed.v3|EmployeeListeningActionCreated.v3|EmployeeListeningActionCompleted.v3|EmployeeListeningCohortProjectionPublished.v1|ListeningAdmissionInstallRequested.v1|ListeningAdmissionInstallReceipt.v1|ListeningAdmissionCloseRequested.v1|ListeningAdmissionCloseReceipt.v1|ListeningCohortPackageReady.v1|ListeningCohortProjectionReceipt.v1,../session-evidence/sys/g4/modern/employee-listening/anonymity-property-test.json|../session-evidence/sys/g4/modern/employee-listening/retaliation-negative.json,../session-evidence/sys/g4/modern/employee-listening/acceptance.json,ALLOCATED_REQUIRED_NOT_STARTED
HRIS.MODERN.ADVANCED_WFM,HRIS-TIM,../session-prompts/04-cloudhr-tim-session.md,MOD-TIM-WFM,hcm.operations.workforce-management,DemandForecast.v1|ScheduleCandidate.v1|SchedulePublishLedger.v1,hcm.wfm.view|hcm.wfm.optimize|hcm.wfm.publish,/api/time/v1/workforce-management/**|WorkforceDemandForecastCreated.v2|WorkforceScheduleCandidateGenerated.v2|WorkforceScheduleCandidateSubmitted.v2|WorkforceScheduleOptimizationRequested.v2|WorkforceSchedulePublished.v2|WorkforceScheduleValidationCompleted.v2,../session-evidence/tim/g4/modern/advanced-wfm/constraint-property-test.json|../session-evidence/tim/g4/modern/advanced-wfm/fairness-evaluation.json,../session-evidence/tim/g4/modern/advanced-wfm/acceptance.json,ALLOCATED_REQUIRED_NOT_STARTED
HRIS.MODERN.CONTINGENT_WORKFORCE,HRIS-HRM,../session-prompts/01-cloudhr-hrm-session.md,MOD-HRM-CONTINGENT,hcm.operations.contingent-workforce,ContingentEngagement.v1|SponsorAssignment.v1|AccessExpiryReceipt.v1,hcm.contingent.view|hcm.contingent.operate|hcm.contingent.offboard,/api/people/v1/hris/contingent-workforce/**|ContingentAccessExpired.v2|ContingentEngagementActivated.v2|ContingentEngagementClosed.v2|ContingentEngagementCreated.v2|ContingentEngagementOffboardingStarted.v2|ContingentEngagementSubmitted.v2,../session-evidence/hrm/g4/modern/contingent-workforce/classification-test.json|../session-evidence/hrm/g4/modern/contingent-workforce/expiry-enforcement.json,../session-evidence/hrm/g4/modern/contingent-workforce/acceptance.json,ALLOCATED_REQUIRED_NOT_STARTED
HRIS.MODERN.PEOPLE_ANALYTICS,HRIS-SYS,../session-prompts/05-cloudhr-sys-session.md,MOD-SYS-ANALYTICS,hcm.operations.people-analytics,MetricDefinition.v1|MetricProjection.v1|CohortExportReceipt.v1,hcm.analytics.metric.view|hcm.analytics.metric.manage|hcm.analytics.export,/api/platform/v1/admin/hris/people-analytics/**|PeopleAnalyticsExportRequested.v2|PeopleMetricCreated.v2|PeopleMetricPublished.v2|PeopleMetricRetired.v2|PeopleMetricValidated.v2,../session-evidence/sys/g4/modern/people-analytics/metric-contract-test.json|../session-evidence/sys/g4/modern/people-analytics/cohort-negative.json,../session-evidence/sys/g4/modern/people-analytics/acceptance.json,ALLOCATED_REQUIRED_NOT_STARTED
HRIS.MODERN.GOVERNED_AI,HRIS-SYS,../session-prompts/05-cloudhr-sys-session.md,MOD-SYS-AI,hcm.personal.assistant|hcm.settings.ai-governance,AiUsePolicy.v1|AiEvaluationThreshold.v1|AiProvenanceReceipt.v1,hcm.ai.assist.use|hcm.ai.policy.manage|hcm.ai.kill-switch.execute,/api/platform/v1/hris/ai-assistance/**|/api/platform/v1/admin/hris/ai-governance/**|GovernedAiAssistanceProduced.v2|GovernedAiPolicyCreated.v2|GovernedAiPolicyEvaluationCompleted.v2|GovernedAiPolicyEvaluationRequested.v2|GovernedAiPolicyPublished.v2|GovernedAiPolicyRetired.v2|GovernedAiPolicySuspended.v2,../session-evidence/sys/g4/modern/governed-ai/policy-negative.json|../session-evidence/sys/g4/modern/governed-ai/evaluation-threshold.json,../session-evidence/sys/g4/modern/governed-ai/acceptance.json,ALLOCATED_REQUIRED_NOT_STARTED
