contract_id,owner_service,method,browser_path,owner_path,baseline_openapi_reference,semantic_role,status
SHARED-API-001,dwp-provider-server,GET,/api/provider/v1/admin/tenants,/v1/admin/tenants,contracts/openapi/gateway-public.json#/paths/~1api~1provider~1v1~1admin~1tenants,TENANT_ENTERPRISE_DIRECTORY_QUERY,BASELINE_REUSE_VALIDATED
SHARED-API-002,dwp-provider-server,PATCH,/api/provider/v1/admin/tenants/{tenantId}/lifecycle,/v1/admin/tenants/{tenantId}/lifecycle,contracts/openapi/gateway-public.json#/paths/~1api~1provider~1v1~1admin~1tenants~1{tenantId}~1lifecycle,TENANT_GOVERNED_LIFECYCLE_COMMAND,BASELINE_REUSE_VALIDATED
SHARED-API-003,dwp-provider-server,GET,/api/provider/v1/admin/data-governance,/v1/admin/data-governance,contracts/openapi/gateway-public.json#/paths/~1api~1provider~1v1~1admin~1data-governance,DATA_GOVERNANCE_CATALOG_QUERY,BASELINE_REUSE_VALIDATED
SHARED-API-004,dwp-provider-server,POST,/api/provider/v1/admin/data-governance/policies,/v1/admin/data-governance/policies,contracts/openapi/gateway-public.json#/paths/~1api~1provider~1v1~1admin~1data-governance~1policies,DATA_POLICY_VERSION_DRAFT_COMMAND,BASELINE_REUSE_VALIDATED
SHARED-API-005,dwp-approval-server,GET,/api/approvals/v1/admin/policies,/v1/admin/policies,contracts/openapi/gateway-public.json#/paths/~1api~1approvals~1v1~1admin~1policies,APPROVAL_POLICY_CATALOG_QUERY,BASELINE_REUSE_VALIDATED
SHARED-API-006,dwp-approval-server,POST,/api/approvals/v1/admin/policies/{policyId}/publish,/v1/admin/policies/{policyId}/publish,contracts/openapi/gateway-public.json#/paths/~1api~1approvals~1v1~1admin~1policies~1{policyId}~1publish,APPROVAL_POLICY_PUBLISH_COMMAND,BASELINE_REUSE_VALIDATED
SHARED-API-007,dwp-notification-server,GET,/api/notifications/v1/admin/templates,/v1/admin/templates,contracts/openapi/gateway-public.json#/paths/~1api~1notifications~1v1~1admin~1templates,NOTIFICATION_TEMPLATE_CATALOG_QUERY,BASELINE_REUSE_VALIDATED
SHARED-API-008,dwp-notification-server,POST,/api/notifications/v1/admin/templates/drafts,/v1/admin/templates/drafts,contracts/openapi/gateway-public.json#/paths/~1api~1notifications~1v1~1admin~1templates~1drafts,NOTIFICATION_TEMPLATE_DRAFT_COMMAND,BASELINE_REUSE_VALIDATED
SHARED-API-009,dwp-platform-server,GET,/api/platform/v1/admin/audit-control/events,/v1/admin/audit-control/events,contracts/openapi/gateway-public.json#/paths/~1api~1platform~1v1~1admin~1audit-control~1events,AUDIT_EVIDENCE_QUERY,BASELINE_REUSE_VALIDATED
SHARED-API-010,dwp-approval-server,GET,/api/approvals/v1/delegations,/v1/delegations,contracts/openapi/gateway-public.json#/paths/~1api~1approvals~1v1~1delegations,APPROVAL_DELEGATION_LIST_QUERY,BASELINE_REUSE_VALIDATED
SHARED-API-011,dwp-approval-server,POST,/api/approvals/v1/delegations,/v1/delegations,contracts/openapi/gateway-public.json#/paths/~1api~1approvals~1v1~1delegations,APPROVAL_DELEGATION_CREATE_COMMAND,BASELINE_REUSE_VALIDATED
SHARED-API-012,dwp-approval-server,POST,/api/approvals/v1/delegations/{delegationId}/revoke,/v1/delegations/{delegationId}/revoke,contracts/openapi/gateway-public.json#/paths/~1api~1approvals~1v1~1delegations~1{delegationId}~1revoke,APPROVAL_DELEGATION_REVOKE_COMMAND,BASELINE_REUSE_VALIDATED
