source_module,source_file,marker,matched_line_count,coverage_parent,coverage_child_id,decision_id,target_capability,required_disposition,current_status,notes
pay,cloudhr-pay/src/main/java/com/kolonbenit/benitworx/app/com/proxy/pay/controller/PayDataSendController.java,ADDSK,30,controller:pay:cloudhr-pay/src/main/java/com/kolonbenit/benitworx/app/com/proxy/pay/controller/PayDataSendController.java,PAY-CH-ADDSK-6982AE0BD308,PAY-DEC-012,PAY-CONNECTOR,RETIRE_FROM_CORE,DECIDED_RETIRE_FROM_CORE,Customer branch is excluded; independently specified connector contracts do not authorize legacy code type formula or package reuse
pay,cloudhr-pay/src/main/java/com/kolonbenit/benitworx/app/com/proxy/pay/service/PayDataSendService.java,ADDSK,1,controller:pay:cloudhr-pay/src/main/java/com/kolonbenit/benitworx/app/com/proxy/pay/controller/PayDataSendController.java,PAY-CH-ADDSK-B1C6CF0C4380,PAY-DEC-012,PAY-CONNECTOR,RETIRE_FROM_CORE,DECIDED_RETIRE_FROM_CORE,Customer service is excluded; independently specified connector contracts do not authorize legacy code type formula or package reuse
pay,cloudhr-pay/src/main/java/com/kolonbenit/benitworx/app/com/proxy/ret/controller/RetDataSendController.java,ADDSK,3,controller:pay:cloudhr-pay/src/main/java/com/kolonbenit/benitworx/app/com/proxy/ret/controller/RetDataSendController.java,PAY-CH-ADDSK-B3CE3E42A24F,PAY-DEC-012,PAY-RETIREMENT,RETIRE_FROM_CORE,DECIDED_RETIRE_FROM_CORE,Customer retirement proxy is excluded; independently specified country-pack contracts do not authorize legacy reuse
pay,cloudhr-pay/src/main/java/com/kolonbenit/benitworx/app/pay/actionMng/payNotiSendTrgter/service/implementation/PayNotiSendTrgterServiceImpl.java,ADDSK,1,controller:pay:cloudhr-pay/src/main/java/com/kolonbenit/benitworx/app/pay/actionMng/payNotiSendTrgter/controller/PayNotiSendTrgterController.java,PAY-CH-ADDSK-5A67BF52287A,PAY-DEC-012,PAY-PLATFORM-NOTIFICATION,RETIRE_FROM_CORE,DECIDED_RETIRE_FROM_CORE,Customer notification behavior is excluded; the neutral notification contract is a separately specified safe substitute
pay,cloudhr-pay/src/main/java/com/kolonbenit/benitworx/app/pay/actionMng/salaryDate/service/implementation/SalaryDateServiceImpl.java,ADDSK,1,controller:pay:cloudhr-pay/src/main/java/com/kolonbenit/benitworx/app/pay/actionMng/salaryDate/controller/RetroDateController.java,PAY-CH-ADDSK-C0B9748F4291,PAY-DEC-012,PAY-RUN-PREPARE,RETIRE_FROM_CORE,DECIDED_RETIRE_FROM_CORE,Customer schedule behavior is excluded; the payroll preparation policy is independently specified
pay,cloudhr-pay/src/main/java/com/kolonbenit/benitworx/app/ret/actionMng/retireTrgter/service/implementation/RetireTrgterServiceImpl.java,ADDSK,1,controller:pay:cloudhr-pay/src/main/java/com/kolonbenit/benitworx/app/ret/actionMng/retireTrgter/controller/RetKfTrgterController.java,PAY-CH-ADDSK-5687B23155E2,PAY-DEC-012,PAY-RETIREMENT,RETIRE_FROM_CORE,DECIDED_RETIRE_FROM_CORE,Customer retirement trigger is excluded; the KR country pack and tenant policy are independently specified
pay,cloudhr-pay/src/main/java/com/kolonbenit/benitworx/app/ret/actionMng/rtrpayTotIncom/dto/Rtraddsk2TotIncomDto.java,ADDSK,1,controller:pay:cloudhr-pay/src/main/java/com/kolonbenit/benitworx/app/ret/actionMng/rtrpayTotIncom/controller/RtrpayTotIncomController.java,PAY-CH-ADDSK-701FC9CE1281,PAY-DEC-012,PAY-RETIREMENT,RETIRE_FROM_CORE,DECIDED_RETIRE_FROM_CORE,Customer DTO is excluded and cannot become a core API type
pay,cloudhr-pay/src/main/java/com/kolonbenit/benitworx/app/ret/actionMng/rtrpayTotIncom/dto/Rtraddsk2TotIncomSearchDto.java,ADDSK,1,controller:pay:cloudhr-pay/src/main/java/com/kolonbenit/benitworx/app/ret/actionMng/rtrpayTotIncom/controller/RtrpayTotIncomController.java,PAY-CH-ADDSK-7716511C3859,PAY-DEC-012,PAY-RETIREMENT,RETIRE_FROM_CORE,DECIDED_RETIRE_FROM_CORE,Customer search DTO is excluded and cannot become a core API type
pay,cloudhr-pay/src/main/java/com/kolonbenit/benitworx/app/ret/actionMng/rtrpayTotIncom/dto/Rtraddsk2TotIncomTotDto.java,ADDSK,1,controller:pay:cloudhr-pay/src/main/java/com/kolonbenit/benitworx/app/ret/actionMng/rtrpayTotIncom/controller/RtrpayTotIncomController.java,PAY-CH-ADDSK-EBC6B89C07AB,PAY-DEC-012,PAY-RETIREMENT,RETIRE_FROM_CORE,DECIDED_RETIRE_FROM_CORE,Customer total DTO is excluded and cannot become a core API type
pay,cloudhr-pay/src/main/java/com/kolonbenit/benitworx/app/ret/actionMng/rtrpayTotIncom/resource/Rtraddsk2TotIncomListResource.java,ADDSK,3,controller:pay:cloudhr-pay/src/main/java/com/kolonbenit/benitworx/app/ret/actionMng/rtrpayTotIncom/controller/RtrpayTotIncomController.java,PAY-CH-ADDSK-40A259414EAD,PAY-DEC-012,PAY-RETIREMENT,RETIRE_FROM_CORE,DECIDED_RETIRE_FROM_CORE,Customer list resource is excluded and cannot become a core API type
pay,cloudhr-pay/src/main/java/com/kolonbenit/benitworx/app/ret/actionMng/rtrpayTotIncom/resource/Rtraddsk2TotIncomSearchResource.java,ADDSK,1,controller:pay:cloudhr-pay/src/main/java/com/kolonbenit/benitworx/app/ret/actionMng/rtrpayTotIncom/controller/RtrpayTotIncomController.java,PAY-CH-ADDSK-80AC36D0B83D,PAY-DEC-012,PAY-RETIREMENT,RETIRE_FROM_CORE,DECIDED_RETIRE_FROM_CORE,Customer search resource is excluded and cannot become a core API type
pay,cloudhr-pay/src/main/java/com/kolonbenit/benitworx/app/ret/actionMng/rtrpayTotIncom/service/Implementation/RtrpayTotIncomServiceImpl.java,ADDSK,50,controller:pay:cloudhr-pay/src/main/java/com/kolonbenit/benitworx/app/ret/actionMng/rtrpayTotIncom/controller/RtrpayTotIncomController.java,PAY-CH-ADDSK-7603C4CE529C,PAY-DEC-012,PAY-RETIREMENT,RETIRE_FROM_CORE,DECIDED_RETIRE_FROM_CORE,Customer retirement-income implementation is excluded; generic statutory requirements use independently specified country-pack contracts
tim,cloudhr-tim/src/main/java/com/kolonbenit/benitworx/app/tim/swsMng/swsBatch/service/implementation/AccesBatchServiceImpl.java,ADDSK,5,controller:tim:cloudhr-tim/src/main/java/com/kolonbenit/benitworx/app/com/batch/controller/BatchController.java,TIM-CH-ADDSK-3B3746EBB5F6,TIM-DEC-011,TIM-CONNECTOR,RETIRE_FROM_CORE,DECIDED_RETIRE_FROM_CORE,Customer access batch is excluded; independently specified time connector contracts do not authorize legacy reuse
