package_code,display_name_ko,package_category,canonical_app_entitlement,atomic_duty_codes,default_population,default_field_groups,risk_tier,sod_rule_codes,review_policy,principal_types,assignment_mechanism,implementation_status,derived_menu_node_keys
HRIS_EMPLOYEE,직원 셀프서비스,EMPLOYEE,APP.HCM:VIEW,HRIS_DUTY_SELF_PROFILE_READER|HRIS_DUTY_SELF_PROFILE_EDITOR|HRIS_DUTY_SELF_TIME_READER|HRIS_DUTY_SELF_TIME_SUBMITTER|HRIS_DUTY_SELF_ABSENCE_READER|HRIS_DUTY_SELF_ABSENCE_REQUESTER|HRIS_DUTY_SELF_PAY_STATEMENT_READER|HRIS_DUTY_SELF_PERFORMANCE_READER|HRIS_DUTY_APP_SHELL_READER|HRIS_DUTY_CHECKIN_PARTICIPANT|HRIS_DUTY_COMMAND_RECEIPT_READER|HRIS_DUTY_FEEDBACK_REQUESTER|HRIS_DUTY_PERFORMANCE_COMMAND_RECEIPT_READER|HRIS_DUTY_PERFORMANCE_CYCLE_READER|HRIS_DUTY_SELF_CERTIFICATE_REQUESTER|HRIS_DUTY_SELF_GOAL_AUTHOR|HRIS_DUTY_SELF_PAY_STATEMENT_DOWNLOADER|HRIS_DUTY_SELF_PERFORMANCE_APPELLANT|HRIS_DUTY_SELF_REVIEWER|HRIS_DUTY_SELF_YEAR_END_CASE_EDITOR|HRIS_DUTY_SKILL_TAXONOMY_READER|HRIS_DUTY_GROWTH_PROFILE_SELF_READER|HRIS_DUTY_GROWTH_PROFILE_SELF_EDITOR|HRIS_DUTY_ONBOARDING_SELF_READER|HRIS_DUTY_ONBOARDING_TASK_COMPLETER|HRIS_DUTY_LEARNING_SELF_READER|HRIS_DUTY_LEARNING_SELF_ENROLLER|HRIS_DUTY_OPPORTUNITY_SELF_READER|HRIS_DUTY_OPPORTUNITY_SELF_APPLICANT|HRIS_DUTY_BENEFITS_SELF_READER|HRIS_DUTY_BENEFITS_SELF_ENROLLER|HRIS_DUTY_HR_SERVICE_SELF_REQUESTER|HRIS_DUTY_LISTENING_RESPONDENT|HRIS_DUTY_AI_ASSISTANT_USER|HRIS_DUTY_SELF_REQUEST_READER|HRIS_DUTY_AI_ASSISTANT_READER|HRIS_DUTY_LISTENING_SELF_READER,SELF,SELF_PROFILE|SELF_TIME|SELF_LEAVE|SELF_PAY|SELF_PERFORMANCE,LOW,,On employment status change,USER|GROUP,PRODUCT_ACCESS_PACKAGE_OR_WORKER_AUTO_POLICY,TARGET_NEW,hcm.personal.profile|hcm.personal.time|hcm.personal.leave|hcm.personal.pay|hcm.personal.performance
HRIS_LINE_MANAGER,조직 관리자,MANAGER,APP.HCM:VIEW,HRIS_DUTY_MANAGER_TEAM_READER|HRIS_DUTY_MANAGER_TIME_APPROVER|HRIS_DUTY_MANAGER_ABSENCE_APPROVER|HRIS_DUTY_MANAGER_PEOPLE_CHANGE_REQUESTER|HRIS_DUTY_MANAGER_PERFORMANCE_REVIEWER|HRIS_DUTY_COMMAND_RECEIPT_READER|HRIS_DUTY_PERFORMANCE_COMMAND_RECEIPT_READER|HRIS_DUTY_PERFORMANCE_CYCLE_READER|HRIS_DUTY_GROWTH_MANAGER_COACH|HRIS_DUTY_PEOPLE_ANALYTICS_READER|HRIS_DUTY_AI_ASSISTANT_USER|HRIS_DUTY_MANAGER_PEOPLE_CHANGE_READER|HRIS_DUTY_AI_ASSISTANT_READER|HRIS_DUTY_APP_SHELL_READER|HRIS_DUTY_TEAM_WORKBENCH_READER,DIRECT_REPORTS|APPROVED_DELEGATION,DIRECTORY|LIMITED_EMPLOYMENT|TIME_DETAIL|ABSENCE_REQUEST|ABSENCE_REASON_MINIMIZED|PERFORMANCE_ASSIGNED,HIGH,SOD_HRIS_AUDIT_INDEPENDENCE,On relationship or delegation change,USER|GROUP,PRODUCT_ACCESS_PACKAGE_AND_LIVE_RELATIONSHIP,TARGET_NEW,hcm.team.members|hcm.team.time|hcm.team.leave|hcm.team.people-changes|hcm.team.performance
HRIS_HR_BUSINESS_PARTNER,HR 비즈니스 파트너,OPERATIONS,APP.HCM:VIEW,HRIS_DUTY_CORE_VIEWER|HRIS_DUTY_CORE_EDITOR|HRIS_DUTY_ASSIGNMENT_MAKER|HRIS_DUTY_CERTIFICATE_ISSUER|HRIS_DUTY_COMMAND_RECEIPT_READER|HRIS_DUTY_CONTRACT_ISSUER|HRIS_DUTY_ORGANIZATION_VIEWER|HRIS_DUTY_SEPARATION_MAKER|HRIS_DUTY_RECRUITING_VIEWER|HRIS_DUTY_RECRUITING_OPERATOR|HRIS_DUTY_ONBOARDING_OPERATOR|HRIS_DUTY_OPPORTUNITY_OPERATOR|HRIS_DUTY_WORKFORCE_PLAN_VIEWER|HRIS_DUTY_WORKFORCE_PLAN_MODELER|HRIS_DUTY_BENEFITS_OPERATOR|HRIS_DUTY_HR_SERVICE_CASE_WORKER|HRIS_DUTY_LISTENING_COHORT_READER|HRIS_DUTY_CONTINGENT_VIEWER|HRIS_DUTY_CONTINGENT_OPERATOR|HRIS_DUTY_PEOPLE_ANALYTICS_READER|HRIS_DUTY_AI_ASSISTANT_USER|HRIS_DUTY_COMPENSATION_PLAN_PROPOSER|HRIS_DUTY_OPERATION_EXCEPTION_READER|HRIS_DUTY_ONBOARDING_OPERATIONS_READER|HRIS_DUTY_OPPORTUNITY_OPERATIONS_READER|HRIS_DUTY_BENEFITS_OPERATIONS_READER|HRIS_DUTY_AI_ASSISTANT_READER|HRIS_DUTY_APP_SHELL_READER|HRIS_DUTY_HR_SERVICE_READER,ORG_TREE|LEGAL_ENTITY|NAMED_POPULATION|AUTHORIZED_PACKAGE_SCOPE,DIRECTORY|EMPLOYMENT|ORGANIZATION|COMPENSATION_PLAN|BUDGET_LEDGER|PROPOSAL|OPERATION_EXCEPTION|OWNER_DEEP_LINK|RECOVERY_METADATA|REDACTED_PAYLOAD,HIGH,SOD_HRIS_AUDIT_INDEPENDENCE,Quarterly,USER|GROUP,PRODUCT_ACCESS_PACKAGE,TARGET_NEW,hcm.operations.people|hcm.operations.compensation-planning|hcm.operations.hris-exceptions
HRIS_HR_LIFECYCLE_APPROVER,인사변경 승인자,OPERATIONS,APP.HCM:VIEW,HRIS_DUTY_CORE_VIEWER|HRIS_DUTY_CORE_APPROVER|HRIS_DUTY_COMMAND_RECEIPT_READER|HRIS_DUTY_RECRUITING_DECIDER|HRIS_DUTY_WORKFORCE_PLAN_PUBLISHER|HRIS_DUTY_CONTINGENT_OFFBOARD_OPERATOR,ORG_TREE,DIRECTORY|EMPLOYMENT|ORGANIZATION,HIGH,SOD_HRIS_AUDIT_INDEPENDENCE,Quarterly,USER|GROUP,PRODUCT_ACCESS_PACKAGE,TARGET_NEW,hcm.operations.people|hcm.operations.people-changes
HRIS_HR_SENSITIVE_DATA_READER,민감 인사정보 조회자,OPERATIONS,APP.HCM:VIEW,HRIS_DUTY_CORE_VIEWER|HRIS_DUTY_SENSITIVE_VIEWER|HRIS_DUTY_SUCCESSION_RESTRICTED_VIEWER|HRIS_DUTY_HR_SERVICE_RESTRICTED_ASSIGNER,NAMED_POPULATION,DIRECTORY|EMPLOYMENT|ORGANIZATION|PERSONAL_IDENTIFIER|CONTACT|DOCUMENT_CONTENT,CRITICAL,SOD_HRIS_AUDIT_INDEPENDENCE,Monthly,USER|GROUP,PRODUCT_ACCESS_PACKAGE,TARGET_NEW,hcm.operations.people|hcm.operations.people-sensitive
HRIS_HR_COMPENSATION_READER,보상정보 조회자,OPERATIONS,APP.HCM:VIEW,HRIS_DUTY_COMPENSATION_VIEWER|HRIS_DUTY_COMPENSATION_PLAN_VIEWER,LEGAL_ENTITY|PAY_GROUP|NAMED_POPULATION|ORG_TREE,COMPENSATION|COMPENSATION_PLAN|BUDGET_MASKED,CRITICAL,SOD_HRIS_AUDIT_INDEPENDENCE,Monthly,USER|GROUP,PRODUCT_ACCESS_PACKAGE,TARGET_NEW,hcm.operations.compensation|hcm.operations.compensation-planning
HRIS_WORKFORCE_EXPORT_OPERATOR,인사정보 반출 담당자,OPERATIONS,APP.HCM:VIEW,HRIS_DUTY_CORE_VIEWER|HRIS_DUTY_WORKFORCE_EXPORTER|HRIS_DUTY_PEOPLE_ANALYTICS_EXPORTER,NAMED_POPULATION,DIRECTORY|EMPLOYMENT|ORGANIZATION|APPROVED_EXPORT_FIELDS,CRITICAL,SOD_HRIS_AUDIT_INDEPENDENCE,Per export purpose and monthly,USER|GROUP,PRODUCT_ACCESS_PACKAGE,TARGET_NEW,hcm.operations.people|hcm.controlled-export
HRIS_TIMEKEEPER,근태 운영자,OPERATIONS,APP.HCM:VIEW,HRIS_DUTY_TIME_OPERATOR|HRIS_DUTY_TIME_EXPORTER|HRIS_DUTY_WFM_VIEWER|HRIS_DUTY_WFM_OPTIMIZER|HRIS_DUTY_OPERATION_EXCEPTION_READER|HRIS_DUTY_COMMAND_RECEIPT_READER|HRIS_DUTY_TIME_OPERATIONS_READER,ORG_TREE|LEGAL_ENTITY|AUTHORIZED_PACKAGE_SCOPE,TIME_DETAIL|LIMITED_PROFILE|OPERATION_EXCEPTION|OWNER_DEEP_LINK|RECOVERY_METADATA|REDACTED_PAYLOAD|COMMAND_RECEIPT,HIGH,SOD_HRIS_AUDIT_INDEPENDENCE,Quarterly,USER|GROUP,PRODUCT_ACCESS_PACKAGE,TARGET_NEW,hcm.operations.time|hcm.operations.hris-exceptions
HRIS_TIME_APPROVER,근태 승인자,OPERATIONS,APP.HCM:VIEW,HRIS_DUTY_TIME_APPROVER|HRIS_DUTY_COMMAND_RECEIPT_READER,ORG_TREE|LEGAL_ENTITY,TIME_DETAIL|LIMITED_PROFILE|COMMAND_RECEIPT,HIGH,SOD_HRIS_AUDIT_INDEPENDENCE,Quarterly,USER|GROUP,PRODUCT_ACCESS_PACKAGE,TARGET_NEW,hcm.operations.time-approval
HRIS_TIME_CONTROLLER,근태 마감 담당자,OPERATIONS,APP.HCM:VIEW,HRIS_DUTY_TIME_CLOSE_OPERATOR|HRIS_DUTY_TIME_REOPEN_OPERATOR|HRIS_DUTY_WFM_PUBLISHER|HRIS_DUTY_OPERATION_EXCEPTION_READER|HRIS_DUTY_COMMAND_RECEIPT_READER,LEGAL_ENTITY|TIME_GROUP|AUTHORIZED_PACKAGE_SCOPE,TIME_RESULT|LIMITED_PROFILE|OPERATION_EXCEPTION|OWNER_DEEP_LINK|RECOVERY_METADATA|REDACTED_PAYLOAD|COMMAND_RECEIPT,CRITICAL,SOD_HRIS_AUDIT_INDEPENDENCE,Per close period and quarterly,USER|GROUP,PRODUCT_ACCESS_PACKAGE,TARGET_NEW,hcm.operations.time-close|hcm.operations.hris-exceptions
HRIS_LEAVE_ADMINISTRATOR,휴가 운영자,OPERATIONS,APP.HCM:VIEW,HRIS_DUTY_ABSENCE_OPERATOR|HRIS_DUTY_OPERATION_EXCEPTION_READER|HRIS_DUTY_COMMAND_RECEIPT_READER,ORG_TREE|LEGAL_ENTITY|AUTHORIZED_PACKAGE_SCOPE,ABSENCE_BALANCE|ABSENCE_REASON_EVIDENCE|LIMITED_PROFILE|OPERATION_EXCEPTION|OWNER_DEEP_LINK|RECOVERY_METADATA|REDACTED_PAYLOAD|COMMAND_RECEIPT,HIGH,SOD_HRIS_AUDIT_INDEPENDENCE,Quarterly,USER|GROUP,PRODUCT_ACCESS_PACKAGE,TARGET_NEW,hcm.operations.leave|hcm.operations.hris-exceptions
HRIS_LEAVE_APPROVER,휴가 승인자,OPERATIONS,APP.HCM:VIEW,HRIS_DUTY_ABSENCE_APPROVER|HRIS_DUTY_COMMAND_RECEIPT_READER,ORG_TREE|LEGAL_ENTITY,ABSENCE_REQUEST|ABSENCE_REASON_MINIMIZED|COMMAND_RECEIPT,HIGH,SOD_HRIS_AUDIT_INDEPENDENCE,Quarterly,USER|GROUP,PRODUCT_ACCESS_PACKAGE,TARGET_NEW,hcm.operations.leave-approval
HRIS_LEAVE_BALANCE_ADJUSTER,휴가잔액 조정자,OPERATIONS,APP.HCM:VIEW,HRIS_DUTY_ABSENCE_BALANCE_ADJUSTER,ORG_TREE|LEGAL_ENTITY,ABSENCE_BALANCE,CRITICAL,SOD_HRIS_LEAVE_ADJUST_FOUR_EYES|SOD_HRIS_AUDIT_INDEPENDENCE,Monthly,USER|GROUP,PRODUCT_ACCESS_PACKAGE,TARGET_NEW,hcm.operations.leave-balance
HRIS_LEAVE_ADJUSTMENT_APPROVER,휴가잔액 조정 승인자,OPERATIONS,APP.HCM:VIEW,HRIS_DUTY_ABSENCE_ADJUSTMENT_APPROVER,ORG_TREE|LEGAL_ENTITY,ABSENCE_BALANCE,CRITICAL,SOD_HRIS_LEAVE_ADJUST_FOUR_EYES|SOD_HRIS_AUDIT_INDEPENDENCE,Monthly,USER|GROUP,PRODUCT_ACCESS_PACKAGE,TARGET_NEW,hcm.operations.leave-balance
HRIS_PAYROLL_SUPPORT_VIEWER,급여지원 조회자,OPERATIONS,APP.HCM:VIEW,HRIS_DUTY_PAYROLL_SUPPORT_VIEWER,LEGAL_ENTITY|PAY_GROUP|NAMED_POPULATION,PAY_RESULT_MASKED,HIGH,"",Monthly,USER|GROUP,PRODUCT_ACCESS_PACKAGE,TARGET_NEW,hcm.operations.payroll-support
HRIS_PAYROLL_SPECIALIST,급여 입력 담당자,OPERATIONS,APP.HCM:VIEW,HRIS_DUTY_PAYROLL_PREPARER|HRIS_DUTY_COMMAND_RECEIPT_READER,LEGAL_ENTITY|PAY_GROUP,COMPENSATION|PAY_INPUT|TAX_LIMITED|COMMAND_RECEIPT,CRITICAL,SOD_HRIS_PAYROLL_PREPARE_APPROVE|SOD_HRIS_PAYROLL_PREPARE_RELEASE|SOD_HRIS_AUDIT_INDEPENDENCE,Per payroll period and quarterly,USER|GROUP,PRODUCT_ACCESS_PACKAGE,TARGET_NEW,hcm.operations.payroll-inputs
HRIS_PAYROLL_RUN_OPERATOR,급여 계산 실행자,OPERATIONS,APP.HCM:VIEW,HRIS_DUTY_PAYROLL_RUN_OPERATOR|HRIS_DUTY_OPERATION_EXCEPTION_READER|HRIS_DUTY_COMMAND_RECEIPT_READER,LEGAL_ENTITY|PAY_GROUP|AUTHORIZED_PACKAGE_SCOPE,PAY_INPUT|PAY_RESULT|OPERATION_EXCEPTION|OWNER_DEEP_LINK|RECOVERY_METADATA|REDACTED_PAYLOAD|COMMAND_RECEIPT,CRITICAL,SOD_HRIS_PAYROLL_RUN_RELEASE|SOD_HRIS_AUDIT_INDEPENDENCE,Per payroll period and quarterly,USER|GROUP,PRODUCT_ACCESS_PACKAGE,TARGET_NEW,hcm.operations.payroll-run|hcm.operations.hris-exceptions
HRIS_PAYROLL_VALIDATOR,급여 검증자,OPERATIONS,APP.HCM:VIEW,HRIS_DUTY_PAYROLL_VALIDATOR|HRIS_DUTY_COMMAND_RECEIPT_READER,LEGAL_ENTITY|PAY_GROUP,PAY_RESULT|TAX_LIMITED|COMMAND_RECEIPT,CRITICAL,SOD_HRIS_AUDIT_INDEPENDENCE,Per payroll period and quarterly,USER|GROUP,PRODUCT_ACCESS_PACKAGE,TARGET_NEW,hcm.operations.payroll-validate
HRIS_PAYROLL_CONTROLLER,급여 승인자,OPERATIONS,APP.HCM:VIEW,HRIS_DUTY_PAYROLL_APPROVER|HRIS_DUTY_COMPENSATION_PLAN_APPROVER|HRIS_DUTY_OPERATION_EXCEPTION_READER|HRIS_DUTY_COMMAND_RECEIPT_READER,LEGAL_ENTITY|PAY_GROUP|ORG_TREE|NAMED_POPULATION|AUTHORIZED_PACKAGE_SCOPE,PAY_RESULT|TAX_LIMITED|COMPENSATION_PLAN|BUDGET_LEDGER|IMPACT_SUMMARY|OPERATION_EXCEPTION|OWNER_DEEP_LINK|RECOVERY_METADATA|REDACTED_PAYLOAD|COMMAND_RECEIPT,CRITICAL,SOD_HRIS_PAYROLL_PREPARE_APPROVE|SOD_HRIS_PAYROLL_APPROVE_RELEASE|SOD_HRIS_AUDIT_INDEPENDENCE,Per payroll period and quarterly,USER|GROUP,PRODUCT_ACCESS_PACKAGE,TARGET_NEW,hcm.operations.payroll-approve|hcm.operations.compensation-planning|hcm.operations.hris-exceptions
HRIS_PAYROLL_RELEASE_OFFICER,급여 지급·명세 게시자,OPERATIONS,APP.HCM:VIEW,HRIS_DUTY_PAYROLL_RELEASER|HRIS_DUTY_PAYROLL_EXPORTER|HRIS_DUTY_COMMAND_RECEIPT_READER,LEGAL_ENTITY|PAY_GROUP,PAY_RESULT|PAY_STATEMENT|BANK_PAYMENT|COMMAND_RECEIPT,CRITICAL,SOD_HRIS_PAYROLL_PREPARE_RELEASE|SOD_HRIS_PAYROLL_RUN_RELEASE|SOD_HRIS_PAYROLL_APPROVE_RELEASE|SOD_HRIS_BANK_RELEASE|SOD_HRIS_AUDIT_INDEPENDENCE,Per payroll period and monthly,USER|GROUP,PRODUCT_ACCESS_PACKAGE,TARGET_NEW,hcm.operations.payroll-release
HRIS_PAYROLL_ACCOUNTING,급여 회계 담당자,OPERATIONS,APP.HCM:VIEW,HRIS_DUTY_PAYROLL_ACCOUNTING_POSTER|HRIS_DUTY_COMMAND_RECEIPT_READER,LEGAL_ENTITY|PAY_GROUP,PAY_RESULT|ACCOUNTING|COMMAND_RECEIPT,CRITICAL,SOD_HRIS_AUDIT_INDEPENDENCE,Per payroll period and quarterly,USER|GROUP,PRODUCT_ACCESS_PACKAGE,TARGET_NEW,hcm.operations.payroll-accounting
HRIS_BANK_TAX_MAINTAINER,계좌·세무정보 관리자,OPERATIONS,APP.HCM:VIEW,HRIS_DUTY_BANK_TAX_MAINTAINER,LEGAL_ENTITY|PAY_GROUP|NAMED_POPULATION,BANK_PAYMENT|TAX_SOCIAL_INSURANCE|PERSONAL_IDENTIFIER,CRITICAL,SOD_HRIS_BANK_RELEASE|SOD_HRIS_AUDIT_INDEPENDENCE,Monthly,USER|GROUP,PRODUCT_ACCESS_PACKAGE,TARGET_NEW,hcm.operations.bank-tax
HRIS_STATUTORY_OPERATOR,법정업무 담당자,OPERATIONS,APP.HCM:VIEW,HRIS_DUTY_STATUTORY_OPERATOR|HRIS_DUTY_COMMAND_RECEIPT_READER,LEGAL_ENTITY|PAY_GROUP,TAX_SOCIAL_INSURANCE|RETIREMENT|YEAR_END|LIMITED_PROFILE|COMMAND_RECEIPT,CRITICAL,SOD_HRIS_AUDIT_INDEPENDENCE,Quarterly and on country-pack change,USER|GROUP,PRODUCT_ACCESS_PACKAGE,TARGET_NEW,hcm.operations.statutory
HRIS_PERFORMANCE_OPERATOR,성과 운영자,OPERATIONS,APP.HCM:VIEW,HRIS_DUTY_PERFORMANCE_OPERATOR|HRIS_DUTY_PERFORMANCE_COMMAND_RECEIPT_READER|HRIS_DUTY_PERFORMANCE_CYCLE_READER|HRIS_DUTY_PERFORMANCE_DATA_EXCHANGE_OPERATOR|HRIS_DUTY_SKILL_EVIDENCE_VERIFIER|HRIS_DUTY_LEARNING_OPERATOR|HRIS_DUTY_OPERATION_EXCEPTION_READER|HRIS_DUTY_PERFORMANCE_OPERATIONS_READER|HRIS_DUTY_LEARNING_OPERATIONS_READER,ORG_TREE|NAMED_POPULATION|AUTHORIZED_PACKAGE_SCOPE,PERFORMANCE|LIMITED_PROFILE|OPERATION_EXCEPTION|OWNER_DEEP_LINK|RECOVERY_METADATA|REDACTED_PAYLOAD,HIGH,SOD_HRIS_AUDIT_INDEPENDENCE,Per performance cycle,USER|GROUP,PRODUCT_ACCESS_PACKAGE,TARGET_NEW,hcm.operations.performance|hcm.operations.hris-exceptions
HRIS_PERFORMANCE_CALIBRATOR,성과 보정자,OPERATIONS,APP.HCM:VIEW,HRIS_DUTY_PERFORMANCE_CALIBRATOR|HRIS_DUTY_PERFORMANCE_COMMAND_RECEIPT_READER|HRIS_DUTY_SUCCESSION_PLANNER,NAMED_POPULATION,PERFORMANCE_PRIVATE,CRITICAL,SOD_HRIS_PERFORMANCE_CALIBRATE_PUBLISH|SOD_HRIS_AUDIT_INDEPENDENCE,Per performance cycle,USER|GROUP,PRODUCT_ACCESS_PACKAGE,TARGET_NEW,hcm.operations.performance-calibration
HRIS_PERFORMANCE_RESULT_PUBLISHER,성과 결과 공개자,OPERATIONS,APP.HCM:VIEW,HRIS_DUTY_PERFORMANCE_RESULT_PUBLISHER|HRIS_DUTY_PERFORMANCE_COMMAND_RECEIPT_READER|HRIS_DUTY_SUCCESSION_PUBLISHER,NAMED_POPULATION,PERFORMANCE_PRIVATE,CRITICAL,SOD_HRIS_PERFORMANCE_CALIBRATE_PUBLISH|SOD_HRIS_AUDIT_INDEPENDENCE,Per performance cycle,USER|GROUP,PRODUCT_ACCESS_PACKAGE,TARGET_NEW,hcm.operations.performance-results
HRIS_CONFIG_AUTHOR,HRIS 설정 설계자,CONFIGURATION,APP.HCM:VIEW,HRIS_DUTY_POLICY_AUTHOR|HRIS_DUTY_SKILL_TAXONOMY_AUTHOR|HRIS_DUTY_LISTENING_SURVEY_AUTHOR|HRIS_DUTY_PEOPLE_ANALYTICS_METRIC_AUTHOR|HRIS_DUTY_AI_POLICY_AUTHOR|HRIS_DUTY_COMMAND_RECEIPT_READER|HRIS_DUTY_CONFIGURATION_WORKBENCH_READER|HRIS_DUTY_APP_SHELL_READER,POLICY_NODE|LEGAL_ENTITY,CONFIGURATION|COMMAND_RECEIPT,HIGH,SOD_HRIS_CONFIG_FOUR_EYES|SOD_HRIS_AUDIT_INDEPENDENCE,Quarterly and on ownership change,USER|GROUP,PRODUCT_ACCESS_PACKAGE,TARGET_NEW,hcm.management.hris-policy
HRIS_CONFIG_PUBLISHER,HRIS 설정 게시자,CONFIGURATION,APP.HCM:VIEW,HRIS_DUTY_POLICY_PUBLISHER|HRIS_DUTY_PERFORMANCE_COMMAND_RECEIPT_READER|HRIS_DUTY_AI_KILL_SWITCH_OPERATOR|HRIS_DUTY_COMMAND_RECEIPT_READER,POLICY_NODE|LEGAL_ENTITY,CONFIGURATION|IMPACT_SUMMARY|COMMAND_RECEIPT,CRITICAL,SOD_HRIS_CONFIG_FOUR_EYES|SOD_HRIS_AUDIT_INDEPENDENCE,Every publication and quarterly,USER|GROUP,PRODUCT_ACCESS_PACKAGE,TARGET_NEW,hcm.management.hris-policy
HRIS_INTEGRATION_AUTHOR,HRIS 연계 설계자,CONFIGURATION,APP.HCM:VIEW,HRIS_DUTY_INTEGRATION_AUTHOR|HRIS_DUTY_CONTROLLED_TRANSFER_READER|HRIS_DUTY_COMMAND_RECEIPT_READER,CONNECTOR_SET|LEGAL_ENTITY,INTEGRATION_METADATA|REDACTED_PAYLOAD|TRANSFER_METADATA|COMMAND_RECEIPT,HIGH,SOD_HRIS_INTEGRATION_FOUR_EYES|SOD_HRIS_AUDIT_INDEPENDENCE,Quarterly,USER|GROUP,PRODUCT_ACCESS_PACKAGE,TARGET_NEW,hcm.management.hris-integrations
HRIS_INTEGRATION_EXECUTOR,HRIS 연계 실행자,CONFIGURATION,APP.HCM:VIEW,HRIS_DUTY_INTEGRATION_EXECUTOR|HRIS_DUTY_COMMAND_RECEIPT_READER|HRIS_DUTY_CONTROLLED_TRANSFER_READER|HRIS_DUTY_CONTROLLED_TRANSFER_CREATOR|HRIS_DUTY_OPERATION_EXCEPTION_READER,CONNECTOR_SET|LEGAL_ENTITY|AUTHORIZED_PACKAGE_SCOPE,INTEGRATION_METADATA|REDACTED_PAYLOAD|TRANSFER_METADATA|COMMAND_RECEIPT|TRANSFER_REQUEST|OBJECT_REFERENCE|MALWARE_SCAN_RECEIPT|OPERATION_EXCEPTION|OWNER_DEEP_LINK|RECOVERY_METADATA,CRITICAL,SOD_HRIS_INTEGRATION_FOUR_EYES|SOD_HRIS_AUDIT_INDEPENDENCE,Monthly,USER|GROUP,PRODUCT_ACCESS_PACKAGE,TARGET_NEW,hcm.management.hris-integrations|hcm.operations.hris-exceptions
HRIS_AUDITOR,HRIS 전사 감사자,AUDIT,APP.HCM:VIEW,HRIS_DUTY_AUDITOR|HRIS_DUTY_LISTENING_COHORT_READER|HRIS_DUTY_PEOPLE_ANALYTICS_READER|HRIS_DUTY_OPERATION_EXCEPTION_READER|HRIS_DUTY_APP_SHELL_READER,LEGAL_ENTITY|NAMED_POPULATION|AUTHORIZED_PACKAGE_SCOPE,AUDIT_PROJECTION|MASKED_SENSITIVE|OPERATION_EXCEPTION|OWNER_DEEP_LINK|RECOVERY_METADATA|REDACTED_PAYLOAD,HIGH,SOD_HRIS_AUDIT_INDEPENDENCE,Quarterly,USER|GROUP,PRODUCT_ACCESS_PACKAGE,TARGET_NEW,hcm.audit.hris|hcm.operations.hris-exceptions
