prep_id,required_before,category,item,owner,status,blocking_scope,exit_evidence
"G0-01","G3_START","INTEGRATION_BASELINE","backend clean integration commit 및 재현 명령 고정","ROLE.INTEGRATION_CONTROL","CLOSED","CORE_G3","g0/integration-baseline-manifest.csv#BASE-BACKEND; g0/target-command-evidence-backend.json; backend 6f1ed92d2610ace3df75f094297032e8b476ef5d"
"G0-02","G3_START","INTEGRATION_BASELINE","frontend clean integration commit 및 재현 명령 고정","ROLE.INTEGRATION_CONTROL","CLOSED","CORE_G3","g0/integration-baseline-manifest.csv#BASE-FRONTEND; g0/target-command-evidence-frontend.json; frontend 20699c09fa2ced2a649ab4c9a59ae3189f431c9e"
"G0-03","G3_START","WORKTREE_ISOLATION","5개 모듈과 control의 paired backend/frontend worktree·branch·owner 고정","ROLE.INTEGRATION_CONTROL","CLOSED","CORE_G3","g0/worktree-branch-register.csv; 12 clean control/module worktrees at current baseline"
"G0-04","G3_START","OWNERSHIP","allowed/forbidden glob·중앙 single-writer·신규 파일·Flyway 구간 할당","ROLE.INTEGRATION_CONTROL|ROLE.HRIS_HRM_ENGINEERING|ROLE.HRIS_PER_ENGINEERING|ROLE.HRIS_PAY_ENGINEERING|ROLE.HRIS_TIM_ENGINEERING|ROLE.HRIS_SYS_ENGINEERING","CLOSED","CORE_G3","g0/file-ownership-register.csv; g0/new-file-allocation-register.csv; g0/migration-allocation-register.csv"
"G0-05","G3_START","INTEGRATION_CADENCE","contract review·continuous build·coverage merge·checkpoint·복구 주기 고정","ROLE.INTEGRATION_CONTROL","CLOSED","CORE_G3","g0/integration-cadence-and-recovery.md; g0/build-matrix.csv; g0/checkpoint-register.csv; g0/validate_code_checkpoint.py"
"G0-06","G3_START","ENGINEERING_ACCOUNTABILITY","5개 모듈과 통합 통제의 stable engineering role·RACI·SLA 고정","ROLE.PROGRAM_OWNER","CLOSED","CORE_G3","g0/role-register.csv; g0/role-operational-binding-register.csv; g0/raci-sla-register.csv; coding-readiness/cross-cutting-ownership-register.csv; 실명 production approval은 G6 분리"
"G0-07","G3_START","SOURCE_GOVERNANCE","SKKF source 취급·BENSK/ADDSK 격리·OSS/SBOM·비밀정보 통제 및 behavioral reimplementation 모드 고정","ROLE.LEGAL_SOURCE_RIGHTS|ROLE.SECURITY_AUTHORITY|ROLE.ARCHITECTURE_AUTHORITY|ROLE.OSS_COMPLIANCE","CLOSED","CORE_G3","g0/source-governance-decision.md; g0/source-security-evidence/EVIDENCE_DIGEST.sha256; BEHAVIORAL_REIMPLEMENTATION_NO_CODE_REUSE"
"G0-08","G3_START","SESSION_EXECUTION_ENVIRONMENT","12개 target worktree와 18개 read-only support checkout의 toolchain·dependency·명령 receipt 및 공통 host semaphore 검증","ROLE.INTEGRATION_CONTROL","VALIDATOR_CONTROLLED","CORE_G3","fresh g0/session-environment-evidence.json; capture_session_environment_evidence.py self-test; host_semaphore.py key hris-verification; exact worktree/support receipt closure"
"G1-01","G6_PARITY_IF_CONTRACTED","OPTIONAL_LEGACY_PARITY","SKKF 운영 메뉴·program·role-menu·access-log export","ROLE.HRIS_SYS_PRODUCT_OWNER|CUSTOMER_ADMIN","DEFERRED_G6_PARITY","EXACT_LEGACY_OPERATIONAL_PARITY_ONLY","coding-readiness/external-input-classification-register.csv#EXT-001; DWP capability/access-package 모델과 synthetic negative matrix로 core 구현"
"G1-02","G6_PARITY_IF_CONTRACTED","OPTIONAL_LEGACY_PARITY","SKKF HRM 동적 tab·element·field permission export","ROLE.HRIS_SYS_PRODUCT_OWNER|ROLE.HRIS_HRM_PRODUCT_OWNER|ROLE.SECURITY_AUTHORITY","DEFERRED_G6_PARITY","EXACT_LEGACY_FIELD_PERMISSION_PARITY_ONLY","coding-readiness/external-input-classification-register.csv#EXT-001; DWP atomic-duty/population/field/purpose/SoD 계약으로 core 구현"
"G1-03","G6_MIGRATION_IF_CONTRACTED","OPTIONAL_MIGRATION_PARITY","SKKF 운영 DDL·index·FK·trigger·view·procedure·실행계획","ROLE.DBA_AUTHORITY|DOMAIN_OWNERS","DEFERRED_G6_MIGRATION_PARITY","CONTRACTED_SOURCE_DATA_MIGRATION_OR_RECONCILIATION_ONLY","coding-readiness/external-input-classification-register.csv#EXT-002; target optimized physical blueprint을 core 정본으로 사용"
"G1-04","G6_MIGRATION_IF_CONTRACTED","OPTIONAL_MIGRATION_PARITY","SKKF batch catalog·schedule·parameter·dependency·run history","ROLE.HRIS_SYS_PRODUCT_OWNER|ROLE.HRIS_PAY_PRODUCT_OWNER|ROLE.HRIS_TIM_PRODUCT_OWNER","DEFERRED_G6_MIGRATION_PARITY","CONTRACTED_LEGACY_RUN_PARITY_ONLY","coding-readiness/external-input-classification-register.csv#EXT-002; 중앙 automation handler·idempotency·receipt·recovery 계약으로 core 구현"
"G1-05","G6_CONNECTOR_ACTIVATION","CONNECTOR_EVIDENCE","ERP·은행·세무·보험·타각·고객 legacy 계약·표본·credential·SLA","ROLE.HRIS_SYS_PRODUCT_OWNER|DOMAIN_OWNERS","DEFERRED_G6_CONNECTOR_ACTIVATION","AFFECTED_CONNECTOR_OR_TENANT_ACTIVATION_ONLY","coding-readiness/activation-gate-register.csv#ACT-G6-ERP|ACT-G6-BANK|ACT-G6-TAX-INSURANCE|ACT-G6-CLOCK|ACT-G6-CUSTOM-LEGACY; provider-neutral SPI·mock transport·receipt로 core 구현"
"G1-06","G3_START","SOURCE_TO_TARGET_TRACEABILITY","5개 모듈 source parent·child·disposition·owner·acceptance evidence 완결성","ROLE.INTEGRATION_CONTROL|MODULE_ENGINEERING_ROLES","CLOSED_INTERNAL","CORE_G3","five-session-source-coverage-register.csv parent 2269 decided 2269 unknown 0; session-evidence/*/g1-child-trace.csv child 10001; module validators PASS"
"G2-01","G6_TENANT_ACTIVATION","REAL_CUSTOMER_GOLDEN_UAT","tenant별 실제 근무제·급여군·평가주기·고객 데이터·기대결과 승인","ROLE.QA_EVIDENCE|DOMAIN_SMES|CUSTOMER_OWNER","DEFERRED_G6_TENANT_UAT","AFFECTED_TENANT_ACTIVATION_ONLY","coding-readiness/activation-gate-register.csv#ACT-G6-TENANT-CONFIG|ACT-G6-CUSTOMER-DATA; versioned synthetic cross-module golden으로 core 구현"
"G2-02","G6_PROVIDER_ACTIVATION","YEA_PROVIDER_BOUNDARY","YEA provider 계약·schema·법정 oracle·운영 소유·certification","ROLE.HRIS_PAY_PRODUCT_OWNER|ROLE.KR_PAY_STATUTORY","DEFERRED_G6_PROVIDER_ACTIVATION","YEA_CAPABILITY_ACTIVATION_ONLY","coding-readiness/activation-gate-register.csv#ACT-G6-YEA; provider-neutral port와 disabled fake adapter로 core 구현"
"G2-03","G6_COUNTRY_PACK_ACTIVATION","KR_STATUTORY_PACK","KR 법정 규칙·시행일·반올림·신고포맷·서명 regression pack","ROLE.KR_LABOR_STATUTORY|ROLE.KR_PAY_STATUTORY","DEFERRED_G6_COUNTRY_PACK","KR_TIME_PAY_STATUTORY_ACTIVATION_ONLY","coding-readiness/activation-gate-register.csv#ACT-G6-KR-TIME|ACT-G6-KR-PAY; TEST_ONLY provider로 core 구현"
"G2-04","G3_START","TARGET_PHYSICAL_MODEL","aggregate별 PK/UK/FK·tenant key·effective date·constraint·index·RLS·retention·projection·migration blueprint","ROLE.HRIS_HRM_ENGINEERING|ROLE.HRIS_PER_ENGINEERING|ROLE.HRIS_PAY_ENGINEERING|ROLE.HRIS_TIM_ENGINEERING|ROLE.HRIS_SYS_ENGINEERING","CLOSED_INTERNAL","CORE_G3","session-evidence/hrm/g2-readiness/physical-schema-blueprint.sql; session-evidence/per/g2-readiness/physical-schema.sql; session-evidence/tim/g2-physical-schema.sql; session-evidence/pay/g2-physical-schema.sql; session-evidence/sys/g2-physical-schema.sql; module validators PASS"
"G2-05","G3_START","STATE_MACHINES","HRM/PER/TIM/PAY/SYS command·state·guard·CAS·idempotency·event·error·recovery 설계","ROLE.HRIS_HRM_ENGINEERING|ROLE.HRIS_PER_ENGINEERING|ROLE.HRIS_PAY_ENGINEERING|ROLE.HRIS_TIM_ENGINEERING|ROLE.HRIS_SYS_ENGINEERING","CLOSED_INTERNAL","CORE_G3","session-evidence/hrm/g2-readiness/state-guard-idempotency-recovery.md; session-evidence/per/g2-readiness/state-guard-idempotency-recovery.md; session-evidence/tim/g2-runtime-controls.md; session-evidence/pay/g2-runtime-controls.md; session-evidence/sys/g2-state-machines.md; module validators PASS"
"G2-06","BEFORE_BACKEND_DEPENDENCY_CHANGE","BACKEND_DEPENDENCY_GOVERNANCE","backend baseline 대비 신규·변경 dependency의 vulnerability·license·notice·source-offer·transitive 영향 검토","ROLE.OSS_COMPLIANCE|ROLE.SECURITY_AUTHORITY|ROLE.ARCHITECTURE_AUTHORITY","CONDITIONAL_ON_CHANGE","ONLY_SLICES_CHANGING_BACKEND_DEPENDENCIES","baseline/current CycloneDX diff; vulnerability report; license/notice/source-offer 판정; 승인 decision ID"
"G5-01","G5A_START","DESIGN_CHANNEL","Design AI 채널·editable 원본 형식·project 위치·반환 규격 확정","DESIGN_OWNER|ROLE.PROGRAM_OWNER","FUTURE_G5_GATE","DESIGN_HANDOFF_ONLY_NOT_G3","tool/project 링크와 인수 checklist"
"G5-02","G5A_START","PRIVACY_EXPORT","외부 AI 반출·PII 금지·비가역 마스킹·asset license 정책 승인","ROLE.PRIVACY_AUTHORITY|ROLE.SECURITY_AUTHORITY|ROLE.LEGAL_SOURCE_RIGHTS","FUTURE_G5_GATE","DESIGN_HANDOFF_ONLY_NOT_G3","approved export policy and capture checklist"
"G5-03","G5A_START","DESIGN_FIXTURES","persona·scope·정상/오류 상태용 synthetic fixture와 승인 capture 환경","ROLE.QA_EVIDENCE|FRONTEND_ENGINEERING|DOMAIN_OWNERS","FUTURE_G5_GATE","DESIGN_HANDOFF_ONLY_NOT_G3","fixture catalog; test identities; capture audit"
"G5-04","G5B_START","DESIGN_ACCEPTANCE","모듈별 대표 workbench landing/overview 및 화면군 채택·수정·보류 owner·SLA 확정(`/hr/home`은 SYS 단일 소유)","USER|ROLE.PROGRAM_OWNER|DESIGN_OWNER","FUTURE_G5_GATE","DESIGN_ACCEPTANCE_ONLY_NOT_G3","approval workflow; decision log; SLA"
"G6-01","G6_PRODUCTION_ACTIVATION","PRODUCTION_ACCEPTANCE","실제 국가팩·연계·tenant 설정·고객 UAT·용량/SLO/DR·secret·Security/Privacy/DBA/업무/운영 실명 승인","ROLE.PROGRAM_OWNER|ROLE.SECURITY_AUTHORITY|ROLE.PRIVACY_AUTHORITY|ROLE.DBA_AUTHORITY|DOMAIN_PRODUCT_OWNERS|CUSTOMER_OWNER","NOT_AUTHORIZED_G6","AFFECTED_CAPABILITY_CONNECTOR_TENANT_OR_PRODUCTION_ONLY","coding-readiness/activation-gate-register.csv; 모든 해당 activation gate CLOSED 및 named approval 전에 fail-closed"
"G6-02","G6_PRODUCTION_ACTIVATION","RUNTIME_SERVICE_IDENTITY","Add explicit production readiness identity, secret, endpoint, and transport guards for dwp-time-server and dwp-payroll-server","ROLE.INTEGRATION_CONTROL|ROLE.SECURITY_AUTHORITY|ROLE.SRE_RELEASE|ROLE.HRIS_TIM_PRODUCT_OWNER|ROLE.HRIS_PAY_PRODUCT_OWNER","NOT_AUTHORIZED_G6","TIM_PAY_PRODUCTION_RUNTIME_ONLY","dwp-core ProductionReadinessAutoConfiguration and negative/positive tests; unsupported service identity remains fail-closed until this gate closes"
"G6-03","G6_PRODUCTION_ACTIVATION","DB_IDENTITY_ADOPTION","Adopt per-service production migration and runtime database identities through a Control-only credential cutover with inventory, history digest, restore point, strict restart, rollback rehearsal, and named DBA/Security approval","ROLE.INTEGRATION_CONTROL|ROLE.DBA_AUTHORITY|ROLE.SECURITY_AUTHORITY|ROLE.SRE_RELEASE","NOT_AUTHORIZED_G6","ALL_PRODUCTION_DATABASE_SERVICES","coding-readiness/activation-gate-register.csv#ACT-G6-DB-IDENTITY-ADOPTION; no production identity cutover is authorized before exact receipts and named approval"
"G6-04","G6_PRODUCTION_ACTIVATION","RUNTIME_MIGRATION_CREDENTIAL_REMOVAL","Run migrations as an external Control/Flyway job and prove the runtime artifact and environment contain no migration datasource or credential before production activation","ROLE.INTEGRATION_CONTROL|ROLE.DBA_AUTHORITY|ROLE.SECURITY_AUTHORITY|ROLE.SRE_RELEASE","NOT_AUTHORIZED_G6","ALL_PRODUCTION_RUNTIME_ARTIFACTS","coding-readiness/activation-gate-register.csv#ACT-G6-RUNTIME-NO-MIGRATION-CREDENTIALS; G3 dual-datasource bootstrap does not authorize production co-residency"
"G6-05","G6_PRODUCTION_ACTIVATION","APPROVAL_LEGACY_ROLE_HARDENING_RECOVERY","For every existing Approval production database whose roles may retain the V24-era INHERIT state, execute an approved one-time NOINHERIT role and ACL hardening recovery; use rolinherit=false conversion or a controlled role rebuild and prove principal, membership, ownership, cluster/database ACL, schema-history, restart, restore, and rollback evidence","ROLE.INTEGRATION_CONTROL|ROLE.DBA_AUTHORITY|ROLE.SECURITY_AUTHORITY|ROLE.SRE_RELEASE","NOT_AUTHORIZED_G6","AFFECTED_EXISTING_APPROVAL_PRODUCTION_DATABASES_ONLY","coding-readiness/activation-gate-register.csv#ACT-G6-APPROVAL-LEGACY-ROLE-HARDENING; fresh or disposable G3 databases remain non-blocking, but an affected Approval production database remains fail-closed until all recovery receipts and named DBA/Security/SRE release approval are complete"
