decision_id,session_id,scope,decision_type,question,options,proposed_decision,status,owner_role,consulted_role_ids,due_at,blocking_gate,blocking_scope,evidence_refs,resolution,decided_at,notes
DEC-SYS-001,HRIS-SYS,IDENTITY,SOURCE_TO_TARGET_DISPOSITION,How should legacy SYS identity behavior be represented in universal DWP HRIS?,REUSE|REBUILD|CONFIGURE|EXTENSION|RETIRE,REUSE,DECIDED,ROLE.HRIS_SYS_PRODUCT_OWNER,ROLE.HRIS_SYS_SME|ROLE.ARCHITECTURE_AUTHORITY|ROLE.SECURITY_AUTHORITY|ROLE.PRIVACY_AUTHORITY|ROLE.DBA_AUTHORITY,,G2_CODE_GO,SYS_IDENTITY,session-evidence/sys/g1-characterization.md|session-evidence/sys/g2-implementation-contract.md,"REUSE as DWP.IDENTITY.PRODUCT_ACCESS; Replace legacy menu/user ACL screens with versioned app entitlement, access package, atomic duty, scope/field policy and SoD projection.",2026-09-10T02:05:06Z,Engineering code readiness decision; customer parity and production activation evidence remain separate gates.
DEC-SYS-002,HRIS-SYS,TENANT,SOURCE_TO_TARGET_DISPOSITION,How should legacy SYS tenant behavior be represented in universal DWP HRIS?,REUSE|REBUILD|CONFIGURE|EXTENSION|RETIRE,REUSE,DECIDED,ROLE.HRIS_SYS_PRODUCT_OWNER,ROLE.HRIS_SYS_SME|ROLE.ARCHITECTURE_AUTHORITY|ROLE.SECURITY_AUTHORITY|ROLE.PRIVACY_AUTHORITY|ROLE.DBA_AUTHORITY,,G2_CODE_GO,SYS_TENANT,session-evidence/sys/g1-characterization.md|session-evidence/sys/g2-implementation-contract.md,REUSE as DWP.TENANT.ENTERPRISE_DIRECTORY; Reuse DWP tenant and People enterprise masters; remove duplicated SYS employee and organization stores and consume versioned projections.,2026-09-10T02:05:06Z,Engineering code readiness decision; customer parity and production activation evidence remain separate gates.
DEC-SYS-003,HRIS-SYS,REFERENCE,SOURCE_TO_TARGET_DISPOSITION,How should legacy SYS reference behavior be represented in universal DWP HRIS?,REUSE|REBUILD|CONFIGURE|EXTENSION|RETIRE,CONFIGURE,DECIDED,ROLE.HRIS_SYS_PRODUCT_OWNER,ROLE.HRIS_SYS_SME|ROLE.ARCHITECTURE_AUTHORITY|ROLE.SECURITY_AUTHORITY|ROLE.PRIVACY_AUTHORITY|ROLE.DBA_AUTHORITY,,G2_CODE_GO,SYS_REFERENCE,session-evidence/sys/g1-characterization.md|session-evidence/sys/g2-implementation-contract.md,"CONFIGURE as HRIS.CONFIG.REFERENCE_DATA; Consolidate list/detail screens into a typed, effective-dated reference-data studio with validation, simulation, approval and publish lifecycle.",2026-09-10T02:05:06Z,Engineering code readiness decision; customer parity and production activation evidence remain separate gates.
DEC-SYS-004,HRIS-SYS,AUTOMATION,SOURCE_TO_TARGET_DISPOSITION,How should legacy SYS automation behavior be represented in universal DWP HRIS?,REUSE|REBUILD|CONFIGURE|EXTENSION|RETIRE,REBUILD,DECIDED,ROLE.HRIS_SYS_PRODUCT_OWNER,ROLE.HRIS_SYS_SME|ROLE.ARCHITECTURE_AUTHORITY|ROLE.SECURITY_AUTHORITY|ROLE.PRIVACY_AUTHORITY|ROLE.DBA_AUTHORITY,,G2_CODE_GO,SYS_AUTOMATION,session-evidence/sys/g1-characterization.md|session-evidence/sys/g2-implementation-contract.md,"REBUILD as DWP.AUTOMATION.CONTROL_PLANE; Replace class/method-driven batch execution with signed versioned job manifests, schema-validated parameters, leases, idempotent attempts, retry/DLQ and immutable receipts.",2026-09-10T02:05:06Z,Engineering code readiness decision; customer parity and production activation evidence remain separate gates.
DEC-SYS-005,HRIS-SYS,INTEGRATION,SOURCE_TO_TARGET_DISPOSITION,How should legacy SYS integration behavior be represented in universal DWP HRIS?,REUSE|REBUILD|CONFIGURE|EXTENSION|RETIRE,REBUILD,DECIDED,ROLE.HRIS_SYS_PRODUCT_OWNER,ROLE.HRIS_SYS_SME|ROLE.ARCHITECTURE_AUTHORITY|ROLE.SECURITY_AUTHORITY|ROLE.PRIVACY_AUTHORITY|ROLE.DBA_AUTHORITY,,G2_CODE_GO,SYS_INTEGRATION,session-evidence/sys/g1-characterization.md|session-evidence/sys/g2-implementation-contract.md,"REBUILD as DWP.INTEGRATION.CONTROL_PLANE; Replace FTP/data-sync/bulk screens with adapter registry, secret references, allowlisted endpoints, mapping versions, quarantine, replay and reconciliation receipts.",2026-09-10T02:05:06Z,Engineering code readiness decision; customer parity and production activation evidence remain separate gates.
DEC-SYS-006,HRIS-SYS,WORKFLOW,SOURCE_TO_TARGET_DISPOSITION,How should legacy SYS workflow behavior be represented in universal DWP HRIS?,REUSE|REBUILD|CONFIGURE|EXTENSION|RETIRE,REUSE,DECIDED,ROLE.HRIS_SYS_PRODUCT_OWNER,ROLE.HRIS_SYS_SME|ROLE.ARCHITECTURE_AUTHORITY|ROLE.SECURITY_AUTHORITY|ROLE.PRIVACY_AUTHORITY|ROLE.DBA_AUTHORITY,,G2_CODE_GO,SYS_WORKFLOW,session-evidence/sys/g1-characterization.md|session-evidence/sys/g2-implementation-contract.md,REUSE as DWP.APPROVAL.WORKFLOW; Map HRIS approval semantics to the DWP approval service; keep domain command guards and evidence in the owner service instead of duplicating an approval engine.,2026-09-10T02:05:06Z,Engineering code readiness decision; customer parity and production activation evidence remain separate gates.
DEC-SYS-007,HRIS-SYS,COMMUNICATION,SOURCE_TO_TARGET_DISPOSITION,How should legacy SYS communication behavior be represented in universal DWP HRIS?,REUSE|REBUILD|CONFIGURE|EXTENSION|RETIRE,REUSE,DECIDED,ROLE.HRIS_SYS_PRODUCT_OWNER,ROLE.HRIS_SYS_SME|ROLE.ARCHITECTURE_AUTHORITY|ROLE.SECURITY_AUTHORITY|ROLE.PRIVACY_AUTHORITY|ROLE.DBA_AUTHORITY,,G2_CODE_GO,SYS_COMMUNICATION,session-evidence/sys/g1-characterization.md|session-evidence/sys/g2-implementation-contract.md,REUSE as DWP.COMMUNICATION.TEMPLATES; Reuse DWP notification/template delivery and audit; domain services emit intent events and never invoke legacy direct mail/notification send controllers.,2026-09-10T02:05:06Z,Engineering code readiness decision; customer parity and production activation evidence remain separate gates.
DEC-SYS-008,HRIS-SYS,EXPERIENCE,SOURCE_TO_TARGET_DISPOSITION,How should legacy SYS experience behavior be represented in universal DWP HRIS?,REUSE|REBUILD|CONFIGURE|EXTENSION|RETIRE,REBUILD,DECIDED,ROLE.HRIS_SYS_PRODUCT_OWNER,ROLE.HRIS_SYS_SME|ROLE.ARCHITECTURE_AUTHORITY|ROLE.SECURITY_AUTHORITY|ROLE.PRIVACY_AUTHORITY|ROLE.DBA_AUTHORITY,,G2_CODE_GO,SYS_EXPERIENCE,session-evidence/sys/g1-characterization.md|session-evidence/sys/g2-implementation-contract.md,"REBUILD as HRIS.EXPERIENCE.COMPOSITION; Reuse the governed DWP HomePreference surface with fixed hcm-home compatibility key, a role/scope widget dashboard and a separate governed work explorer; remove free-form portal/page/menu composition as an authorization source.",2026-09-10T02:05:06Z,Engineering code readiness decision; customer parity and production activation evidence remain separate gates.
DEC-SYS-009,HRIS-SYS,AUDIT,SOURCE_TO_TARGET_DISPOSITION,How should legacy SYS audit behavior be represented in universal DWP HRIS?,REUSE|REBUILD|CONFIGURE|EXTENSION|RETIRE,REUSE,DECIDED,ROLE.HRIS_SYS_PRODUCT_OWNER,ROLE.HRIS_SYS_SME|ROLE.ARCHITECTURE_AUTHORITY|ROLE.SECURITY_AUTHORITY|ROLE.PRIVACY_AUTHORITY|ROLE.DBA_AUTHORITY,,G2_CODE_GO,SYS_AUDIT,session-evidence/sys/g1-characterization.md|session-evidence/sys/g2-implementation-contract.md,"REUSE as DWP.GOVERNANCE.AUDIT_EVIDENCE; Consolidate access, API, export, file and delivery history into purpose-bound immutable evidence views with masking, retention and controlled export.",2026-09-10T02:05:06Z,Engineering code readiness decision; customer parity and production activation evidence remain separate gates.
DEC-SYS-010,HRIS-SYS,DATA_GOVERNANCE,SOURCE_TO_TARGET_DISPOSITION,How should legacy SYS data_governance behavior be represented in universal DWP HRIS?,REUSE|REBUILD|CONFIGURE|EXTENSION|RETIRE,REBUILD,DECIDED,ROLE.HRIS_SYS_PRODUCT_OWNER,ROLE.HRIS_SYS_SME|ROLE.ARCHITECTURE_AUTHORITY|ROLE.SECURITY_AUTHORITY|ROLE.PRIVACY_AUTHORITY|ROLE.DBA_AUTHORITY,,G2_CODE_GO,SYS_DATA_GOVERNANCE,session-evidence/sys/g1-characterization.md|session-evidence/sys/g2-implementation-contract.md,"REBUILD as DWP.DATA.GOVERNANCE; Replace physical table/vendor/domain access screens with governed data-product catalog, purpose, classification, retention and policy-based report access.",2026-09-10T02:05:06Z,Engineering code readiness decision; customer parity and production activation evidence remain separate gates.
DEC-SYS-011,HRIS-SYS,FILES,SOURCE_TO_TARGET_DISPOSITION,How should legacy SYS files behavior be represented in universal DWP HRIS?,REUSE|REBUILD|CONFIGURE|EXTENSION|RETIRE,REBUILD,DECIDED,ROLE.HRIS_SYS_PRODUCT_OWNER,ROLE.HRIS_SYS_SME|ROLE.ARCHITECTURE_AUTHORITY|ROLE.SECURITY_AUTHORITY|ROLE.PRIVACY_AUTHORITY|ROLE.DBA_AUTHORITY,,G2_CODE_GO,SYS_FILES,session-evidence/sys/g1-characterization.md|session-evidence/sys/g2-implementation-contract.md,"REBUILD as DWP.OBJECT.CONTROLLED_TRANSFER; Use object references, malware scanning, digest, expiry, encrypted transfer and download audit; never store credentials or arbitrary paths in HRIS configuration.",2026-09-10T02:05:06Z,Engineering code readiness decision; customer parity and production activation evidence remain separate gates.
DEC-SYS-012,HRIS-SYS,OPERATIONS,SOURCE_TO_TARGET_DISPOSITION,How should legacy SYS operations behavior be represented in universal DWP HRIS?,REUSE|REBUILD|CONFIGURE|EXTENSION|RETIRE,REUSE,DECIDED,ROLE.HRIS_SYS_PRODUCT_OWNER,ROLE.HRIS_SYS_SME|ROLE.ARCHITECTURE_AUTHORITY|ROLE.SECURITY_AUTHORITY|ROLE.PRIVACY_AUTHORITY|ROLE.DBA_AUTHORITY,,G2_CODE_GO,SYS_OPERATIONS,session-evidence/sys/g1-characterization.md|session-evidence/sys/g2-implementation-contract.md,"REUSE as DWP.OPERATIONS.OBSERVABILITY; Project domain errors, health, SLO and correlation traces into a common operations center; keep detailed recovery commands in the owning domain.",2026-09-10T02:05:06Z,Engineering code readiness decision; customer parity and production activation evidence remain separate gates.
DEC-SYS-013,HRIS-SYS,RETIRE,SOURCE_TO_TARGET_DISPOSITION,How should legacy SYS retire behavior be represented in universal DWP HRIS?,REUSE|REBUILD|CONFIGURE|EXTENSION|RETIRE,RETIRE,DECIDED,ROLE.HRIS_SYS_PRODUCT_OWNER,ROLE.HRIS_SYS_SME|ROLE.ARCHITECTURE_AUTHORITY|ROLE.SECURITY_AUTHORITY|ROLE.PRIVACY_AUTHORITY|ROLE.DBA_AUTHORITY,,G2_CODE_GO,SYS_RETIRE,session-evidence/sys/g1-characterization.md|session-evidence/sys/g2-implementation-contract.md,"RETIRE as DWP.PLATFORM.RETIRED_LEGACY_PATH; Retire legacy duplicate, direct-send, vendor-specific or security-sensitive path after its supported replacement and retention/export obligations are verified.",2026-09-10T02:05:06Z,Engineering code readiness decision; customer parity and production activation evidence remain separate gates.
